video,window_id,window_start_sec,window_end_sec,label,mean_speed,max_speed,speed_std,mean_acceleration,max_acceleration,max_speed_drop,mean_speed_drop,min_pair_distance,mean_pair_distance,max_iou,mean_iou,max_approach_rate,mean_approach_rate,max_approach_acceleration,mean_approach_acceleration,max_direction_change,mean_direction_change,max_vehicle_count,mean_vehicle_count
accident01.mp4,0,0.0,1.0,0,0.4110711337524509,3.363030366806447,0.2300354288692315,0.2636422535795375,1.7507939282813072,1.6209554464447722,0.14531432893739774,0.18412191682362283,548.5628909666742,0.969351589679718,0.016445754980668425,2.195797962995357,-0.06036085759083663,2.4420508023624734,0.0009268506410145908,179.91460671508736,50.528887085772226,8,6.566666666666666
accident01.mp4,1,0.5,1.5,0,0.33915929022577934,1.9221995770642932,0.1329692724454821,0.20774661099529848,1.499077912562166,1.2231018496490964,0.11044753844812992,1.392942030017787,226.23164028129491,0.969351589679718,0.010222943499684334,2.051683130647234,-0.04769389137706325,2.1715259089337735,-0.007591653765756993,179.91460671508736,61.2850734948827,8,6.5
accident01.mp4,2,1.0,2.0,0,0.33088876361683844,2.1689340950969083,0.1346428782377675,0.19620092639510786,1.9473618228106053,1.9473618228106053,0.10054668583759298,42.904389668530314,231.17039018302285,0.029654081910848618,0.001417546416632831,2.3032906823041515,0.05482071503922318,2.2211311764073685,-0.0007332794543363923,179.4488664308289,55.94384348529549,8,6.133333333333334
accident01.mp4,3,1.5,2.5,0,0.39315070789488143,2.1689340950969083,0.21087732177545498,0.2475470400531221,1.9473618228106053,1.9473618228106053,0.11627320538624732,43.10074774832056,246.3546440012636,0.027534758672118187,0.0006149038672447205,2.90679640371593,0.17767714060360135,2.2211311764073685,0.02974997997321124,179.4488664308289,46.279981616781775,8,5.666666666666667
accident01.mp4,4,2.0,3.0,0,0.506269353960702,2.1476145476363384,0.22957384186322338,0.275744165263465,1.2898558755847271,1.2898558755847271,0.13479753595553107,43.38919671527046,266.70769078423825,0.027534758672118187,4.3705967982532457e-05,2.90679640371593,0.4222582871961157,1.7759572457528634,0.00796932490244827,178.61856503497086,38.47518314598252,7,4.433333333333334
accident01.mp4,5,2.5,3.5,0,0.6671487084772733,2.628176779608037,0.22621545600119342,0.3113508607405369,1.91549215413021,1.5214476830958625,0.1542520899214617,6.619589009175821,263.1305738045578,0.6610732674598694,0.003536629257723689,3.603028942273397,0.630100115972675,2.2323887471089847,0.009538463063188406,173.40719781950455,33.20349660681672,6,4.3
accident01.mp4,6,3.0,4.0,1,0.8329695190609929,3.1638886083470252,0.2900264715159529,0.41814833154474246,1.9465662187231538,1.9465662187231538,0.20227842761498585,6.619589009175821,252.91300346158832,0.6610732674598694,0.004129885695874691,3.853095550286298,0.7007332043491263,2.351287881562655,0.023158045092144638,173.40719781950455,38.12728174408093,6,4.966666666666667
accident01.mp4,7,3.5,4.5,1,1.2160406530777637,12.85391578798077,0.7025971032986679,0.5642780293194466,8.526925002533883,6.15984328589089,0.2645254526040191,0.844190452218092,242.55761197175102,0.9892852902412415,0.0026399448979645967,15.392442916327695,0.9682850063366004,8.837837650341683,0.02800826547665449,167.71601051337504,38.6143000823188,8,6.0
accident01.mp4,8,4.0,5.0,1,1.0805761529249618,12.85391578798077,0.7745925609811029,0.5079466012095528,8.526925002533883,6.15984328589089,0.24713460351505784,0.844190452218092,234.80048110973345,0.9892852902412415,0.0039335559122264385,15.392442916327695,0.7387188924893925,8.837837650341683,0.020464975045830273,176.40002901080308,40.11980675378137,8,6.366666666666666
accident01.mp4,9,4.5,5.5,1,0.662168773762319,5.454442918151956,0.2980064418275759,0.40146357893271173,3.8873964696980874,3.569123249967647,0.22324630394059153,2.823472854569844,225.19459630700692,0.6786849498748779,0.003876553615555167,5.0430692366304015,0.1643522885850686,7.452702422423329,-0.03050492187859697,176.40002901080308,49.52513345827307,9,6.7
accident01.mp4,10,5.0,6.0,1,0.5455018737036258,5.454442918151956,0.2908252105957169,0.31813017700078944,3.8873964696980874,3.569123249967647,0.16833495373204516,2.823472854569844,212.96038822431254,0.6786849498748779,0.0038068746216595173,6.0157818071988345,0.08409720398509823,7.452702422423329,-0.033409415175225526,176.66688709881973,58.674666831131844,9,7.4
accident01.mp4,11,5.5,6.5,0,0.316767170711314,5.241936760824919,0.2113038402267278,0.1737691665117255,1.46237269028585,1.46237269028585,0.08949742368247647,3.2430494383038395,220.78167028857797,0.6117008924484253,0.0029008775018155575,6.0157818071988345,0.014021772911314826,4.641157905628717,-0.014754423710997158,178.05154373756193,53.86469433799561,9,6.766666666666667
accident01.mp4,12,6.0,7.0,0,0.2180084428871464,2.1591025529267966,0.12144923791268844,0.12270654978403679,1.9244256890789133,0.7860960482898118,0.0571601224533879,38.248084388296895,231.48593340682842,0.02967468835413456,0.002221390837803483,1.8347464506600772,-0.07738121636532196,1.8777302914462268,0.0011101138539712095,178.05154373756193,55.48122937653602,8,5.866666666666666
accident01.mp4,13,6.5,7.5,0,0.19822175783131307,2.1591025529267966,0.10990593907175951,0.10558332931064392,1.9244256890789133,0.8915481395886682,0.055452285960118065,38.248084388296895,226.76790132537346,0.030287548899650574,0.0020299358293414116,1.9258819731080052,-0.110063738394731,3.1512697090226425,0.006498963573654632,176.9572484799558,63.39527051588439,7,6.0
accident01.mp4,14,7.0,8.0,0,0.1674785022088187,2.0364758191738614,0.08667801243313764,0.09190384105987137,0.8915481395886682,0.8915481395886682,0.05171813458398335,39.296921680105996,217.9847108678129,0.030287548899650574,0.0015576030127704144,1.9258819731080052,-0.10087601660839683,3.1512697090226425,-0.0053185748459113,179.79726974453862,65.97939309924716,7,6.633333333333334
accident01.mp4,15,7.5,8.5,0,0.15485078135857222,1.1063501737413006,0.05026536608396881,0.08354782570710609,0.8222524387878849,0.8222524387878849,0.04007968628993262,45.506569118311866,201.6151568925396,0.027966225519776344,0.000706455553881824,1.059381956293933,-0.11673887261604028,0.8307839418318395,-0.005840182585856529,179.79726974453862,58.42600105359536,7,6.5
accident01.mp4,16,8.0,9.0,0,0.14468949131546557,1.0280022425002289,0.05390175623942525,0.07588717923148208,0.8222524387878849,0.8222524387878849,0.0372680486615296,44.73764845951408,191.74558196058015,0.025884278118610382,4.1086157580139115e-05,0.955063178516049,-0.08017830733510126,0.8307839418318395,0.004451512578513706,176.58783637765706,50.67340956434847,7,5.8
accident01.mp4,17,8.5,9.5,0,0.188581938981474,1.750006870768914,0.11229693177129087,0.10967760666416068,1.5920229747223003,1.0570806256793277,0.05223737795763574,35.074667870780075,202.89073867890437,0.026951100677251816,9.998727182392031e-05,2.1713404713522664,-0.025448597088908172,1.9345365716983167,0.017750899190334932,179.3010336407063,52.01917130857589,7,5.766666666666667
accident01.mp4,18,9.0,10.0,0,0.26936544194206397,1.750006870768914,0.10477427268275624,0.16421889989422042,1.5920229747223003,1.0570806256793277,0.07874882454949317,29.143656173336602,200.63839772723685,0.026951100677251816,0.00012886848708149046,2.1713404713522664,-0.07063422063454333,1.9345365716983167,-0.00848469600156856,179.3010336407063,49.36203234996774,7,6.266666666666667
accident01.mp4,19,9.5,10.5,0,0.27188490660463466,1.9775068572447831,0.10153185117291696,0.17538827446523203,1.1223187466375302,0.9913263721237211,0.0908065413259548,22.72661665298992,202.638656905467,0.033029574900865555,0.0004884769441559911,2.0121214151647564,-0.021543599564698937,1.6570137716679127,-0.008473291866160177,179.25501165524372,47.65813641330649,7,6.366666666666666
accident01.mp4,20,10.0,11.0,0,0.2369577341106391,3.4544103729820974,0.13846909894468193,0.18527525989752539,2.953970673736326,2.953970673736326,0.09210052729774885,21.99035137324897,224.74536636416798,0.033029574900865555,0.0004945775726810098,3.338682053181884,0.10721873852523181,2.751576334375642,0.020601885045475943,179.25501165524372,56.78129247067493,7,5.466666666666667
accident01.mp4,21,10.5,11.5,0,0.21909541691915066,3.4544103729820974,0.15108316843064706,0.20105180357084568,2.953970673736326,2.953970673736326,0.09770354870185051,21.99035137324897,225.72357442136743,0.022038523107767105,3.498178193694912e-05,3.338682053181884,0.09319018751089363,2.751576334375642,0.013411176435537112,177.82511972848297,63.307699265792955,7,4.866666666666666
accident02.mp4,0,0.0,1.0,0,0.34455925464600784,2.9527153145747946,0.20065751031141185,0.17840725537464985,2.6295127167073495,1.3598104870330636,0.09185347931401147,36.71840137352965,511.66024118175466,0.0,0.0,3.295067357244477,0.2894636356030895,3.0704241822362235,-0.02026493630650533,166.8855441711941,43.03421148147597,5,4.066666666666666
accident02.mp4,1,0.5,1.5,0,0.32674839539769873,2.9527153145747946,0.19199181304932175,0.19796621100114603,2.6295127167073495,1.3598104870330636,0.09887454224948285,33.156842472993276,203.1468924577184,0.0,0.0,3.295067357244477,0.1842268721339745,3.0704241822362235,-0.021493196244734204,179.4435641942221,54.46233106580192,6,4.566666666666666
accident02.mp4,2,1.0,2.0,0,0.7047291306752024,9.54341857098346,0.5375787096053428,0.24263053663558262,2.4345533670408086,2.4345533670408086,0.13116021866002964,3.5116188225598512,207.82905026427176,0.7169211506843567,0.008439053781330585,9.483303386367027,0.6924565151400848,2.767381278972607,-0.044840891274242005,179.4435641942221,52.54540177615884,7,5.433333333333334
accident02.mp4,3,1.5,2.5,0,1.4558554975914848,14.611921508605462,0.908856448370319,0.4055669946397692,7.101423248623697,7.101423248623697,0.19090370322330028,1.949915018662338,195.04374812728705,0.848436176776886,0.013156162574887276,15.039450542871208,1.853106918522489,6.688815842977846,0.00846239294402946,176.02107109647494,53.85224519516494,7,5.866666666666666
accident02.mp4,4,2.0,3.0,0,1.796302718177557,14.611921508605462,0.8277383876748321,0.44027647837099476,7.101423248623697,7.101423248623697,0.21063081920803797,1.949915018662338,199.51637833598826,0.848436176776886,0.0077671753242611885,15.039450542871208,1.8468156615759332,6.688815842977846,-0.02615221207283976,176.02107109647494,51.1631496983762,6,4.933333333333334
accident02.mp4,5,2.5,3.5,0,1.7134503535811805,7.577926191599135,0.47409401067015977,0.4820792063138117,4.238631270094849,3.751289363513377,0.22466471925276396,34.874930874026376,213.64583685290393,0.07028155773878098,0.005003755446523428,7.723838004302138,1.1949076613125025,2.554270847767434,-0.07386502920816304,171.437183360658,41.40231515888461,7,4.7
accident02.mp4,6,3.0,4.0,0,2.009418398680642,6.276843244977671,0.7109444773236209,0.5636659884502849,4.238631270094849,3.751289363513377,0.27632407665984343,46.448927585541234,556.2613013450895,0.07028155773878098,0.002083485402787725,7.766994715401893,2.0492788494986183,2.554270847767434,-0.28181937735818335,171.437183360658,31.251373181739794,7,4.166666666666667
accident02.mp4,7,3.5,4.5,0,2.4225959087253246,7.5653520797655505,0.6352856193369913,0.49684861726772245,2.8453653794739093,2.8453653794739093,0.2739197541969998,53.55566645205267,596.7229543494668,0.02336355671286583,0.0001297975347066919,7.766994715401893,2.908721389390264,3.5810326614232793,-0.13255511221077174,159.2446649751621,28.297462679828143,5,3.4
accident02.mp4,8,4.0,5.0,0,2.606879502744979,8.455966007782798,0.5655562955622031,0.5010147400274022,7.457470131095909,3.3446462012930525,0.24423914137371688,52.088563203984,249.97623038054604,0.0,0.0,13.527442789600855,2.9064181633122925,8.361870704717262,0.04148743806051577,176.13999771079273,32.52002187209539,6,4.133333333333334
accident02.mp4,9,4.5,5.5,1,2.003398460372254,8.455966007782798,0.8746853261402335,0.39921948407484104,7.457470131095909,3.3446462012930525,0.20358163234471222,41.270307150649806,204.88560664506855,0.13436245918273926,0.0006817792891524732,13.527442789600855,2.107552059016304,8.361870704717262,-0.1281089347094633,176.31679578709023,36.95334363612797,7,4.8
accident02.mp4,10,5.0,6.0,1,1.1507894127826723,4.656036110976439,0.294101468907194,0.26580278191854995,1.617341122532517,1.617341122532517,0.14696137864435305,0.14538852311044234,204.32575571443442,0.9710382223129272,0.005895914509892464,4.62057457514004,1.084766572340444,1.4273216532415631,-0.04914080808325459,176.31679578709023,36.95637839860889,7,5.233333333333333
accident02.mp4,11,5.5,6.5,1,0.8893707774133344,3.1348175083899585,0.2430520977907588,0.255875632602429,1.617341122532517,1.617341122532517,0.13664686515700442,0.061311631581638666,196.20498673829636,0.991628110408783,0.024963753297924995,2.7266335740234524,0.6916262172138807,1.5723661153869557,-0.014605710815644954,168.38169918505875,33.138219839315994,8,5.833333333333333
accident02.mp4,12,6.0,7.0,1,0.7748149785505312,5.419228327612127,0.23371963708072166,0.2784062160603819,3.3707546139552154,3.3707546139552154,0.1416609962595108,0.061311631581638666,193.88817567065678,0.991628110408783,0.04241466149687767,5.2677734343319855,0.44249825257207276,2.2111540392495925,0.008452099096553117,179.71074985980758,41.75264811512911,9,6.6
accident02.mp4,13,6.5,7.5,1,0.850173510776779,5.419228327612127,0.2683419031859465,0.36170355454800507,3.3707546139552154,3.3707546139552154,0.18017739265633798,0.012788658653622272,211.53571848208287,0.9981376528739929,0.043098315596580505,5.769975081161533,0.5619226295717108,3.7199223595053645,0.003939390977556276,179.71074985980758,47.93665242785804,9,6.933333333333334
accident02.mp4,14,7.0,8.0,1,1.0224950041098853,5.441832860262256,0.26329452933375713,0.3203748806852635,3.107842760748552,3.107842760748552,0.16739958034765504,0.012788658653622272,216.98462098885096,0.9981376528739929,0.023364651948213577,5.769975081161533,0.8629263748306449,3.7199223595053645,-0.013557536448936631,177.57523051540693,44.0350045831256,8,6.566666666666666
accident02.mp4,15,7.5,8.5,1,1.0774614470683648,5.441832860262256,0.2197382209669574,0.26457974669452894,1.2869324496537522,1.0738589462111618,0.1411754845839579,0.263536072126321,217.39124609833377,0.97215735912323,0.030471181496977806,5.430676414537174,1.118160689954337,1.1348799083665426,-0.05978511755763802,178.5715477802517,45.96236411453822,7,5.533333333333333
accident02.mp4,16,8.0,9.0,0,0.9530052851854773,5.428519552179078,0.23750522184233425,0.31199153148732095,3.4891415383491995,3.4891415383491995,0.16960454357710025,0.263536072126321,228.93467337975932,0.97215735912323,0.02827676199376583,5.24124927975447,0.77547312403415,8.683950795796775,-0.04237360092906725,178.5715477802517,50.95219002014774,7,4.833333333333333
accident02.mp4,17,8.5,9.5,0,0.8636332594945174,5.428519552179078,0.24312953946815966,0.31911176532575347,3.4891415383491995,3.4891415383491995,0.16784032184875747,2.99369313603155,170.43939152732793,0.7064498066902161,0.002306843874976039,5.24124927975447,0.5505672927987468,8.683950795796775,-0.009431288826360714,179.3801941066827,42.28444244133292,7,4.633333333333334
accident03.mp4,0,0.0,1.0,0,4.275423008684712,13.438346306633502,1.8626981347186662,1.795021986304725,8.466499751160221,8.466499751160221,0.9218554873331559,12.494350051772027,557.0914426923448,0.602837324142456,0.1252648557225863,8.50409218431173,0.3430755034781949,7.9906233445585855,0.0975884416746502,131.09459592415436,16.662637122936445,7,4.966666666666667
accident03.mp4,1,0.5,1.5,0,2.667844552150633,12.010318593147593,2.3789705868474784,1.1826261461167842,7.959219347088754,7.869187558114852,0.6082823290602211,12.494350051772027,1837.6895720314942,0.602837324142456,0.07118203168114026,5.869674773736932,0.053847731923613,7.469325422434622,-0.008738716315856498,160.25134365349993,28.233816138866857,7,4.133333333333334
accident03.mp4,2,1.0,2.0,0,0.7957377238611187,7.535452434445081,1.1224506983229692,0.5561391477347148,5.435392707223274,4.634279911201103,0.2843358667782652,16.648437983242342,1782.2863092976415,0.5837041139602661,0.012723364929358164,5.038222984253689,0.6382786435274814,7.469325422434622,0.04040277267511006,160.25134365349993,33.62656526205044,6,2.2
accident03.mp4,3,1.5,2.5,0,0.7335156971387483,3.0117624356744863,0.43903389591604436,0.45407644691762833,2.102317955038596,2.102317955038596,0.21578450619336434,0.14596021412278812,154.1616202444453,0.8218275904655457,0.009046890772879124,3.9137017778871837,1.1042471454336455,2.349797883282349,0.01963150370543316,122.12448833856735,19.525785887197255,4,2.2333333333333334
accident03.mp4,4,2.0,3.0,0,1.0200704423596283,4.637801717983189,0.5387913697160609,0.5045096329727486,3.2075331627622647,3.2075331627622647,0.26231442169459146,0.14596021412278812,234.12982792023433,0.8218275904655457,0.009046890772879124,5.445709672240866,1.4543017003144483,3.572373564008558,-0.06234878225039669,49.817727817412816,13.159715950591833,4,2.6666666666666665
accident03.mp4,5,2.5,3.5,0,1.5670764062101523,7.9554818998408345,1.0874866156768468,1.0941588410274639,7.316286216749282,3.6176472521401677,0.5025784650021565,62.427606350030324,283.8557328036948,0.0019685218576341867,2.1872465367778204e-05,10.33260253082392,2.051204860666195,9.47846575095258,0.11372077617778958,49.817727817412816,13.747509331301055,3,2.933333333333333
accident03.mp4,6,3.0,4.0,0,2.232500968186895,7.9554818998408345,1.3167476133908238,1.5444709400195735,7.316286216749282,3.7754066957102888,0.7562239747907188,56.126513397667864,267.0023205672463,0.0019685218576341867,3.0195760700735264e-05,10.91625733662653,2.5177525091764488,10.027889841374986,0.00116061086054966,45.08541432169904,7.940890570968496,3,2.933333333333333
accident03.mp4,7,3.5,4.5,0,2.653931651480917,7.615330305163161,1.1483507681539034,1.3870761359329147,7.027098829662449,3.7754066957102888,0.7116052712882351,56.126513397667864,260.7491210543399,0.000749096623621881,8.323296242451761e-06,10.91625733662653,1.8234566769216785,10.027889841374986,-0.15435971045575597,55.087296063155634,5.488297266829172,4,3.2666666666666666
accident03.mp4,8,4.0,5.0,0,3.173108624489168,12.331357566281461,1.5026490179005827,1.7494292118240478,11.306228645085739,9.332087418865022,0.8290173036673084,65.57061412207759,268.02615439075583,0.0,0.0,12.000820892137483,1.4817300612847293,10.39170473275911,-0.14838333388477398,123.64173397941461,10.183880521475574,4,3.533333333333333
accident03.mp4,9,4.5,5.5,0,4.254872134895369,15.551500404636531,1.9717005724344567,2.385563809457172,11.57873008615556,9.332087418865022,1.184779665449752,122.73683405299818,269.5881773594366,0.0,0.0,14.585820022686704,1.1617699025124852,11.803394777839202,-0.23418007935781346,123.64173397941461,10.982996429566265,4,3.6
accident03.mp4,10,5.0,6.0,0,4.882980944672429,15.551500404636531,1.9050664332297977,2.1156642861850457,11.57873008615556,7.2031866030727985,1.0870668574935107,122.90553530018072,229.72249120324378,0.0,0.0,14.585820022686704,1.5801260058329618,11.803394777839202,-0.19623282568520828,44.713314825278275,6.126374043957684,4,3.3666666666666667
accident03.mp4,11,5.5,6.5,0,5.5048763132154965,26.764113845442026,2.9413977524331636,2.9268859096358564,22.639440715250696,22.639440715250696,1.4345923873384927,0.39913971362658685,182.83264455276094,0.9676337242126465,0.022323930636048317,25.145424309716134,3.008181050412541,22.648603899129256,-0.862156169225869,132.05360175962556,9.943472502028953,4,3.2666666666666666
accident03.mp4,12,6.0,7.0,0,5.005141228208089,26.764113845442026,2.9547800229586296,3.0343619382230007,22.639440715250696,22.639440715250696,1.525062204804326,0.39913971362658685,175.97855851891816,0.9676337242126465,0.024380071088671684,25.145424309716134,2.4157985094492345,22.648603899129256,-0.89653151868095,132.05360175962556,14.20505430155572,4,3.8
accident03.mp4,13,6.5,7.5,1,3.147384728724161,14.856365697540257,1.3551704974731456,1.58709215861347,11.681772181753622,8.207734808075317,0.8516526604121407,59.9867260307875,149.28975181538772,0.14188888669013977,0.0021683003287762403,14.145595132291675,0.9371835524948805,10.797486374158552,-0.1943770730926224,175.05973739718,15.153639196486296,5,3.7666666666666666
accident03.mp4,14,7.0,8.0,1,2.1291248433189027,7.664326411410617,0.9100084182028981,1.1334753672449742,5.434646479464113,4.70958896928523,0.590580161435713,0.4951869326160132,114.36096042653894,0.9562287926673889,0.02125808596611023,8.727525904522508,-0.15652041628838556,10.797486374158552,-0.061109891593808655,175.05973739718,14.530344056515144,5,3.3666666666666667
accident03.mp4,15,7.5,8.5,1,1.342608964893288,5.28393625456272,0.76985479385624,0.7681190093742869,4.059190424659956,3.307167616898166,0.41603626075294364,0.48920209244287627,109.01202640575427,0.974206805229187,0.03757183253765106,4.695058254867519,-0.5986995759410959,5.53963550785474,0.025934668941001323,171.71054734894557,27.09880095716649,4,3.1666666666666665
accident03.mp4,16,8.0,9.0,1,0.8975629618787612,6.342437410218778,0.5634862269475468,0.5317202890712777,5.863263405304378,2.4307367476846373,0.2595894713343257,0.4019474400697787,124.4687577353885,0.974206805229187,0.021565474569797516,4.695058254867519,-0.667685884570598,5.53963550785474,0.009899960273751701,171.71054734894557,42.65261294646642,4,3.0
accident03.mp4,17,8.5,9.5,1,0.7639924325167863,6.342437410218778,0.5560491444531552,0.47996826304237256,5.863263405304378,1.0617728680708391,0.18400219127777231,0.4019474400697787,145.57201247991642,0.9251224398612976,0.005139568820595741,3.2006099256676066,-0.44241923704115105,3.3786822433369252,-0.01742259139659995,178.1402017294676,56.923330071405616,4,2.933333333333333
accident03.mp4,18,9.0,10.0,1,0.5705595048378236,5.148662383120764,0.4188026497886639,0.413427593842177,4.9728817993695005,2.725922153633185,0.20750722588725926,80.83817776980105,158.33444748724645,0.0,0.0,3.2006099256676066,-0.08902679664957608,3.3786822433369252,-0.006213806205322714,178.1402017294676,57.590024627785404,3,3.0
accident03.mp4,19,9.5,10.5,1,0.40949709557050934,2.4227402294875793,0.28603476870786587,0.33368513671678457,2.725922153633185,2.725922153633185,0.2014609236106883,90.25697769601089,160.5381263647138,0.0,0.0,2.2372029359251258,-0.13117385200943568,2.1008126487882492,0.026461234968825905,173.8794478530365,50.96525031695396,3,3.0
accident03.mp4,20,10.0,11.0,1,0.33123723978590325,2.057967219243906,0.17964759005182343,0.27690644459949965,1.9097241737830748,1.2979252138386497,0.139457363634674,100.91103549753645,162.30719199932358,0.0,0.0,1.754678601138096,-0.08384704511326063,1.8531578211415933,0.025614049057177925,179.85189940573412,57.492727998847336,3,3.0
accident03.mp4,21,10.5,11.5,1,0.3543514191022578,2.057967219243906,0.16653441083568932,0.25283933293404737,1.9097241737830748,1.0390353878936083,0.12211524107212811,106.77126264931069,162.95417300414405,0.0,0.0,1.7184038333040803,-0.039567713498251715,2.724961240896107,-0.0027269026215967673,179.85189940573412,59.567782790977695,3,3.0
accident03.mp4,22,11.0,12.0,1,0.32224730346547015,1.7791983525989998,0.16429761195613302,0.2264126173726261,1.0534964916411609,1.0390353878936083,0.1161967257663398,116.49636225114705,163.45437546305,0.0,0.0,1.3630062907641047,-0.01427430743190807,2.724961240896107,-0.0001759830776537025,179.2857175271769,48.31713152348098,3,3.0
accident03.mp4,23,11.5,12.5,1,0.2474384565247248,1.1182262012249187,0.13976054772095897,0.1766816759326491,0.7592113130281465,0.5058241646487756,0.08417670555676392,122.2591315368959,186.5329195604649,0.0,0.0,0.8951990880337064,-0.052780410991088274,1.271512484208813,-0.03884281507967383,179.3081574903215,42.81541049557815,3,2.566666666666667
accident03.mp4,24,12.0,13.0,0,0.313595460467521,2.0246113602034237,0.24848279365751655,0.2717616640692325,1.6058217110886084,1.6058217110886084,0.12405130666040833,128.54764098297508,192.664926936079,0.0,0.0,0.4993315448851092,-0.3158066853350012,1.8199116540799878,-0.05172727419437612,179.3081574903215,44.84125303170217,3,2.5
accident04.mp4,0,0.0,1.0,0,1.3101662027761243,8.671681379164204,1.5154507283596839,0.9016066871166195,8.440407364611099,5.038924773887896,0.45601312571704594,41.05451589913091,634.7142073064944,0.29150453209877014,0.0028544373189409574,5.357946356941397,0.9015409405857383,4.199830365565219,0.03447051042459934,178.70902386950561,34.035503854220664,5,4.166666666666667
accident04.mp4,1,0.5,1.5,0,0.877461002833617,4.741374932270706,0.28476828685240035,0.3232604514151968,2.518119504411387,2.518119504411387,0.16425359809179826,78.71138685891076,358.21017365387837,0.0,0.0,4.862261164297763,0.7896553730068698,2.0381040684770824,0.005108772435436004,178.70902386950561,30.797620310541753,5,4.333333333333333
accident04.mp4,2,1.0,2.0,0,0.8825340186518347,3.28562837026428,0.2749173276685929,0.3253454817933599,2.299755339007215,2.299755339007215,0.15831908799023328,89.91031918553229,346.5546678418403,0.015140327624976635,0.0003078905865550041,4.880486289448527,0.8138588631223096,1.7574237567278033,0.014717503409771982,172.50380008089905,30.193701645959653,5,4.166666666666667
accident04.mp4,3,1.5,2.5,1,1.0652420027286194,3.8699465966682243,0.3583621582326905,0.3979881426074649,2.451243455495717,2.451243455495717,0.19329874868574576,133.8108653927108,332.6057306437946,0.047261495143175125,0.002964343875646591,5.770855138510683,1.0652246725325718,2.8976983622990247,0.010577920081216987,152.722647525998,31.33836679418964,5,4.033333333333333
accident04.mp4,4,2.0,3.0,1,1.3314924701911877,5.65092248231519,0.4176749924472255,0.45580018180103427,2.828618763237099,2.828618763237099,0.2192931892783929,133.8108653927108,313.86732910410495,0.06872039288282394,0.007591639179736376,6.723888383578128,1.384415787706383,3.3238435971794615,0.01028861004193401,164.4761909115754,28.812840486563555,5,4.033333333333333
accident04.mp4,5,2.5,3.5,1,1.5898241138022198,9.794848031237379,0.5234049204636511,0.5184584769055225,4.524336427975621,4.524336427975621,0.26487476881671496,47.770489634707936,311.0190978637371,0.22038820385932922,0.009165283292531967,14.202224199653983,1.4627805709210202,3.609935053091931,-0.02483613528740404,164.4761909115754,24.724851577736516,7,4.766666666666667
accident04.mp4,6,3.0,4.0,1,2.02947961321736,13.98152497963224,0.6927387541279824,0.6691799602565616,8.874167267213014,8.874167267213014,0.3440484893641803,0.19561471445874265,318.05301132821353,0.9973949193954468,0.01853509061038494,18.596713621412448,1.794196064792007,8.242553524151276,-0.06163937583520483,166.624728216332,20.26621099143926,10,7.233333333333333
accident04.mp4,7,3.5,4.5,1,1.96905052431649,13.98152497963224,0.7572911453042527,0.7495367139163913,8.874167267213014,8.874167267213014,0.3920466998713836,0.19561471445874265,306.92066761827584,0.9973949193954468,0.016990751028060913,18.596713621412448,1.6479850743922495,12.60689247197962,-0.0765214495749195,173.86640217674469,23.142078773848155,10,8.633333333333333
accident04.mp4,8,4.0,5.0,1,1.1342784771943937,11.006300313195029,0.6821583913032819,0.5745559550165475,7.688454692943187,7.688454692943187,0.3270499303556727,73.31391945804323,289.12555843772356,0.10122179239988327,0.006538036745041609,13.89457858409753,0.7885500898220436,12.60689247197962,-0.07750779015868588,176.10866030627008,32.798466505918626,9,8.333333333333334
accident04.mp4,9,4.5,5.5,1,0.5610228662524754,3.531394718463727,0.21897521282750845,0.2834784555456244,6.034422895254195,6.034422895254195,0.16611067904930626,0.29556206925649403,288.82488935537265,0.9898499846458435,0.007971357554197311,6.088062447909493,0.35289374608278745,6.781249782602174,-0.03147915402039792,176.40138177093814,42.16249700830256,10,8.733333333333333
accident04.mp4,10,5.0,6.0,1,0.4268965297287465,3.2729821080973904,0.11849278751084974,0.1862565031970588,1.5747476310601223,1.5708694357053163,0.09658685512016826,0.29556206925649403,294.7224124960484,0.9898499846458435,0.007070732302963734,3.2393294430818287,0.28342028801668767,1.8247175866172824,-0.005213996705474271,176.71168109218502,44.12570510633165,10,9.1
accident04.mp4,11,5.5,6.5,1,0.38473192269537654,3.8258372184765097,0.1640243435179646,0.17431480243523925,1.8624522187755668,1.5708694357053163,0.0750619029009513,0.07123908304519692,292.35670636349204,0.9912703037261963,0.008335410617291927,3.783939426992731,0.2985217367762138,1.8898288836767279,0.02030097976861182,177.64028584813988,48.80977950292212,11,9.333333333333334
accident04.mp4,12,6.0,7.0,0,0.38140053133622837,3.8258372184765097,0.16149236433277164,0.16853496285051806,1.8624522187755668,1.6456706179695155,0.07211800735102764,0.06410898021737085,288.3080539943775,0.9912703037261963,0.01110184844583273,3.783939426992731,0.2827266992058445,1.8898288836767279,0.019917439866089463,177.64028584813988,53.48905697779735,11,10.0
accident04.mp4,13,6.5,7.5,0,0.41105250421852946,3.954011403744426,0.14065855844424374,0.18252628745975136,3.053617908934042,1.6456706179695155,0.08877014015120394,0.06410898021737085,285.53541895910905,0.9804739952087402,0.00929309707134962,3.949872140282764,0.2680338743530513,3.1122290338934135,0.00432947468648225,177.69554611503946,51.09215048796831,11,10.233333333333333
accident04.mp4,14,7.0,8.0,0,0.4065193970542926,4.5253543847227995,0.16008924606216027,0.18550361135018137,3.053617908934042,1.3936007316380161,0.08497598473715377,0.19218498648628318,286.1232300861468,0.9804739952087402,0.0059356954880058765,4.514786339835496,0.2286922509593168,3.1122290338934135,0.004770661825033652,178.5134856214007,46.799997862969455,11,9.966666666666667
accident05.mp4,0,0.0,1.0,0,3.385414294101215,66.53920911958221,1.976959752087764,1.5079563112116552,53.8947589358693,12.154886554564257,0.6671118706085707,0.6664380628337424,231.56980562692243,0.9821917414665222,0.012359713204205036,56.60768507232149,-1.1697578490238185,45.13712965924276,-0.2905817921734957,168.7929479158446,19.80807498498403,9,7.633333333333334
accident05.mp4,1,0.5,1.5,0,2.6665716846456125,16.954085818578605,1.0375983539451992,1.108106844541467,13.648330361252551,9.422641257233234,0.5808736668942068,5.096996839577514,214.40748394994515,0.6154286861419678,0.0030451726634055376,16.633081008498465,-0.9965331912658261,13.531670585358114,-0.09412303026307894,168.7929479158446,20.37355644403843,8,7.0
accident05.mp4,2,1.0,2.0,0,1.7901567809038355,10.85437263769837,0.890536162273255,0.7731352714210264,6.602931745722374,5.763834604325183,0.4394862226168777,22.56867546358156,227.5177612102684,0.0635758489370346,0.0010719469282776117,8.17247149216331,-0.9007244959678984,8.905079695435916,0.09000242858239645,174.14635731509568,24.217809337073824,9,6.666666666666667
accident05.mp4,3,1.5,2.5,0,0.9720436335566848,6.99638847995767,0.5121876555248317,0.49487499347834984,4.517493329716137,2.8231101452544594,0.27146573918783884,22.56867546358156,241.85042407132642,0.0635758489370346,0.000622719875536859,5.062678238013177,-0.5275709100739454,5.296054312745241,0.07853113351664415,174.14635731509568,24.5352063846469,9,5.833333333333333
accident05.mp4,4,2.0,3.0,0,0.6446462513047154,2.959195328274908,0.26974685350577005,0.3346568966964024,1.8386498706241068,1.8386498706241068,0.18243615612470213,3.416342547480472,239.3201334295668,0.6093593835830688,0.0036083983723074198,2.360326006189922,-0.25294859921029017,1.850961437137741,0.02051183334879074,164.74944242536463,24.78343541762149,7,5.5
accident05.mp4,5,2.5,3.5,0,0.6336338579556252,3.90627888019324,0.25422263714117427,0.30589351144853727,2.444871196164565,2.444871196164565,0.15364488417564537,3.416342547480472,237.1434770169543,0.6093593835830688,0.003987736068665981,3.985485806292445,-0.22763754714647164,2.9513593688856474,-0.004297841461838997,176.1020821635825,31.83854304470372,7,6.1
accident05.mp4,6,3.0,4.0,0,1.2735836630127213,25.10676158986772,1.1992553713197203,0.5681590267451124,19.572426317710093,14.584143411808363,0.2619984888908869,22.689670368448237,242.9204418754684,0.06426981091499329,0.0009767352603375912,23.554114333541605,0.26601446976778237,18.301988159400565,-0.0015964843081340977,177.77202874170533,31.819908874987128,7,6.233333333333333
accident05.mp4,7,3.5,4.5,0,2.0037532775885354,25.10676158986772,1.321806940021862,0.8794055885574863,19.572426317710093,14.584143411808363,0.46306833629096383,7.229164070228326,256.42955131771595,0.5674178600311279,0.0019289824413135648,23.554114333541605,0.4843060038795646,18.301988159400565,-0.10779529333224008,177.77202874170533,30.022170098786162,9,6.4
accident05.mp4,8,4.0,5.0,0,1.7519756581985537,18.604306854113904,0.9892346290957419,0.8344156121729751,11.237200345167286,8.900813646267535,0.4575593834981135,7.229164070228326,255.5949421531629,0.6336061358451843,0.007958006113767624,17.062654002174014,-0.1513724223843505,14.738568298911531,-0.10357277530629395,174.87417554424187,35.68263781151143,9,7.0
accident05.mp4,9,4.5,5.5,0,1.1885439713203578,7.3950976108562685,0.4935682231626421,0.6420755143541529,6.483269374177952,4.32750459146432,0.33134108455542166,3.2632769139711173,254.25359929941172,0.7011535167694092,0.007461127825081348,7.439476165494455,-0.551562708791282,14.738568298911531,0.005706757274084619,174.87417554424187,39.3311554469421,9,7.233333333333333
accident05.mp4,10,5.0,6.0,0,1.908515782310245,23.66231111764413,1.4203230433487517,0.9870400233143448,18.625856144749775,13.193413400450499,0.48738215595466383,3.2632769139711173,261.3327221140947,0.7011535167694092,0.0023571138735860586,22.409971221992635,-0.365238796334691,17.584100086084504,-0.057735426647862687,179.0264924835028,32.19379326031571,9,7.3
accident05.mp4,11,5.5,6.5,1,3.4191214894623556,26.236753955021697,1.7542462332763002,1.4897270156989548,19.21933689075345,15.563600542022616,0.8213994403734887,40.78357862888981,249.65375210987582,0.1662270426750183,0.0015224074013531208,26.020413917101223,1.2548012169051297,18.97919023458593,-0.1836453534743834,179.0264924835028,22.391492466208526,9,6.933333333333334
accident05.mp4,12,6.0,7.0,1,2.9579354335434913,26.236753955021697,1.7850036874744786,1.252075553422555,19.21933689075345,15.563600542022616,0.7273529812953797,43.71435385215765,231.90460047225466,3.7942732888041064e-05,8.431718612200712e-08,26.020413917101223,1.3098566579130984,18.97919023458593,-0.1786138760819839,170.62311090952184,24.945710361584112,8,6.533333333333333
accident05.mp4,13,6.5,7.5,1,1.4542690937123255,13.483433592279704,0.8279279024624456,0.7239731827264777,10.937338491237181,6.672095555247355,0.37668559992645945,3.8513025388831013,243.38637229776157,0.6876584887504578,0.005617744754999876,12.917405602013389,-0.2790574177596365,10.601554550294424,-0.045803210486905256,178.9615177649556,32.6993194197159,8,7.033333333333333
accident05.mp4,14,7.0,8.0,1,1.6103715379116805,19.799262532950173,1.0523120131597625,0.7266900216368253,15.318395246292987,9.404155573475268,0.3777454904962046,3.8513025388831013,247.61595153066204,0.6876584887504578,0.007920144125819206,18.532356580960766,0.02646005130866159,14.788609662760848,0.036803221623052496,178.9615177649556,32.4992012015507,8,6.7
accident05.mp4,15,7.5,8.5,1,1.965608564651556,19.799262532950173,0.9759655317122392,0.8205790453727252,15.318395246292987,9.404155573475268,0.44565505505357045,4.047405994544319,232.14002337953508,0.6713666319847107,0.0023024831898510456,18.532356580960766,0.3753955890412909,14.788609662760848,-0.03262472242575495,177.41132188168447,28.080237710791835,7,6.133333333333334
accident05.mp4,16,8.0,9.0,0,1.4768236712139537,15.620778255419815,0.7078891338984253,0.583845799529662,8.597971899953226,6.44680017395658,0.32917685275380015,33.37441108361367,233.58645184243207,0.0,0.0,15.303683133070422,0.0274606956318962,7.671848998923878,-0.06467551424724423,178.68593854487239,24.32251281829398,8,6.233333333333333
accident05.mp4,17,8.5,9.5,0,1.1161383332090224,15.620778255419815,0.6697287938093223,0.4158429115299889,6.166113456893604,3.0721993751993653,0.20474174901362874,3.6721124393226865,255.33878103657,0.6923331618309021,0.002595748519524932,15.303683133070422,0.008508690561967895,6.166356394894194,0.00524151773771076,178.68593854487239,28.06476025564947,9,6.966666666666667
normal01.mp4,0,0.0,1.0010000000000001,0,1.685505505814332,8.992420485997108,0.5925011511882696,0.4114861982325858,3.751366309839788,1.5222935415142467,0.18013199154349774,44.76124184871485,501.9417824373071,0.0,0.0,2.4875242876447317,-1.9743905496717533,4.299780502678715,-0.035355819684255586,160.17478786143906,21.305551088745265,7,4.933333333333334
normal01.mp4,1,0.5005000000000001,1.5015,0,1.851547802412841,9.724037637048356,0.660086269331584,0.520464266032024,4.288422568024415,3.991218744321559,0.2587096053301426,53.24975420345835,197.15584629460983,0.0,0.0,2.4875242876447317,-2.102917901975226,4.9385555203569425,-0.006225457438842759,160.17478786143906,21.5132535732282,7,5.333333333333333
normal01.mp4,2,1.0010000000000001,2.0020000000000002,0,1.6791818916118826,9.724037637048356,0.7083799260419624,0.5235435250290907,4.288422568024415,3.991218744321559,0.25657908734202156,0.39155695487546255,170.20787032121225,0.9782698750495911,0.003260899567976594,1.463923307273319,-1.6091387777192574,4.9385555203569425,0.016868273365373533,155.54232956162892,21.180839759132656,7,4.6
normal01.mp4,3,1.5015,2.5025,0,1.681143785715684,6.014030630463363,0.4841088089057459,0.613050989513388,3.3486464870961545,1.683409212174408,0.2757541587220922,0.39155695487546255,150.1252370786208,0.9782698750495911,0.005694206338375807,0.975125482934672,-1.3394985633750447,2.6732935639511197,-0.021134279080933183,119.21550792728912,20.96106941489379,6,4.3
normal01.mp4,4,2.0020000000000002,3.003,0,1.9653660696719244,7.44747324729661,0.47181800141161395,0.6076746002562133,3.3486464870961545,2.265203458980174,0.27912024697435583,0.8761844840101237,176.34128655224131,0.9531299471855164,0.005456562619656324,2.0899508720519293,-1.7040196416091795,2.6732935639511197,-0.047329649255457,170.94722880356812,17.044391161802167,7,4.933333333333334
normal01.mp4,5,2.5025,3.5035000000000003,0,2.324130842343597,7.586955200687239,0.5343650164399882,0.48420153945069716,2.835015904288613,2.265203458980174,0.21906353950826454,0.8320702400384783,207.151520360255,0.9524734020233154,0.0047950129956007,2.0899508720519293,-2.333034371316393,3.3585141422150286,-0.10334935362314181,170.94722880356812,13.497851517228689,8,5.433333333333334
normal01.mp4,6,3.003,4.0040000000000004,0,2.757203112226784,8.67043999921747,0.5495798485478345,0.48699724771550174,4.353715728133132,4.353715728133132,0.22991137621468652,0.7832786352424802,243.75425890651138,0.9841108918190002,0.012423270381987095,1.9084338284965838,-2.6524422036464625,4.9498245087687565,-0.04242031172511194,47.811171917977155,10.500176940987359,8,5.966666666666667
normal01.mp4,7,3.5035000000000003,4.5045,0,3.3162697321960133,13.308512046433078,0.5957336125720124,0.5384536211845268,4.353715728133132,4.353715728133132,0.2479551325736527,0.7832786352424802,275.85793622268835,0.9841108918190002,0.010765204206109047,2.994764372436407,-3.0164989657360146,4.9498245087687565,-0.060994788882605705,173.66160892157166,13.608967070787562,9,7.133333333333334
normal01.mp4,8,4.0040000000000004,5.005,0,3.175088352497528,13.308512046433078,0.7305016834014599,0.5995328352773353,4.237442484591321,4.085360662325044,0.2976888289899321,32.38147321820195,283.06391619435516,0.01372772641479969,0.00011368974082870409,3.7702222842432604,-3.0069440700037933,7.567076334030176,-0.010300029878535759,173.66160892157166,22.091481158865854,9,7.466666666666667
normal01.mp4,9,4.5045,5.5055000000000005,0,2.5218524140485545,11.720991466478464,0.5111583180229987,0.6181843174175279,4.237442484591321,4.085360662325044,0.30891627580015013,27.286007643371903,264.93956599117087,0.03853662684559822,0.00012162981875007972,3.7702222842432604,-2.528435259612492,7.567076334030176,0.04557094794345239,176.8792754001802,28.17415647921958,12,8.466666666666667
normal01.mp4,10,5.005,6.006,0,2.5802074568457782,18.68034625479946,0.678154644934693,0.7330362813456915,12.36098614042698,8.580189721560343,0.3496067265529785,27.286007643371903,266.1189595764505,0.03853662684559822,0.00015139573952183127,2.41676738955735,-2.841974241324368,7.757379316220124,-0.06959507161464157,176.8792754001802,30.350921924095086,12,9.8
normal01.mp4,11,5.5055000000000005,6.5065,0,2.7971258781001445,18.68034625479946,0.699756377843022,0.7702029145424768,12.36098614042698,8.580189721560343,0.3490826480676984,30.120574235362714,268.2184140699962,0.024484187364578247,5.5316930229309946e-05,2.278263926701385,-3.2866596745987136,7.757379316220124,-0.17884373182740557,173.58182020433293,29.087920289154226,11,8.766666666666667
normal01.mp4,12,6.006,7.007000000000001,0,2.525692853888599,16.047521858791665,0.4885054750053595,0.5890357347356461,6.399069647978381,4.080920319527229,0.2475974066144264,34.42161278046063,210.6238778818489,0.010385792702436447,2.5551020371494815e-05,1.9843039142536725,-2.9115900567012147,4.921834750998755,-0.15756411294174397,168.09117767284746,20.066057272377897,9,6.933333333333334
normal01.mp4,13,6.5065,7.5075,0,2.560199962604832,12.138975671210487,0.5481397818800439,0.5558827478633225,5.14334155824795,3.6536214014568404,0.2437370464481397,0.36050370604738685,189.59954219049624,0.912461519241333,0.00265185977332294,1.5925195951284081,-2.944130313202933,4.60015005249511,-0.0942934168953061,153.68988118394483,18.512109248159828,8,6.3
normal01.mp4,14,7.007000000000001,8.008000000000001,0,2.935744412692377,12.138975671210487,0.5178204985675506,0.6763525195271655,5.14334155824795,3.7534653336773625,0.3259563134151037,0.36050370604738685,227.54121799621623,0.912461519241333,0.0037902856711298227,1.5925195951284081,-3.152350014679966,4.60015005249511,-0.012900955331809894,163.98693848308352,18.897724382296087,8,6.7
normal01.mp4,15,7.5075,8.5085,0,2.96225458090904,14.575149003023991,0.667118067857678,0.8363534389454009,11.002151385579406,6.647874619414415,0.38853780269903304,0.8855069341179382,235.22992362935975,0.9124188423156738,0.0017116405069828033,1.9416660137545705,-2.803653370036071,7.304287509429855,-0.07164406069619217,171.5042396244879,17.391638702978007,9,6.833333333333333
normal01.mp4,16,8.008000000000001,9.009,0,2.551114357037071,14.575149003023991,0.7807101883747884,0.6885955585601294,11.002151385579406,6.647874619414415,0.2871061407703371,0.7735743208964656,227.78364283575124,0.9477220773696899,0.0028162042144685984,1.9416660137545705,-2.4239898699738096,7.304287509429855,-0.1733289476738299,171.5042396244879,23.243827930807736,9,6.8
normal01.mp4,17,8.5085,9.509500000000001,0,2.408901890875341,12.096673546165361,0.9706854635475971,0.5332480601603741,4.490851472600642,2.228998037383443,0.2509752330112745,0.5629024258183336,243.95397030685868,0.9592890739440918,0.009489190764725208,2.423847474732156,-2.235617381913126,3.4772447215168825,-0.07661728944358487,167.74763639134693,27.4696513601192,8,6.133333333333334
normal01.mp4,18,9.009,10.01,0,2.1729004082562136,12.096673546165361,1.0283923060832614,0.5796440302405294,3.5048440400633725,2.5513676499428253,0.26127446185515996,0.5629024258183336,208.30442838798842,0.9592890739440918,0.007248735520988703,2.423847474732156,-2.184692851409804,3.354037280793648,-0.09033359186097108,176.94797959763596,26.886306074195335,7,5.366666666666666
normal01.mp4,19,9.509500000000001,10.5105,0,1.8113343574106149,8.18059330109943,0.3401178927188222,0.4808299449179554,3.5048440400633725,2.5513676499428253,0.2018684638534613,32.365740994012796,183.46029895223916,0.017386944964528084,0.00013910395500715822,0.822940065007991,-2.0847094406128863,2.960461570922746,-0.09777234431116351,176.94797959763596,24.101099980595837,8,6.266666666666667
normal01.mp4,20,10.01,11.011000000000001,0,2.623956065273941,14.539301190335546,0.8343364953310073,0.46281356068583757,3.2985897036602037,1.8214686629679022,0.2067559767796531,32.30768537687126,236.94035398036124,0.024182269349694252,0.0003102514601778239,2.3461266569566135,-3.131746044611096,3.2330360944750396,-0.13366668796737224,178.02826351762465,23.265740878910844,8,6.866666666666666
normal01.mp4,21,10.5105,11.5115,0,3.357413509345863,14.539301190335546,0.554831081705739,0.6685662387901293,6.339192538257394,4.40948003818299,0.3183563288919277,0.43469012141208596,277.8184629630852,0.9224896430969238,0.0013736543478444219,2.4224650231890905,-3.9903549973445887,6.514047510574073,-0.08450896545699864,178.02826351762465,26.75486317861671,10,7.266666666666667
normal01.mp4,22,11.011000000000001,12.012,0,2.6621597346240433,16.544348481328097,1.2135753968934664,0.6439584778657892,6.339192538257394,4.40948003818299,0.30602755119830266,0.43469012141208596,252.07617738985053,0.9224896430969238,0.0012217966141179204,2.4224650231890905,-3.194176552718675,6.514047510574073,-0.041769303359360216,176.08609061367397,31.091210971793387,10,7.4
normal01.mp4,23,11.5115,12.512500000000001,0,1.6530355114068664,16.544348481328097,0.9919424184031035,0.5057626989751128,4.754162186954339,2.6417839224623263,0.20449021327017627,4.397190551188114,166.25612684110465,0.6327947378158569,0.001428034738637507,2.4167316507260495,-1.9439869384123254,3.2974788348666095,-0.19564807664560555,174.96525123608433,32.711367797860845,9,5.766666666666667
normal01.mp4,24,12.012,13.013,0,1.533745390969038,8.247648132899187,0.5406510439808968,0.523478255626124,4.754162186954339,2.6417839224623263,0.2343276900380311,4.3941780763276865,127.51424471780429,0.6345912218093872,0.0034979896154254675,2.4167316507260495,-1.5082938380320767,3.2974788348666095,-0.16806384855528106,172.94187810759456,26.779443585189505,7,5.366666666666666
normal01.mp4,25,12.512500000000001,13.5135,0,1.883078229989627,9.601161142984072,0.5391470355954523,0.5199922066252066,2.4684499781869453,2.4684499781869453,0.2444412081178228,4.3941780763276865,151.48001377769546,0.6726202368736267,0.006633387412875891,2.3486298857326915,-1.8786592379029734,4.908952152551905,-0.08328860398797143,172.94187810759456,21.66276934470498,9,6.966666666666667
normal01.mp4,26,13.013,14.014000000000001,0,2.0044113744165037,10.939838807225719,0.6127828901463876,0.635597033165571,5.915993989640214,5.915993989640214,0.2896632485669504,5.4294506773484885,184.17837014383548,0.6726202368736267,0.004559556487947702,2.3486298857326915,-2.042377035907391,5.645410654219631,-0.13893410155007752,146.93357726815682,21.51210664413331,11,8.2
normal01.mp4,27,13.5135,14.5145,0,2.1661471429836032,12.858096391744954,0.61264307236831,0.6117401498903638,5.915993989640214,5.915993989640214,0.2800209549735305,33.4710197062573,215.85164084207844,0.023808689787983894,0.00018351039034314454,1.8381056573967385,-2.3567989756958587,5.645410654219631,-0.13133501520865845,157.71059273105314,20.437528083050854,11,8.8
normal01.mp4,28,14.014000000000001,15.015,0,2.390407251807255,13.297664682762036,0.3983769791030045,0.4908603624076312,3.5917496526196935,2.563855524437276,0.2097706296114361,35.73962674936959,234.47713384585703,0.023808689787983894,0.0002077419776469469,1.8381056573967385,-2.8110131011476867,4.2172544284183004,-0.10340024425220608,170.45827375918435,21.036850190886135,11,9.433333333333334
normal01.mp4,29,14.5145,15.5155,0,2.4130786765128707,13.297664682762036,0.35151124755801116,0.510263091202035,3.012655923784927,2.7384467971033173,0.23454846934229368,0.7895073061871342,250.22687226315125,0.9436088800430298,0.0008653518161736429,2.6692707804360793,-2.791597077542131,4.300932099979377,-0.048448576908063506,170.45827375918435,23.238464441891438,11,9.333333333333334
normal01.mp4,30,15.015,16.016000000000002,0,4.608976655441143,17.13093174633146,3.7262982247040592,0.7875946204139901,3.554891004845181,3.554891004845181,0.18867729489212487,0.7895073061871342,251.73153328216003,0.9436088800430298,0.0016591839957982302,4.045380766204175,-2.358733177416337,5.674860768649296,0.04215336462674528,156.18988753547703,18.24951369568838,11,7.866666666666666
normal01.mp4,31,15.5155,16.5165,0,11.026360088775101,20.645933934844855,5.316831617725418,1.10593196284546,10.311349029507053,10.311349029507053,0.38965664489606333,40.91816268169359,253.53930760250998,0.05915702134370804,0.0035379650071263313,10.225403979935521,-1.7866410384180271,12.815314763234596,0.27972474471454617,103.77035310204164,7.225508723900085,9,5.933333333333334
normal01.mp4,32,16.016000000000002,17.017,0,12.120975083305767,20.645933934844855,3.743501922078897,1.2093785234198207,10.311349029507053,10.311349029507053,0.8120379720520998,0.6345999897750438,620.2955176733398,0.8300261497497559,0.0056384935475459015,10.225403979935521,0.21931930057712462,12.815314763234596,0.7825287286614148,19.24258759914067,4.8531542282723485,6,4.4
normal01.mp4,33,16.5165,17.517500000000002,0,6.377132025990925,14.630924506826055,3.2950972520540853,1.0857774487107874,6.70481360948887,6.70481360948887,0.7629639616035099,0.6345999897750438,1303.741813792781,0.8300261497497559,0.015098530710383784,8.772918395501222,2.252709213214068,6.921294190093022,0.5889952474872285,163.3933337397458,11.531204403607916,6,3.066666666666667
normal01.mp4,34,17.017,18.018,0,11.133325905672171,25.06297112480965,8.335155002626282,1.4495298423687635,6.322733072803313,4.059078023880918,0.48826030055663827,10.07027355427754,1281.9715621645423,0.747661292552948,0.019802610840027532,10.431558674615076,1.4507046757474675,6.051875547783084,0.055048356238670534,163.3933337397458,10.162470218982495,4,2.466666666666667
normal02.mp4,0,0.0,1.25125,0,3.9665140153845386,10.33821057726397,1.1269288635956671,0.4543332630282489,3.19185942098298,2.8147748547198126,0.24312851061530466,0.22003503339313304,624.1760999040162,0.9752411842346191,0.018251981815168013,11.762007880960255,0.8551017549590288,4.727776060886072,-0.032512993825390635,31.49328405146692,5.296417485042991,13,10.033333333333333
normal02.mp4,1,0.625625,1.8768749999999998,0,4.2976915032237875,10.33821057726397,0.329179506192818,0.5182773522887979,5.4295325301328985,5.4295325301328985,0.2793039199745001,0.148921345034955,291.9891394328452,0.9388642907142639,0.01758996583521366,11.762007880960255,0.41919119827141077,8.49183193224404,0.026437564250494115,63.46470445490457,5.9851269483916685,13,10.666666666666666
normal02.mp4,2,1.25125,2.5025,0,4.140573888557578,14.249543558129666,0.3794663650026574,0.5588060122405338,7.5302838778370464,5.4295325301328985,0.3066095019635809,0.148921345034955,286.48488729987514,0.9388642907142639,0.010718423873186111,11.681392315443986,0.4128760358054111,8.49183193224404,0.024894931974195064,138.74543432874825,6.536784146142599,14,10.666666666666666
normal02.mp4,3,1.8768749999999998,3.128125,0,3.8158287780060722,14.249543558129666,0.3305406621673379,0.5177269585675182,7.5302838778370464,4.797546570871695,0.28376963292169255,0.8151286391793213,282.3912755825666,0.8861651420593262,0.00879685953259468,11.681392315443986,0.815207068907987,7.382606084768213,-0.03425079044936187,175.18894462823283,9.157399677487346,14,11.0
normal02.mp4,4,2.5025,3.7537499999999997,0,3.795567619972121,8.194306152572988,0.3040426043800862,0.532783355321785,3.459571670795279,3.459571670795279,0.2789869972546162,0.031278016525394504,283.62317158308343,0.8306767344474792,0.010431918315589428,7.007202644382346,0.8019112992455497,4.436728711312412,0.015294530847431993,175.18894462823283,10.310080016610174,14,10.966666666666667
normal02.mp4,5,3.128125,4.379375,0,3.764287472952276,7.631607650603354,0.32033559618443097,0.5006047931299668,3.459571670795279,3.459571670795279,0.26778184746787403,0.031278016525394504,283.485519544506,0.9186885952949524,0.014985267072916031,7.275001606868159,0.9481532904725682,4.436728711312412,0.0073129858732536,172.2478869569457,9.438804271504372,13,10.7
normal02.mp4,6,3.7537499999999997,5.005,0,3.60008999176983,9.28842976260155,0.2519795996706468,0.433796790543818,3.1126985662639326,3.1126985662639326,0.2327351539047215,0.1697402207834807,282.9393866404293,0.9465857744216919,0.016291406005620956,8.50142960130762,1.3493758301393304,4.0503859200130705,-0.019312523030737508,78.7956693161534,8.705719074393903,16,11.1
normal02.mp4,7,4.379375,5.630624999999999,0,3.9647654550193594,9.72442854127808,0.4792063021077973,0.49787957285511625,4.194210900311588,3.1126985662639326,0.25430613288478343,0.09615579420303408,273.23906655754183,0.9465857744216919,0.024090958759188652,9.446814404613889,1.765042641423142,4.337849019699036,-0.006006232173222792,78.7956693161534,7.522396638730413,16,11.1
normal02.mp4,8,5.005,6.25625,0,3.8773452307429754,9.72442854127808,0.560415620734269,0.5150650827621598,4.194210900311588,2.6564391783495016,0.27103568977622033,0.09615579420303408,248.3201472798583,0.9383338689804077,0.023206518962979317,9.446814404613889,1.350730063992389,4.584016062311235,-0.042232984869018816,154.03214506499032,8.57002119319028,13,10.566666666666666
normal02.mp4,9,5.630624999999999,6.881874999999999,0,3.3884378393383847,7.960685897506842,0.4133662136789502,0.5076828010537541,5.319591476428306,3.284711600556262,0.27197285026532914,0.7969336564083377,246.29774506255612,0.9602003693580627,0.010709832422435284,6.0637020993240185,-0.15139110584569415,4.584016062311235,-0.06923510289161162,154.03214506499032,8.619714377913976,13,10.0
normal02.mp4,10,6.25625,7.507499999999999,0,3.369428183313642,12.018673737770806,0.4111635051154088,0.6321368884684678,5.319591476428306,3.98572521509654,0.3316333956372141,1.4537186314550785,277.32239591530646,0.9602003693580627,0.007147625554352999,10.552369649654679,-1.0590986202059967,5.480278294625521,0.06779766499966583,75.27223372981132,9.07235817554837,12,9.6
normal02.mp4,11,6.881874999999999,8.133125,0,3.5127748779157613,12.018673737770806,0.38736803925387236,0.6368795297802794,4.61652947641632,3.98572521509654,0.33163657270300784,1.3859801461950594,303.31160630143654,0.7543014287948608,0.009483294561505318,10.552369649654679,-0.007489208309693723,5.480278294625521,0.14330427346633073,75.27223372981132,9.86670596633888,12,9.3
normal02.mp4,12,7.507499999999999,8.75875,0,3.8534273746443106,8.51090188574207,0.46381153699225414,0.5620771783256966,5.719803658383606,3.838145840696976,0.29147595658837366,0.3930483914624514,299.5404406984471,0.8653722405433655,0.01381564512848854,9.080588554380313,1.0635814031621555,6.948398264541652,0.050425982173757676,159.01861291269088,9.346655432107816,12,9.466666666666667
normal02.mp4,13,8.133125,9.384374999999999,0,3.962190239412073,12.610570287040956,0.4022276692551043,0.6352382098233691,10.768486989116717,5.77463615788455,0.32297369760437483,0.3930483914624514,294.55145602547793,0.9384926557540894,0.012571122497320175,10.214374252819766,0.9756673628897754,10.161937703270894,-0.07658464694121653,165.89947471522302,9.951231484836178,13,10.433333333333334
normal02.mp4,14,8.75875,10.01,0,3.760640230285789,12.610570287040956,0.41712292732998757,0.6375429178400819,10.768486989116717,5.77463615788455,0.3267605296343845,0.9778933164241501,302.8770279301519,0.9384926557540894,0.009167294017970562,10.214374252819766,0.49945175659286944,10.161937703270894,-0.06091871707993326,165.89947471522302,8.79894713124848,14,11.333333333333334
normal02.mp4,15,9.384374999999999,10.635625,0,3.5555910060723632,10.10452510522757,0.4298532039482484,0.6328433568889943,4.782766055360681,4.782766055360681,0.33475750976715923,1.2234463583488149,313.5442628270464,0.6114369034767151,0.0074815223924815655,11.480217544271454,0.766054099827922,9.21047402529166,-0.009522992353777538,176.61003495695155,12.860908091481708,14,11.533333333333333
normal02.mp4,16,10.01,11.261249999999999,0,3.7893238947564574,12.648452271229905,0.552031133344399,0.6787799005994419,5.981676659113574,5.981676659113574,0.3564488097091018,0.7667297067873828,304.2246727313468,0.7727633714675903,0.010272645391523838,11.480217544271454,1.2022868796908874,9.21047402529166,-0.030742415554561617,176.61003495695155,13.290873044100957,13,10.5
normal02.mp4,17,10.635625,11.886875,0,3.8977825044100096,12.648452271229905,0.4607052001157881,0.6282532064943271,5.981676659113574,5.981676659113574,0.32424193530617934,0.11671864575326495,286.3637000820159,0.8624445796012878,0.015587536618113518,11.315582002740314,1.148095255261182,6.639648834154286,0.013110979652744943,48.845074209828645,7.685290274756039,13,9.7
normal02.mp4,18,11.261249999999999,12.5125,0,3.6382416408196843,11.73898152219901,0.4266249050083984,0.5353560954477387,9.545329971633791,3.233775370430714,0.25843930683712363,0.11671864575326495,293.7189857261316,0.9482817053794861,0.015541797503829002,10.16243714700147,1.0707685061106076,10.035671136060955,0.025010345603526447,56.990114664351466,7.153248663743778,13,9.6
normal02.mp4,19,11.886875,13.138124999999999,0,3.8842521184591683,11.73898152219901,0.5127877239525487,0.5358447365403863,9.545329971633791,3.4668631631369102,0.27498322290027916,1.0918191769323309,295.05033867299494,0.9482817053794861,0.013376951217651367,10.16243714700147,1.0363459891671736,10.035671136060955,0.03216744852843462,56.990114664351466,6.949191794741892,14,9.566666666666666
normal02.mp4,20,12.5125,13.763749999999998,0,4.127536956379214,10.282765003301007,0.3223215919898439,0.5634306180858697,5.76671350629778,5.76671350629778,0.3065790101163632,0.36161187635609565,263.7449054438399,0.9328199625015259,0.02387065626680851,9.755404181369599,1.136511295213615,7.898883577845197,0.034390554497172425,76.12036697690473,7.176668341220727,14,9.366666666666667
normal02.mp4,21,13.138124999999999,14.389375,0,3.878621289915663,8.330550766838233,0.43059149286210696,0.5232299205979393,5.76671350629778,5.76671350629778,0.28633053787223484,0.2083703874875288,260.1935040012412,0.9475970268249512,0.03372347727417946,9.886347651291203,0.5525080130726547,7.898883577845197,0.046532290452018524,76.12036697690473,7.752591011117548,13,10.033333333333333
normal02.mp4,22,13.763749999999998,15.014999999999999,0,3.6822941799908024,9.676078089117638,0.37977251431833775,0.6229231748891796,7.015387017679468,5.629531930928758,0.31814955599617906,0.2083703874875288,292.45179203054994,0.9735535979270935,0.023179201409220695,9.886347651291203,0.48323445065599696,9.11858829095064,0.07721365814334674,125.79614298511953,10.148233450671048,13,10.4
normal02.mp4,23,14.389375,15.640624999999998,0,3.555543079134217,9.676078089117638,0.42066414980836586,0.7202134706555438,7.015387017679468,5.629531930928758,0.3522113748845939,1.0295040683932855,294.6764157799958,0.9735535979270935,0.013237920589745045,9.381785175816617,1.2072320745177978,9.11858829095064,0.13682929930832835,125.79614298511953,10.920193152960639,12,8.7
normal02.mp4,24,15.014999999999999,16.26625,0,3.3356184654507697,11.476646181086162,0.4742611639725278,0.6402265132623929,6.417426847487761,4.655779475292329,0.32757199857757047,0.29161329150006016,277.3943130014661,0.8412274122238159,0.014287703670561314,10.038682167258173,1.6397759492673472,5.601310016254274,0.08972627928826679,163.822359707844,9.94697431375602,12,7.933333333333334
normal02.mp4,25,15.640624999999998,16.891875,0,3.566188541568984,11.476646181086162,0.5843468431160295,0.6368013840198459,6.423322569078787,6.188141386983384,0.32972464668082835,0.07398316991644326,280.06153973708444,0.9705973267555237,0.024541659280657768,10.038682167258173,1.4222204723714102,8.63451732235228,-0.013162633933769662,163.822359707844,10.651345118072138,13,8.966666666666667
normal02.mp4,26,16.26625,17.5175,0,4.068993523497637,9.615437390659745,0.532640872069728,0.6109288412059455,6.423322569078787,6.188141386983384,0.32507527246391626,0.07398316991644326,289.91533533403987,0.9705973267555237,0.03661515936255455,11.150032840394346,0.9635863636571477,8.63451732235228,-0.04258976165437223,140.36592957322665,9.693979747541539,13,9.6
normal02.mp4,27,16.891875,18.143124999999998,0,4.126485591743172,9.615437390659745,0.48071977337743077,0.4627393914521315,2.9998886785438676,2.9998886785438676,0.23517792197177992,0.14598559657605173,275.1728892908196,0.9568912386894226,0.04077896848320961,11.150032840394346,1.4741590927050552,4.7805910123084345,0.008234221648981759,74.12874238764425,7.57976136240684,12,8.9
normal02.mp4,28,17.5175,18.768749999999997,0,3.958597586006374,11.012984671812035,0.3740301938209965,0.5450964987086326,4.913688862100579,4.913688862100579,0.2576102837572594,0.14598559657605173,278.18181591481044,0.9568912386894226,0.026606809347867966,9.601932289031254,1.4706948988944328,5.1985222148814785,-0.0018059455844810983,51.39007310381759,7.059075037450904,13,9.366666666666667
normal02.mp4,29,18.143124999999998,19.394375,0,4.028362339159601,11.012984671812035,0.27745625695801207,0.609047284183262,4.913688862100579,4.913688862100579,0.31218243497759807,0.12579657020029678,289.8461118807375,0.9782268404960632,0.015954047441482544,9.601932289031254,0.43835594184199883,5.1985222148814785,-0.009266348346943423,51.39007310381759,6.796274391682,14,11.233333333333333
normal02.mp4,30,18.768749999999997,20.02,0,3.9548389584897063,9.258552447922206,0.24920999749974806,0.4946181024636758,4.781405220440082,3.507150505919803,0.2713425778208846,0.12579657020029678,294.37426457172774,0.9782268404960632,0.013534105382859707,11.018875948928894,0.30782787087274915,5.512308406835075,-0.002041997302812554,41.69011018863684,6.055944350966541,14,11.766666666666667
normal03.mp4,0,0.0,1.25125,0,2.2362265263133994,10.394161922224704,0.6374021651982814,0.48507957462542056,6.979855408767406,4.0727425230830585,0.2860196275034308,0.38283753799768105,251.28092057592235,0.9760496020317078,0.0034101009368896484,5.986216096738531,-0.23264601068295485,5.6679391707382365,-0.10212136414109944,152.86181561773532,13.397412372214038,21,17.666666666666668
normal03.mp4,1,0.625625,1.8768749999999998,0,2.1144707271567618,13.061727489125351,0.25621456636588574,0.42419721191994386,6.979855408767406,5.219296376249134,0.21477920630518174,0.2175008945782395,255.28686811346378,0.96856290102005,0.003845200641080737,5.895140567344157,-0.2920658371995186,5.6679391707382365,-0.015091162857792603,163.2971173172441,13.734126551103078,21,18.066666666666666
normal03.mp4,2,1.25125,2.5025,0,1.9754560665700538,13.061727489125351,0.2092859080205639,0.3752569634385972,5.219296376249134,5.219296376249134,0.1922967418320257,0.2175008945782395,253.85603389736343,0.9682652950286865,0.002053089439868927,9.66880826681097,-0.0002442757661589449,5.0263718732882126,-0.051780399308160516,163.2971173172441,13.716181076501783,21,17.933333333333334
normal03.mp4,3,1.8768749999999998,3.128125,0,2.040401569656301,12.315065117620028,0.17979434078000958,0.4096105948269434,5.431129502083126,5.431129502083126,0.2140753509575336,21.394307659391913,262.6876426251077,0.2146453708410263,0.0013186283176764846,9.66880826681097,0.16846721862694927,7.619439635799708,-0.0422627619951574,149.47671175357902,13.807905394821118,22,18.766666666666666
normal03.mp4,4,2.5025,3.7537499999999997,0,2.0912392780588696,12.315065117620028,0.14407200665767647,0.4376831711617584,5.431129502083126,5.431129502083126,0.22219927234186543,19.628948809004665,258.6903394502844,0.2148541659116745,0.0013226668816059828,7.422673671557163,0.5245161635693611,7.619439635799708,-0.0026035261160710778,170.060992321858,13.906987437226437,23,19.4
normal03.mp4,5,3.128125,4.379375,0,2.052315690143475,6.655117353608747,0.19765473807959807,0.40547118227225537,3.2265902679062943,3.0473903862764513,0.2012521026427079,19.628948809004665,255.49899595601292,0.2148541659116745,0.0007973644533194602,7.422673671557163,0.43923350751402424,5.55674284627176,-0.0326619449344356,170.060992321858,12.500109677537841,23,19.4
normal03.mp4,6,3.7537499999999997,5.005,0,2.294602973878227,7.470535163315825,0.35705285391528724,0.3945079752264904,3.2265902679062943,2.5078229256066975,0.2008567446542524,26.17743787269923,273.57423920469586,0.09864877909421921,0.0007419240428134799,6.508050419056815,-0.10547228327489118,5.55674284627176,-0.05761039372422863,115.94338638105279,10.859785225447819,22,17.8
normal03.mp4,7,4.379375,5.630624999999999,0,2.5154427337332788,11.93348952984372,0.18270228457360163,0.4697821822373472,5.677521602536331,5.677521602536331,0.23925069860732284,8.822724910853427,282.98651099066427,0.6628067493438721,0.0013959488132968545,6.184876896116521,-0.4846842777691236,6.1715488714578015,-0.02637467772093438,143.04011004073976,11.765160603729692,20,17.333333333333332
normal03.mp4,8,5.005,6.25625,0,2.181823025178451,11.93348952984372,0.34498061363076615,0.4640676215209671,6.203863194288672,5.677521602536331,0.22558445336757563,0.101955862483547,263.28128079550413,0.6958705186843872,0.0018233463633805513,6.128818845215619,-0.23080606510356613,6.1715488714578015,-0.024302885456633862,171.90615201632397,12.972724450355871,21,18.4
normal03.mp4,9,5.630624999999999,6.881874999999999,0,2.1426630426148683,8.914781545329046,0.35672502938969225,0.429945658962086,6.203863194288672,4.95768811691852,0.19983652589906536,0.101955862483547,261.2623156028882,0.6999999284744263,0.0021735504269599915,9.228572357732673,-0.04899943882741233,5.797308786005601,-0.034511839285301465,171.90615201632397,14.154204870384774,21,18.466666666666665
normal03.mp4,10,6.25625,7.507499999999999,0,2.4926746918166454,12.521866942800097,0.2507466037033238,0.4651904957226663,3.9357911794012317,3.2157057097612896,0.22681223181907934,10.234086728415486,279.69387239614724,0.6999999284744263,0.002036378951743245,9.228572357732673,-0.331512319535321,5.797308786005601,-0.028217079824979847,156.33917514268236,15.129332743940996,21,18.366666666666667
normal03.mp4,11,6.881874999999999,8.133125,0,2.297799180724721,12.521866942800097,0.3415459300555088,0.45864098067861936,3.9357911794012317,2.911505940066617,0.23756072559581093,14.283633132247203,280.0717390714355,0.6342023015022278,0.0018789292080327868,7.073926273054042,-0.1472039918494779,4.434022883185889,-0.04172285285699172,143.2014826932883,13.511810924064429,21,17.566666666666666
normal03.mp4,12,7.507499999999999,8.75875,0,2.0338110079202383,13.42506248718485,0.2340337399421514,0.5137374600722705,12.014237762275263,8.405479126645119,0.25878259604803056,15.363817191555821,267.1835178650481,0.6342023015022278,0.0018875409150496125,8.659757447098116,-0.039238130206158454,10.606755761776398,-0.028050867289046537,174.66543480366704,14.062179906829089,20,15.233333333333333
normal03.mp4,13,8.133125,9.384374999999999,0,2.232050838523975,13.42506248718485,0.3234935920632531,0.5111524241845851,12.014237762275263,8.405479126645119,0.23764740431229375,31.61818972638713,263.28257588088735,0.10747823864221573,0.0011327522806823254,8.659757447098116,-0.3432184444333578,10.606755761776398,-0.049391128568058704,174.66543480366704,14.370812696376811,20,15.233333333333333
normal03.mp4,14,8.75875,10.01,0,2.4085263625501288,10.689074525720853,0.2417978214721808,0.42189438983818944,3.946847458404981,3.946847458404981,0.20707475803598038,6.464416824199958,284.0251620114983,0.8345150947570801,0.00072301528416574,7.758004196213619,-0.38523728883664565,7.530135933983956,-0.03076705585948446,129.38736208399254,12.85579574643689,25,18.4
normal03.mp4,15,9.384374999999999,10.635625,0,2.225813792839529,10.196125812868214,0.27306932357498964,0.4033159795413309,3.4722043392882345,3.204472674325963,0.2098065071921246,0.19129692575606247,281.142401706532,0.8345150947570801,0.0010553335305303335,7.758004196213619,0.12090102190689134,7.530135933983956,0.028539630306749678,173.86287152216445,14.299444429268503,25,18.9
normal03.mp4,16,10.01,11.261249999999999,0,2.0927423301283685,11.808320204810798,0.201766377795843,0.43154517218447114,5.711266246611517,5.711266246611517,0.21457086728965752,0.19129692575606247,262.9451135061587,0.7603175640106201,0.001175313605926931,13.018226227777973,0.6746154239321337,8.514195160421622,-0.01602691774188838,173.86287152216445,14.705050252101648,22,18.9
normal03.mp4,17,10.635625,11.886875,0,2.186304465578962,11.808320204810798,0.20404293062592851,0.45551321821380836,5.711266246611517,5.711266246611517,0.22824441634652554,31.681165279268022,259.9935390869593,0.2767047584056854,0.0012958463048562407,13.018226227777973,0.663051342655434,8.514195160421622,-0.06079938266540007,175.8744614096881,14.200310699231014,24,21.066666666666666
normal03.mp4,18,11.261249999999999,12.5125,0,2.329526053392702,10.684937958693771,0.22329440453297064,0.4637180859009548,4.781061974070239,4.781061974070239,0.2377117232895781,0.2291688406454631,265.25377869396857,0.9881027936935425,0.001628334284760058,9.35304800088403,0.11194634383213953,6.416489677000158,-0.049491962730913656,175.8744614096881,13.610412231404252,24,21.7
normal03.mp4,19,11.886875,13.138124999999999,0,2.335113469250021,14.26673581217316,0.27614451127514544,0.4570139666272605,3.0093055922612226,3.0093055922612226,0.23207006640476194,0.2291688406454631,276.9500669580493,0.9881027936935425,0.0023850537836551666,6.999385118431974,-0.3615256496955687,5.685165529210735,-0.03892420355550697,145.78807869922048,13.070358825738746,24,20.5
normal03.mp4,20,12.5125,13.763749999999998,0,2.0632267264164756,14.26673581217316,0.27853572059015674,0.4118617921738987,4.157191421864836,4.157191421864836,0.20299275680169906,0.2476309459197914,278.9345614369476,0.9709798097610474,0.002519425470381975,5.706892594800593,-0.20043529722229791,5.685165529210735,-0.033589251294398374,101.65492154215195,12.803641860662621,22,19.366666666666667
normal03.mp4,21,13.138124999999999,14.389375,0,1.9805107443498555,7.4844720616965805,0.18302936304002806,0.404111211447696,4.323166564659409,4.323166564659409,0.20352363526715073,0.6143136031357598,284.11856628912506,0.9709798097610474,0.001867857063189149,4.666206591296884,-0.2530716788919349,5.318727887300042,-0.03681423196223992,178.7989184094399,13.008733474079085,22,18.2
normal03.mp4,22,13.763749999999998,15.014999999999999,0,2.0458777829447663,8.988540166614332,0.3031180332004369,0.4213430555029235,4.323166564659409,4.323166564659409,0.2178310202600443,0.6565704024775275,287.5043103896371,0.9750911593437195,0.0025357981212437153,5.218416904218344,-0.31821049005898394,5.318727887300042,-0.01665801508323907,178.7989184094399,12.78115725369956,20,16.733333333333334
normal03.mp4,23,14.389375,15.640624999999998,0,2.021819714191142,8.988540166614332,0.30886772089336045,0.42840027599023905,3.2124103749963613,3.2124103749963613,0.21771210806879562,0.5370449859864715,277.8569074504497,0.9750911593437195,0.0021764293778687716,7.185542194134399,0.3068368306982162,5.033275107690599,0.011566242362759386,168.16355331446664,11.941998176040348,20,16.466666666666665
normal03.mp4,24,15.014999999999999,16.26625,0,2.1988779450518265,10.998827502898703,0.2642869204057541,0.41567528373201595,3.2124103749963613,3.2124103749963613,0.20390570062567343,0.5370449859864715,272.13125947857753,0.6199772953987122,0.0010449524270370603,7.185542194134399,0.22595750669817738,4.358146546163653,-0.032689044653640704,176.34034416618758,12.86845552630741,19,17.0
normal03.mp4,25,15.640624999999998,16.891875,0,2.4553951852023763,14.965474251142266,0.253322819711452,0.39679055981178935,4.780424014607545,4.348182173871653,0.20132173917630683,0.5485518394732577,282.48350795069024,0.9593566656112671,0.0019011021358892322,6.374911931685688,-0.26605501105342816,5.469006934419781,-0.06169826011591646,176.34034416618758,12.207802434359058,18,16.633333333333333
normal03.mp4,26,16.26625,17.5175,0,2.3848329852738703,14.965474251142266,0.2803317364960535,0.39930021491341994,4.780424014607545,4.348182173871653,0.20855165505991108,1.1816703051788262,289.51494262399103,0.9593566656112671,0.001948673976585269,5.774055391029805,-0.17529142922625127,6.431833061572206,-0.020208201329416486,156.6104800337313,13.489172916935363,19,15.8
normal03.mp4,27,16.891875,18.143124999999998,0,2.1234975370214197,8.115252471355232,0.1842479938299378,0.4084140793539085,2.989639282800372,2.989639282800372,0.20323284612540868,0.7081719775446425,270.13227109427277,0.9660866856575012,0.0012323871487751603,5.774055391029805,0.03505517518045396,6.431833061572206,-0.0013990725073886258,174.7056241961353,14.196129584317754,19,15.633333333333333
normal03.mp4,28,17.5175,18.768749999999997,0,2.215005724386518,12.098305447873088,0.31499742517655727,0.44154175165589005,6.694894151507123,6.694894151507123,0.2211887861203149,0.7081719775446425,261.4568291876189,0.9801720976829529,0.0016600905219092965,11.926023755103984,0.2796332623216863,4.187620990612004,-0.021098782911052886,176.69195521652236,12.347672790481683,19,16.2
normal03.mp4,29,18.143124999999998,19.394375,0,2.317352249494463,12.098305447873088,0.26028309431609475,0.48172892436635284,6.694894151507123,6.694894151507123,0.24268114828880508,0.7481880268023151,259.7568730923526,0.9801720976829529,0.0013040718622505665,11.926023755103984,-0.0027920842603308517,4.926800522350902,-0.022350586663602855,178.25215069790704,14.306342963708415,19,16.533333333333335
normal03.mp4,30,18.768749999999997,20.02,0,2.160276954690302,12.715254868318725,0.2132004375057992,0.4791327229034597,4.795886161316362,4.419505028805224,0.25115916588346565,27.408883785977824,250.03216679974562,0.2552415430545807,0.001105800038203597,8.16351502010734,-0.2743073629000386,5.764626910526033,-0.04817627762103594,178.25215069790704,15.921473614019868,18,15.466666666666667
normal03.mp4,31,19.394375,20.645625,0,2.1284698367990575,12.715254868318725,0.2512315642820869,0.4359062637969536,4.795886161316362,4.419505028805224,0.2323446088667948,27.408883785977824,257.3079065371458,0.2552415430545807,0.0022089884150773287,5.859060831415263,0.11358848334667414,5.764626910526033,-0.05018651574951586,167.09785498961253,15.598319865482663,17,14.233333333333333
normal03.mp4,32,20.02,21.27125,0,2.2972822145770246,6.151487119851371,0.2829603985620094,0.43679486077618906,4.659920375983707,2.682415246626033,0.21710950301941048,30.3078032678898,265.70301921475567,0.23856626451015472,0.0023758714087307453,7.564415441797337,0.27800934087328,7.294458790663953,-0.03188288205569729,154.99197005639846,14.54495096710752,18,14.7
normal03.mp4,33,20.645625,21.896874999999998,0,2.4538713733821087,7.202030983040875,0.20703059213561356,0.44487221646605096,4.659920375983707,2.509319203452124,0.21340202720799312,0.4632566952108338,275.13675115250356,0.9770673513412476,0.002371855778619647,7.564415441797337,0.0405985035930869,7.294458790663953,-0.030470040930774153,138.98013888898646,12.959133682709714,21,17.433333333333334
normal03.mp4,34,21.27125,22.522499999999997,0,2.604244558292628,11.882942221645225,0.2289447722802691,0.4718476246321758,8.25542911611891,4.323940643716044,0.23612817941623823,0.4632566952108338,285.5189981114381,0.9770673513412476,0.0021493113599717617,7.405785451037687,-0.3054455154712121,7.845626384882394,-0.0415733795006309,161.80021278922797,12.554590084797884,21,18.3
normal03.mp4,35,21.896874999999998,23.148124999999997,0,2.5276821832857994,11.882942221645225,0.31011357222228736,0.46642996013092486,8.25542911611891,4.323940643716044,0.23582644848069406,0.9833720733078488,283.08812873382783,0.9740287065505981,0.0012275162152945995,7.405785451037687,-0.5683765006648447,7.845626384882394,-0.055473223976657195,161.80021278922797,12.598107665821715,21,17.466666666666665
normal03.mp4,36,22.522499999999997,23.77375,0,2.363337179911767,8.88263915504091,0.2652316487052075,0.3881682292359877,3.2041970151216956,2.3324037649374034,0.1809398469227012,24.842943096782136,272.3692584799761,0.23325835168361664,0.001108277472667396,6.515578382673311,-0.8049777304457437,4.917878060671114,-0.04342197842883013,128.63081879991663,11.954905977560859,21,18.1
normal03.mp4,37,23.148124999999997,24.399375,0,2.435357973111588,12.57539158566139,0.2258834383380877,0.4148186746212227,3.9625362832313957,3.9625362832313957,0.1980483345443761,10.219991458910384,281.72479272235,0.4678773880004883,0.0015206673415377736,8.115038992138665,-1.036064562148895,6.1373220906078245,-0.019449271572823112,172.869173913214,11.656817072869057,22,18.966666666666665
normal03.mp4,38,23.77375,25.025,0,2.37531549307828,12.57539158566139,0.18367179563029154,0.4399397145499328,4.479437900483047,4.479437900483047,0.21924843242508604,10.219991458910384,303.49647746216874,0.4678773880004883,0.0016950604040175676,8.115038992138665,-0.87779232750699,6.1373220906078245,-0.0011606245803280383,172.869173913214,13.054531873176476,22,19.433333333333334
normal03.mp4,39,24.399375,25.650624999999998,0,2.398027518945172,10.015216201689007,0.18409062520991376,0.4359612978982496,5.066893257901135,4.479437900483047,0.21369028586323507,37.17975389381082,311.67024797183814,0.14569808542728424,0.0014542085118591785,8.921494917363475,-0.6210710074317867,9.5113988889414,-0.04672728667308525,176.30945479454726,14.338261262051663,21,18.466666666666665
normal03.mp4,40,25.025,26.276249999999997,0,2.529719012998647,11.87582872620082,0.2420041594670005,0.4674749941404537,5.549781004400065,5.549781004400065,0.2402544691373467,41.05039877636908,312.4629735016718,0.09665483236312866,0.0011726197553798556,11.715181317885595,-0.7313342637739869,9.5113988889414,-0.06651099942560786,176.30945479454726,13.281406209130761,20,16.5
normal03.mp4,41,25.650624999999998,26.901874999999997,0,2.3141630012098147,11.87582872620082,0.34093864073200447,0.47233708006230474,5.549781004400065,5.549781004400065,0.24578588205465424,0.5724642772131378,302.8039166255193,0.909031093120575,0.0014112468343228102,11.715181317885595,-0.6351751916556625,4.8741199822110275,-0.04780650432915236,167.02024859473306,13.200179451744987,19,16.066666666666666
normal03.mp4,42,26.276249999999997,27.527499999999996,0,2.100786119581581,12.13364537695359,0.13334138320082325,0.4584191973244598,5.311570883608918,3.1537079599723414,0.21788193026098276,0.5708750180100907,292.00131978954124,0.9652889370918274,0.002469279570505023,8.126546906719511,-0.39200594645331577,7.314576830489841,-0.02960587238199198,167.02024859473306,13.583149936879488,19,17.1
normal04.mp4,0,0.0,1.2,0,0.4844746260073406,1.7272659571615103,0.14449269013274066,0.12694570340569367,0.8648839266868997,0.8648839266868997,0.06231446877108504,0.4706203934693905,674.1652506955687,0.9879385232925415,0.01645725788548589,1.5921210130105692,0.10585091376142924,1.3364319344145201,-0.002105707152152984,177.89689621825372,18.85951870708592,13,12.1
normal04.mp4,1,0.6,1.8,0,0.4951738734188193,1.2390976664067401,0.05005468306655768,0.15147504138541035,0.971981664577934,0.971981664577934,0.07528210533634064,0.4706203934693905,344.49235921232304,0.9879385232925415,0.010395216755568981,1.2747849250663421,0.10154502806800822,1.287047348440808,0.0018262594296374756,173.1055105660921,19.901479194847333,14,13.133333333333333
normal04.mp4,2,1.2,2.4,0,0.4928081718986998,1.534576065653829,0.05440759722701876,0.1702238632659931,1.0824945550748795,1.0824945550748795,0.08478688492174714,47.71428756066674,342.1179837013405,0.23514430224895477,0.006272192113101482,1.3570182528576993,0.04067839444758162,1.5422011499913424,-0.001130729239326042,173.1055105660921,24.586269135107166,14,12.766666666666667
normal04.mp4,3,1.8,3.0,0,0.4849498125447148,1.534576065653829,0.049958607260355586,0.1581290786629297,1.0824945550748795,1.0824945550748795,0.0813638718547743,35.01470459294079,339.5121764060478,0.3051479756832123,0.007853486575186253,1.3570182528576993,0.0016380585809346202,1.5422011499913424,-0.001247399548599607,171.81605607204287,24.816045548830395,14,12.3
normal04.mp4,4,2.4,3.6,0,0.5054906244050269,4.1744458039172185,0.09194512744835703,0.1696471567830623,3.465405493231935,2.849675830603088,0.08298580405537798,16.13009441899896,332.83451751918994,0.5961979627609253,0.010102805681526661,3.8545956747907084,0.007581295285510181,3.7025878502731473,0.003523635577362094,174.02989273922006,22.922578931831307,14,12.5
normal04.mp4,5,3.0,4.2,0,0.5324161556521826,4.1744458039172185,0.09489680763521705,0.19431093384368825,3.465405493231935,2.849675830603088,0.09602600410644042,0.36059407069253846,332.8075271882962,0.9900875687599182,0.013612480834126472,3.8545956747907084,0.00989395773831588,3.7025878502731473,-0.00732353478229063,174.02989273922006,24.283962649754425,15,12.933333333333334
normal04.mp4,6,3.6,4.8,0,0.5216086466626125,2.26892794623727,0.0665317771742373,0.18917337751944874,1.4474181706355203,1.3557839865825876,0.0964096013601217,0.36059407069253846,325.23358348461295,0.9900875687599182,0.014431432820856571,2.408350632978369,-0.00925966816974814,1.6981489919907915,0.0006297017774545802,164.16699822683347,25.278100072402694,15,12.6
normal04.mp4,7,4.2,5.4,0,0.5690333098585237,6.938681428582104,0.14322444049044872,0.22280509039854662,5.965019728195438,3.968722850506496,0.11377389802946233,33.96128483603686,321.84542301043325,0.2983438968658447,0.012227247469127178,3.3889250475931476,-0.05337885048127635,5.680530257234182,0.011069213084011266,167.90563445817432,23.63295187159793,13,11.333333333333334
normal04.mp4,8,4.8,6.0,0,0.5384687513370836,6.938681428582104,0.15435034697104777,0.20279739916999084,5.965019728195438,3.968722850506496,0.10269252695885275,37.33417222845812,329.9518679233484,0.2604040503501892,0.010521775111556053,3.3889250475931476,-0.05320961901738101,5.680530257234182,0.0012869643102484747,167.90563445817432,22.099055011531103,12,10.833333333333334
normal04.mp4,9,5.4,6.6,0,0.4602766889286911,2.4073561588172807,0.05279448193432604,0.13839884203790334,1.0287189835467778,1.0287189835467778,0.06895339330894389,18.321628345887337,332.2442909560526,0.5488888025283813,0.009431558661162853,1.9055645417740834,-0.02569845939867128,1.4028144079044296,-0.0019212842127514207,162.45116140607084,19.845795087564213,12,10.7
normal04.mp4,10,6.0,7.2,0,0.4549246853142091,2.4073561588172807,0.05241819658544157,0.13189050282258427,0.5916725685527695,0.5916725685527695,0.06810924617791572,18.321628345887337,332.6831198724866,0.5488888025283813,0.009187065996229649,1.9055645417740834,-0.015260809811047263,1.4519484461096681,-0.0010771644164938698,172.49180316960621,19.555113006806014,12,10.4
normal04.mp4,11,6.6,7.8,0,0.46530302112569555,2.0879299093638903,0.05352326565972717,0.14446971410998088,1.492399613450107,1.492399613450107,0.0702554897232953,0.933291536842822,335.89135996783887,0.9685078263282776,0.011155235581099987,2.001880853509874,0.021798756738451483,1.8608111705724468,0.0077970625129708294,172.49180316960621,22.086958599829316,13,10.866666666666667
normal04.mp4,12,7.2,8.4,0,0.47035725042449444,2.0879299093638903,0.06454056616757843,0.15545667165951246,1.492399613450107,1.492399613450107,0.07532608370019842,0.933291536842822,328.6575975937083,0.9685078263282776,0.012790977023541927,2.001880853509874,0.056424776099104325,1.8608111705724468,-0.0008113407013702136,178.91080475288933,20.3217902174031,14,11.3
normal04.mp4,13,7.8,9.0,0,0.44629192470724877,1.873391738226116,0.06197530660866968,0.1489781628073293,1.0509692340422858,1.0509692340422858,0.07486656069548052,38.76113285071783,316.73150040147834,0.3166828155517578,0.012319734320044518,1.8848187683541937,0.018730815867183764,1.2468846580085255,-0.018610156683817276,178.91080475288933,21.93406733410175,14,12.066666666666666
normal04.mp4,14,8.4,9.6,0,0.4228181060764645,1.356492091255237,0.05090653388182112,0.14500582635224468,0.8936506464093392,0.717479582056691,0.07316132550193512,18.063603716013382,312.92320513836063,0.6532578468322754,0.013033008202910423,1.411793278657683,-0.010648887658110033,1.3834849634946806,-0.0005348436377209433,176.5771733248473,26.494455673666547,15,13.233333333333333
normal04.mp4,15,9.0,10.2,0,0.44615991464817034,5.972100220421242,0.12312280966016233,0.17917383080786423,5.869844491894176,2.172948127265081,0.09099555319163326,9.64156436021983,318.0489844564967,0.7134703397750854,0.012881376780569553,4.767836262714951,0.02408961999089546,4.786870395491064,0.007051689145112334,176.5771733248473,29.17023398126675,15,13.1
normal04.mp4,16,9.6,10.8,0,0.47169036661372427,5.972100220421242,0.11911001728221812,0.19428789613925854,5.869844491894176,2.172948127265081,0.09689957618352867,0.7221793103891142,324.63609314470693,0.9818864464759827,0.012660887092351913,4.767836262714951,0.014880646504510623,4.786870395491064,-0.0020794647432247934,178.5207616426489,27.813522425875533,15,13.133333333333333
normal04.mp4,17,10.2,11.4,0,0.45594012939490786,1.9756782597849796,0.0539621552149284,0.17628457774821357,1.2958107460807704,1.1300919883506242,0.08722189964405595,0.7221793103891142,333.32261076905644,0.9818864464759827,0.011900867335498333,1.7596086887937759,-0.010392325943050056,1.7121348982697953,-0.005758444909380204,178.5207616426489,27.591992483246372,15,13.6
normal04.mp4,18,10.8,12.0,0,0.441703532423667,1.7510027025152335,0.05595708731270346,0.16667326835076374,1.040697712872029,0.9812358038125162,0.0818591127633859,35.22917135115376,344.30827653602176,0.2687779664993286,0.011442321352660656,1.341368648480568,0.043105280717362165,1.3848141504584817,-0.0013461595279872748,177.59089907087971,29.25567725966969,15,12.833333333333334
normal04.mp4,19,11.4,12.6,0,0.4343003823207854,1.2190915329921002,0.05580591633220355,0.15199297552270483,0.7526000935801055,0.7019481409811398,0.07527778724966687,33.153830725338125,337.6683812894965,0.2510722875595093,0.011909320950508118,1.4606847949934263,0.05930092155806741,1.0876036783855767,0.005397131551335469,177.63986466462984,28.55477633033496,14,12.4
normal04.mp4,20,12.0,13.2,0,0.5017613929071093,3.5362004003936978,0.11135532527238044,0.19325486737038136,2.235795050834424,1.8856193481418648,0.09506321262458949,32.40137486536652,317.3799905584789,0.2570858895778656,0.01242868322879076,3.1862696490507574,0.05564182802627167,4.436118754626364,0.00756182634993808,177.63986466462984,28.138306581896405,15,12.6
normal04.mp4,21,12.6,13.8,0,0.5061732267762881,3.5362004003936978,0.11253424160075488,0.22881641701159464,2.235795050834424,1.8856193481418648,0.11458703149993882,32.40137486536652,307.7492644755649,0.296335369348526,0.011342471465468407,3.1862696490507574,0.07524922977462944,4.436118754626364,-0.000182987624674745,174.76793953731024,29.572088538421948,15,13.066666666666666
normal04.mp4,22,13.2,14.4,0,0.4367066675168253,2.0683651765106217,0.07674160734999594,0.20151235590469524,1.8357532454089547,1.562910208826261,0.10390239499535324,31.81718689825506,300.52719993146974,0.3101334869861603,0.008819474838674068,2.2254433541821896,0.06664610812243892,2.3117949062707197,-0.004567912116962866,178.84597851545254,28.971320148330243,15,13.0
normal04.mp4,23,13.8,15.0,0,0.41758262806399643,2.3580349045704847,0.0828351088713756,0.17708555286715685,2.0249024385651615,1.171499431369425,0.08721892030983347,31.44376323168352,300.51345477010113,0.3101334869861603,0.008342619054019451,2.427571522868959,0.052668663154554624,2.30206604786639,-0.002392927555432088,178.84597851545254,26.955975893797532,15,12.533333333333333
normal04.mp4,24,14.4,15.6,0,0.41139118736462293,2.3580349045704847,0.06372024281638125,0.1728446527697053,2.0249024385651615,0.800349216008882,0.08506889593752885,1.2015948738034319,306.8996433363649,0.9675100445747375,0.010759582743048668,2.427571522868959,-0.0005908681914404851,2.30206604786639,-0.007238369554136618,178.31544113868,29.200540191766446,13,12.633333333333333
normal04.mp4,25,15.0,16.2,0,0.4297873402941258,1.544790477735833,0.05334352642407226,0.16128328320831534,1.0573025218412802,0.800349216008882,0.07998370066790222,0.3442881028158722,312.76900175086604,0.9892420768737793,0.016287701204419136,1.557459908833323,-0.01789151046853859,1.3154655140465366,0.00028845284521852285,178.31544113868,26.346856923818795,13,11.2
normal04.mp4,26,15.6,16.8,0,0.4295125668813424,1.768848533685569,0.05329362536869915,0.1341886143870273,0.7416163658939038,0.5409869614373327,0.0654872894572668,0.3442881028158722,333.105563397204,0.9892420768737793,0.013344143517315388,1.557459908833323,-0.002087684260407866,1.1456652547937125,0.004548785044101942,141.11094463753057,21.15760399354334,11,10.1
normal04.mp4,27,16.2,17.4,0,0.46650742896701863,9.303259385477467,0.16604400497680147,0.18314011681573733,8.64910106751567,5.946872253572016,0.09237878183236671,0.2960212535455493,345.38718729369015,0.9901365041732788,0.01757454127073288,1.264551001003845,-0.06456950051522943,5.252977720607589,-0.00533762488706732,142.30980347344993,20.971483104808836,11,10.2
normal04.mp4,28,16.8,18.0,0,0.5568787975680967,10.018602366224885,0.279077652538945,0.27448634814227113,9.309074407388362,5.946872253572016,0.13782214973555854,0.2960212535455493,334.5370115413068,0.9901365041732788,0.024695688858628273,9.145726478589438,0.0031465385936102976,9.435826450681475,0.004831852283478332,161.34837133649717,24.392874344655745,11,9.3
normal04.mp4,29,17.4,18.6,0,0.5302604787210767,10.018602366224885,0.24087646969864437,0.22821033226538717,9.309074407388362,5.060898154236056,0.11415039281531393,0.9519952396489308,328.81677212891736,0.9732733964920044,0.015300012193620205,9.145726478589438,0.020958681331656508,9.435826450681475,0.006940074248766836,161.34837133649717,23.184246996962134,10,8.133333333333333
normal04.mp4,30,18.0,19.2,0,0.4569995044082363,2.2296676671189215,0.05579837199806833,0.16736426208466834,1.9298985417232335,0.7534770338363102,0.08076826823084357,1.7510786374528757,321.58125354419514,0.9023504853248596,0.009629148989915848,2.5042653008201796,-0.06490816175410993,2.6707841313225913,0.01611148248750061,152.27664099119707,23.42299086950259,11,8.633333333333333
normal04.mp4,31,18.6,19.8,0,0.4522552138216903,2.2669477248029377,0.06540509020948579,0.16940258656695034,1.9728904893552528,1.6746526091943688,0.0851549073815745,1.5369810419785945,318.6296706791833,0.9039442539215088,0.013762768357992172,2.5042653008201796,-0.0792665685074193,2.6707841313225913,0.0038811232636906095,164.61386583008823,23.475691720405415,11,9.566666666666666
normal04.mp4,32,19.2,20.4,0,0.5297312611918364,4.698878628045136,0.145667072062201,0.2125453578359945,2.901865099936536,2.901865099936536,0.10884526781290231,1.5369810419785945,320.3672449011143,0.9039442539215088,0.019910069182515144,3.3231203790810184,-0.13923082761920832,2.8902443744566426,-0.013838004406139366,164.61386583008823,23.065834769550374,11,9.133333333333333
normal04.mp4,33,19.8,21.0,0,0.5587908841283942,4.698878628045136,0.13857643749777054,0.23512475645678602,2.901865099936536,2.901865099936536,0.1126945503163565,12.548483666171304,320.1101190558158,0.5789965987205505,0.02289385348558426,3.3231203790810184,-0.15663736100557932,2.8902443744566426,-0.0028504401992724584,175.63903302281867,26.355096555540324,10,8.8
normal04.mp4,34,20.4,21.6,0,0.5294318006882065,1.9622520366434688,0.09954634969653002,0.18405413659994055,1.136618632257537,0.7542809947458213,0.08848624335013937,6.882871707086431,332.12001189992895,0.5789965987205505,0.021770870313048363,1.8024440097655088,-0.10876909369019408,2.4099582240849315,-0.004885289157256811,175.63903302281867,25.87935811042831,10,8.933333333333334
normal04.mp4,35,21.0,22.2,0,0.5370202684500018,2.63626654385286,0.1124911812724136,0.18785521123193266,1.956467505309938,1.956467505309938,0.09172801833278885,6.882871707086431,323.7264134018667,0.5359072685241699,0.015414700843393803,2.4642492678146937,-0.10245947850994949,2.4099582240849315,-0.011874458497685163,168.5883269371401,24.92551296148701,10,8.166666666666666
normal04.mp4,36,21.6,22.8,0,0.4960218964616791,2.63626654385286,0.10491316448591687,0.18203266640195306,1.956467505309938,1.956467505309938,0.09406204411381644,17.463083621571815,298.0376416246609,0.3620857298374176,0.012267324142158031,2.4642492678146937,-0.09418429821574702,2.0983704516695525,-0.004106980590592086,168.5883269371401,23.80915974973741,10,7.766666666666667
normal04.mp4,37,22.2,23.4,0,0.4427938042468231,1.4868781057406177,0.07895627916942995,0.15188405755819237,1.1635872153709186,1.1635872153709186,0.07889450359458464,44.61495111151724,296.0491289207444,0.28125929832458496,0.01552573125809431,1.2536418748042593,-0.0076999581238959116,1.3083480886385246,0.0017826531326682192,172.26407158391885,23.05584230157339,9,7.366666666666666
normal04.mp4,38,22.8,24.0,0,0.4426350147580041,1.4961225305962484,0.06375931659319008,0.14491265354245642,1.1652595586619727,0.8805904272408196,0.0680789842887493,36.10688850800022,307.81631871334105,0.26451414823532104,0.01396825723350048,1.4426742629347586,0.037272615325256254,1.629161623393827,-0.00013786815571738715,172.26407158391885,23.961994778280996,11,7.666666666666667
normal04.mp4,39,23.4,24.6,0,0.47158577875593877,2.4372939925318704,0.054171442428670766,0.14233724682510696,1.2401131833756043,1.2401131833756043,0.07057718937561573,36.10688850800022,307.8697593987179,0.23861904442310333,0.011339792050421238,2.3198891832160484,0.020879191418036246,1.629161623393827,0.004171327127574763,159.65950684632557,23.155368563503522,11,8.566666666666666
normal04.mp4,40,24.0,25.2,0,0.49291020740574865,2.511839082499187,0.0811167377320556,0.1515409101244012,1.80583334274407,1.80583334274407,0.07730013054234007,39.002050093272935,307.7874284905303,0.22467967867851257,0.010881884023547173,2.3198891832160484,-0.006181739927933726,1.8634674431020812,-0.0030063445400576785,153.35326374196688,19.719373520920506,9,8.6
normal04.mp4,41,24.6,25.8,0,0.4942335424015055,2.587027837052133,0.09158594406463069,0.1698376039798589,2.320314777358414,1.830142080630242,0.08422677976735624,48.26208288396427,306.5478380945872,0.18749365210533142,0.008104411885142326,2.631525647399428,0.0034300506887865734,3.8392023434647626,0.0006790965061358623,178.38883631681327,21.089334189715697,10,8.733333333333333
normal04.mp4,42,25.2,26.4,0,0.5336779240019079,5.1314511960905556,0.1589094029264123,0.21374140857803806,4.379577214742056,2.7194036721031467,0.10630571760537078,49.69240242891242,299.5927204510793,0.147445410490036,0.004554118029773235,4.798209617745329,0.00889034240990212,6.744863827916845,0.004379864262965068,178.38883631681327,22.20805679497924,10,8.133333333333333
normal04.mp4,43,25.8,27.0,0,0.6081367245752258,5.1314511960905556,0.19580842919107816,0.2532232351837839,4.379577214742056,2.7194036721031467,0.12386161464859716,47.194566595012155,288.46398311212545,0.1553090214729309,0.004562019370496273,4.798209617745329,-0.026167079205419046,6.744863827916845,-0.0035168951477962487,169.02663640724504,25.005142908111225,9,7.033333333333333
normal04.mp4,44,26.4,27.6,0,0.7350701157240658,15.69969313508819,0.4352949043810585,0.38870776224998177,8.862936436686752,8.862936436686752,0.19076507196208592,26.404700578021913,264.90222357030257,0.38052183389663696,0.010265440680086613,9.867384205631126,-0.07638499003814776,8.499708782446987,-0.006520347844848105,177.33757006474283,26.440286910857107,10,7.133333333333334
normal04.mp4,45,27.0,28.2,0,0.7157301043580871,15.69969313508819,0.44317173284975087,0.4202925972769423,8.862936436686752,8.862936436686752,0.22425330929431844,26.404700578021913,245.59276825880644,0.45025166869163513,0.014203052967786789,9.867384205631126,-0.10002841277357553,8.499708782446987,0.01336813120409282,177.33757006474283,26.043672554412158,10,8.366666666666667
normal04.mp4,46,27.6,28.8,0,0.5951095605233975,11.059419423436111,0.3385525232058109,0.29303089843312813,9.71565183177749,8.444550092654183,0.1482063944700035,38.33137496893787,254.73662143125358,0.45025166869163513,0.012723102234303951,10.342986407224714,-0.07728218471825674,19.67755458469003,0.02801956381522697,177.5095676683302,28.77253948310787,12,9.733333333333333
normal04.mp4,47,28.2,29.4,0,0.5563477306471694,11.059419423436111,0.31615284508296393,0.2274403016379808,9.71565183177749,2.271089626297581,0.09885421218016015,14.032204538813287,277.1012479912851,0.5681661367416382,0.011760835535824299,10.342986407224714,-0.05342276828998541,19.67755458469003,0.015331916223329167,177.5095676683302,28.5098838550395,12,10.233333333333333
normal04.mp4,48,28.8,30.0,0,0.633718665331952,16.248797188084772,0.3236922162562192,0.28276361454277227,11.173031316050457,11.173031316050457,0.16312891136481186,14.032204538813287,289.96079190377833,0.5681661367416382,0.015388444066047668,6.456216328570747,-0.17516469164603013,11.28703603959815,0.07575367739175445,174.79997476437006,28.533992605815076,13,10.866666666666667
normal05.mp4,0,0.0,1.0010000000000001,0,0.8904550963615165,10.260776625414158,1.4868009525361114,0.4827603325331777,6.253982164826427,6.253982164826427,0.349302505431217,21.805224671904732,312.92675079855053,0.35323068499565125,0.010705161839723587,5.940940525058238,-0.6361957476765603,7.0387940360764105,0.23500453702516447,168.0192179335301,28.065012023430096,13,9.933333333333334
normal05.mp4,1,0.5005000000000001,1.5015,0,0.5865478749540055,5.966425992798918,0.17921776450086205,0.3010655713593639,4.630998127807013,2.2925169163937342,0.1520706339067274,22.875426802812836,284.7148954708916,0.35323068499565125,0.015738265588879585,5.940940525058238,-0.1823820643414777,5.157675134234125,-0.003379796675869058,165.1507917314941,32.79997514399127,13,10.633333333333333
normal05.mp4,2,1.0010000000000001,2.0020000000000002,0,0.5747877807566847,3.0153211582003987,0.1454525873733803,0.29510198860638576,1.8695721049217933,1.805102033746907,0.14822537968005464,27.42721985985838,283.0233469796365,0.3302622139453888,0.013220936991274357,2.346742951334562,-0.22364389213045735,2.616012049881391,-0.012713764190594723,161.0078110317058,30.953934117609677,13,9.766666666666667
normal05.mp4,3,1.5015,2.5025,0,0.7078334031285533,3.1897272582310143,0.1909160739724217,0.3263142431677996,1.7373241340907553,1.7373241340907553,0.1631633703039719,29.439246572151294,275.61770879665164,0.2650110423564911,0.011675998568534851,2.880896733617419,-0.29054645444816524,2.248552912674967,-0.021195210105914387,175.87795724759414,24.693939513779142,12,9.233333333333333
normal05.mp4,4,2.0020000000000002,3.003,0,0.7600099992335612,3.1897272582310143,0.14991424695734476,0.3532627933199264,1.7373241340907553,1.7373241340907553,0.1815352620057477,34.928722541281054,259.8385345130465,0.22932574152946472,0.0148157374933362,2.880896733617419,-0.3153283170092708,2.248552912674967,-0.01747014810120356,175.87795724759414,28.636594841718065,12,9.0
normal05.mp4,5,2.5025,3.5035000000000003,0,0.8435841982242227,6.331688815641495,0.2761974227617382,0.43942207532841565,5.112789679330442,4.433032838662031,0.21304921546339975,32.52750992351711,253.4158799467301,0.26371875405311584,0.015076849609613419,6.049718322507772,-0.4250689184397071,9.407504369902426,-0.015082106869677222,179.9240490938721,30.229348620884945,12,9.2
normal05.mp4,6,3.003,4.0040000000000004,0,0.81760307248213,6.331688815641495,0.30814502963886975,0.44462160619157437,5.112789679330442,4.433032838662031,0.21595934603881195,32.52750992351711,259.7386931304935,0.26371875405311584,0.009181217290461063,6.049718322507772,-0.4691272926628716,9.407504369902426,-0.01930760932902708,179.9240490938721,28.846596753394746,12,9.866666666666667
normal05.mp4,7,3.5035000000000003,4.5045,0,0.6681186340998904,2.856452515584879,0.17764183080743337,0.3132861639371087,2.3986128641837103,1.428334618685501,0.15768997550549632,34.87979723402959,283.039790084553,0.231523796916008,0.004823746159672737,1.6407380753187795,-0.3778248319130913,1.7967344452288643,-0.008618161455346404,175.57552044891233,27.341410528376528,12,8.533333333333333
normal05.mp4,8,4.0040000000000004,5.005,0,0.6428344373128105,3.39179965433949,0.15466931033566958,0.27761407481051276,2.230722077258645,1.606703327369156,0.13975977404165477,37.6950094549939,294.59823773062396,0.1815890222787857,0.00623032683506608,3.4396178421669106,-0.23395809554506197,2.8982034315430667,0.014320992998883867,178.72519378609138,26.033553832202415,12,8.466666666666667
normal05.mp4,9,4.5045,5.5055000000000005,0,0.696704713209683,13.800516027602951,0.461241416977986,0.3242258080814544,11.38607250377988,1.606703327369156,0.13046061767213527,36.031250005699405,286.0873974836187,0.1815890222787857,0.010187823325395584,3.8765234833054762,-0.2947333294481517,2.8982034315430667,-0.14037450423950412,178.72519378609138,29.953752604925263,12,8.633333333333333
normal05.mp4,10,5.005,6.006,0,0.7553980076321472,13.800516027602951,0.48559280381553666,0.3993852700444997,11.38607250377988,5.961511540600882,0.16633767896378948,36.031250005699405,283.195902916293,0.17732438445091248,0.010564368218183517,7.003072237768265,-0.3137068550987369,8.241408621030516,-0.16141943069837736,171.4557452310794,37.49577791714465,11,8.333333333333334
normal05.mp4,11,5.5055000000000005,6.5065,0,0.6521835321741327,6.83434266866627,0.22665737272805833,0.34647839902484023,6.284898603359156,5.961511540600882,0.17783746846564966,26.317697467743283,283.707483191406,0.30874332785606384,0.01025040540844202,7.003072237768265,-0.09386400782505971,8.241408621030516,-0.0055414290184990275,173.29649906653435,40.804427022985735,12,9.366666666666667
normal05.mp4,12,6.006,7.007000000000001,0,0.5387859515086081,1.652954062122457,0.12273627550687116,0.23243088517312835,1.269206735456391,0.7718065504542824,0.11725491063288705,26.317697467743283,270.81604670926765,0.30874332785606384,0.012852360494434834,1.895324986935293,-0.06857013441288543,2.752817770521574,0.0033907986983621437,175.00220376463517,36.43185367389284,12,9.433333333333334
normal05.mp4,13,6.5065,7.5075,0,0.6093556537740906,1.9068118590397887,0.1698178321455996,0.23909547406427742,1.2302365231421428,0.8524288416572222,0.11034205620258727,18.99441563434142,273.0488357989111,0.40909069776535034,0.01567249558866024,2.510344106102366,-0.1812437210673993,1.5052292948565764,-0.011051667493003294,175.00220376463517,27.769944856864118,12,8.8
normal05.mp4,14,7.007000000000001,8.008000000000001,0,0.7203071755365078,3.399486285542138,0.1537618995466824,0.29262555597453915,3.1236294391674297,1.3160230769161552,0.14375905810650533,18.99441563434142,297.7088436177843,0.40909069776535034,0.016473762691020966,2.510344106102366,-0.249071164026562,2.5558309465000093,0.012371634649496503,179.1509468324207,23.424889665322986,11,8.433333333333334
normal05.mp4,15,7.5075,8.5085,0,0.7178704997776438,3.399486285542138,0.167030358307307,0.3137934900009033,3.1236294391674297,1.3160230769161552,0.15843824952071284,29.356239233609898,310.71736000727896,0.2728450894355774,0.014849310740828514,1.634284050406066,-0.3140068189216849,2.704656851874404,0.01167552029206472,179.1509468324207,25.772126595840202,10,7.9
normal05.mp4,16,8.008000000000001,9.009,0,0.709223011618229,3.50362517405386,0.16857251152115346,0.322169360989542,2.5719766709153893,1.3897718248787012,0.1478606402869909,22.93523337918537,293.84791401011955,0.3599354326725006,0.01639627292752266,2.0400821851181945,-0.4058868205709425,3.4443125298379442,-0.0329369838081618,172.77156045832783,24.985023423711418,12,8.666666666666666
normal05.mp4,17,8.5085,9.509500000000001,0,0.7001079178297008,3.50362517405386,0.16982468086028543,0.3471640302044238,2.2430448248197754,2.2430448248197754,0.1746857046287837,22.27675587821843,279.76227317070175,0.3763262629508972,0.020959042012691498,2.8959477906650477,-0.4176654669669197,4.660564368544385,-0.0015592551615426725,172.95274499152393,29.10598159513698,12,9.1
normal05.mp4,18,9.009,10.01,0,0.6937966378854029,2.581590861128242,0.16358894143923858,0.3383134585926661,2.2430448248197754,2.2430448248197754,0.17609238568325095,22.27675587821843,278.0535636361743,0.3763262629508972,0.024928875267505646,2.8959477906650477,-0.3178686189606604,4.660564368544385,0.04672856342447587,173.3576052160928,35.342003443852455,10,8.5
normal05.mp4,19,9.509500000000001,10.5105,0,0.681812317038656,2.210279891163113,0.14115295682544574,0.2968976428708575,1.6050640939721288,1.055966738060832,0.14651328863401916,24.8191511556121,281.6765645739014,0.3064054250717163,0.025487814098596573,1.8375121930516798,-0.2057915638215186,1.7684209255988605,0.017957970347171497,176.04160608173586,33.00753271000732,10,8.066666666666666
normal05.mp4,20,10.01,11.011000000000001,0,0.65864538242373,2.031145908366243,0.13512995832623448,0.2653141021066803,1.3091671902774902,1.0075130945249113,0.14200529346994034,18.17449932678784,295.6986846851479,0.387401819229126,0.021849336102604866,1.893601793863695,-0.23317313516487295,1.7684209255988605,-0.018029059068204963,176.04160608173586,32.2800517673504,10,6.866666666666666
normal05.mp4,21,10.5105,11.5115,0,0.6136903873609475,2.315824222104949,0.14524863438318625,0.23462662366212003,1.3043889924423837,1.3043889924423837,0.1195413042556944,18.038633177064874,287.8735429096142,0.38969558477401733,0.02097604051232338,1.893601793863695,-0.3039847326743646,1.4850393977520184,-0.015953202264556245,177.42168357202345,33.655703552640745,12,7.366666666666666
normal05.mp4,22,11.011000000000001,12.012,0,0.6007887263077428,2.4706392732292866,0.1745433768091578,0.21946286714185775,1.3043889924423837,1.3043889924423837,0.10562855255344053,18.038633177064874,271.3797229302574,0.38969558477401733,0.018150655552744865,2.4120452120828304,-0.2538230501262349,3.446086712477438,0.0068077073661765835,177.42168357202345,32.29349626242465,12,8.033333333333333
normal05.mp4,23,11.5115,12.512500000000001,0,0.6527944216720406,6.463796462343372,0.19202470535076388,0.2984025584655923,3.4586773433872717,3.0932586435364615,0.1524943556243209,5.198450376006227,273.96161036021437,0.6188046932220459,0.014799077995121479,3.327957687667549,-0.2733910759452796,3.446086712477438,0.023625386673958606,177.47051269247302,32.50775593248863,11,8.633333333333333
normal05.mp4,24,12.012,13.013,0,0.6123198883577784,6.463796462343372,0.1501017686392385,0.30505525959822316,3.4586773433872717,3.0932586435364615,0.15695409977379804,5.198450376006227,281.9661368951937,0.6188046932220459,0.014867722056806087,3.327957687667549,-0.21696616762814555,4.391137918158336,0.02096194973646399,177.47051269247302,33.76579075537449,11,9.5
normal05.mp4,25,12.512500000000001,13.5135,0,0.5510947223514262,3.833633610640079,0.10065080344068406,0.2497308494951632,1.9336280617550374,1.9336280617550374,0.11998740326876302,28.04099396601632,266.82861859490447,0.2961694002151489,0.013554702512919903,3.8808916229528947,-0.12922556913652064,4.391137918158336,0.007184411795511306,178.20157902200583,34.31423630809065,10,9.233333333333333
normal05.mp4,26,13.013,14.014000000000001,0,0.5448618323484767,3.833633610640079,0.09631296273175326,0.2432651351990445,1.549287331985352,1.4730386597516445,0.1173506403173703,21.50590724550424,245.16619265107363,0.33741265535354614,0.01399952732026577,3.8808916229528947,-0.15431546892511358,2.991047576729894,-0.0014321013595285975,178.20157902200583,31.61423544093218,11,9.666666666666666
normal05.mp4,27,13.5135,14.5145,0,0.4810221170925588,1.9342844268981911,0.09197399209887251,0.1961937772572275,1.549287331985352,1.4430151196557344,0.09993686662142592,21.50590724550424,244.20885559910474,0.33741265535354614,0.015145228244364262,1.3739752646776324,-0.1607206781164695,1.560456202310064,-0.00444429279039819,178.14061396018053,28.4712469949065,11,9.833333333333334
normal05.mp4,28,14.014000000000001,15.015,0,0.44011683881221936,2.701809283149363,0.06574583576433501,0.1685342791603823,0.76103524764686,0.76103524764686,0.09270014700575385,29.532979026831214,241.12495438075712,0.27392977476119995,0.016366364434361458,2.442823417366128,-0.1634740159419862,1.5681330042650359,-0.010024580821973167,169.43838204053094,29.97695640770282,13,10.166666666666666
normal05.mp4,29,14.5145,15.5155,0,0.5361483223966738,5.960193155484827,0.1473774670625192,0.1902362743903017,1.1521642484565482,1.1521642484565482,0.0989636993897499,25.907226864650543,235.53927702197115,0.35465675592422485,0.016328107565641403,5.783727727778199,-0.23187394199564224,2.1917392388345007,-0.007726041575363044,178.34293526294965,27.63789338219146,13,10.566666666666666
normal05.mp4,30,15.015,16.016000000000002,0,0.560108420177157,5.960193155484827,0.15066233782260824,0.22512914565269762,2.8277500545303194,2.8277500545303194,0.11604147634772317,24.936499816785492,249.7513208259358,0.368170827627182,0.011488980613648891,5.783727727778199,-0.28976946742669873,2.66048344704501,0.00272305677165098,178.34293526294965,27.5031821965652,13,9.866666666666667
normal05.mp4,31,15.5155,16.5165,0,0.5490738548048414,4.605478955400927,0.15201012364436653,0.24758558930393276,3.811379145684855,2.8277500545303194,0.12469307016841534,24.936499816785492,260.91303320160125,0.368170827627182,0.009540176019072533,2.8802090012103463,-0.29206214794226587,2.66048344704501,3.6096828157494826e-05,178.80276067902005,32.18597167732649,12,8.666666666666666
normal05.mp4,32,16.016000000000002,17.017,0,0.5213317635209822,4.605478955400927,0.15760392474152649,0.2150722998231839,3.811379145684855,2.3654610374608014,0.10094715035347669,30.943009384238007,251.4788863985281,0.19923655688762665,0.011726831085979939,2.446679186441102,-0.1852806450525098,2.0979841530968315,0.01949706633994374,178.80276067902005,34.5735908356639,10,8.366666666666667
normal05.mp4,33,16.5165,17.517500000000002,0,0.5438043120866712,2.684384472835336,0.12185196162888494,0.20811770196768759,1.3686962172196693,1.20598044410711,0.10460670309936686,27.911167755394043,246.57340360501263,0.322637677192688,0.011730692349374294,2.2496023167921066,-0.15465000592567035,3.1982667050125713,0.027758664907640458,169.68386256110324,32.02363412401782,13,9.7
normal05.mp4,34,17.017,18.018,0,0.6308115341624424,3.474494438189528,0.12658811722322655,0.24748469885845095,2.408736610507751,1.4599922026973273,0.11940425583328441,27.911167755394043,264.66719206367634,0.322637677192688,0.014760351739823818,2.2496023167921066,-0.3404487552980909,3.1982667050125713,0.004181434732678454,170.9148348080744,34.58505347296092,13,8.8
normal05.mp4,35,17.517500000000002,18.5185,0,0.5858315376836961,3.474494438189528,0.1645686317226108,0.2590621416111481,2.5794071060930115,2.5794071060930115,0.12266041655115363,38.77720495748722,279.9413036772467,0.29880291223526,0.015717754140496254,1.3792102167471967,-0.27327567445680234,3.6132467336764194,-0.008672383339506743,170.9148348080744,35.61149477182928,8,6.6
normal05.mp4,36,18.018,19.019000000000002,0,0.5937152378954969,2.8847965774815867,0.15214793805966545,0.27255186453863783,2.5794071060930115,2.5794071060930115,0.13752561320999268,43.69760363175731,282.7871040953567,0.14279602468013763,0.01017888356000185,1.159428429039167,-0.26516422455935873,3.6132467336764194,-0.0024026103060532144,164.58632962456522,29.52075143710599,9,7.0
normal05.mp4,37,18.5185,19.5195,0,0.6331213623528121,2.510192780194745,0.13835092351888814,0.2633771890070347,2.2717564737248885,2.2717564737248885,0.13194253235375103,23.641547639545124,284.9432522482595,0.3875867426395416,0.010127928107976913,2.681489158849814,-0.36447773842156633,4.688560807014255,0.015678679823510858,163.89013318623765,27.66384973446687,11,8.133333333333333
normal05.mp4,38,19.019000000000002,20.02,0,0.6170928433282936,2.504187329588784,0.12453804287391802,0.2243462795731156,1.735827927963002,1.735827927963002,0.11264453029069495,23.641547639545124,286.7816090896561,0.3875867426395416,0.011751098558306694,2.681489158849814,-0.31326472040272446,4.688560807014255,0.004704512006877822,163.3710646081215,25.25587020846951,11,7.9
normal05.mp4,39,19.5195,20.520500000000002,0,0.6814898593313745,4.232159665852837,0.20554989330903906,0.2390552480269906,1.541874390181034,1.541874390181034,0.13510960881552894,43.18142208652281,272.1239849424645,0.16007272899150848,0.00761451106518507,4.120049453313214,-0.2595215590208817,2.219132424298664,-0.008755040422695086,142.47377669988987,23.179678828499153,8,6.5
normal05.mp4,40,20.02,21.021,0,0.668477123944572,4.232159665852837,0.2085590881710016,0.2395070732552721,1.541874390181034,1.541874390181034,0.13111198613953265,51.777527130535006,272.92733115135326,0.11632001399993896,0.002950682770460844,4.120049453313214,-0.15566135611861917,2.219132424298664,-0.01977231827930894,136.95169394171933,21.19450177515676,7,5.233333333333333
normal05.mp4,41,20.520500000000002,21.5215,0,0.5775302404763584,2.2444838061432066,0.10368816966789896,0.20654178046041186,1.2545492876716313,1.0579255271553407,0.09384427300485566,28.958673565633493,307.36852226015145,0.32312044501304626,0.0016726907342672348,1.1363242650468948,-0.1757939176039218,1.0214928478014826,-0.008750467326522324,140.60701842013296,20.40997995158959,7,5.533333333333333
normal05.mp4,42,21.021,22.022000000000002,0,0.7639836889099333,6.568531658273682,0.3403835086005613,0.357268729364012,5.994117833916682,2.460109594828199,0.16529486392525922,28.958673565633493,307.49924188756916,0.32312044501304626,0.0031958594918251038,2.7062677592578552,-0.2203946316857369,6.636034860783013,-0.01502306445433817,176.26550134588044,27.356523646383902,7,6.433333333333334
normal05.mp4,43,21.5215,22.5225,0,0.8313241571604735,6.568531658273682,0.30208623006754276,0.39571465718367044,5.994117833916682,2.460109594828199,0.19761707483097082,40.78477244096756,256.0966162532993,0.20653143525123596,0.0060823517851531506,2.7062677592578552,-0.2195027109190607,6.636034860783013,-0.022470121245368627,178.3431115894398,33.578545347828715,8,6.766666666666667
normal05.mp4,44,22.022000000000002,23.023,0,0.711994733549403,9.766487181988985,0.24378658217356663,0.35009440401140074,9.139314687142138,5.742870994125298,0.18365882310492113,40.78477244096756,219.35135387954998,0.20653143525123596,0.0050680735148489475,1.2488449096841236,-0.3360132313975776,3.405623088524777,0.020493711640188973,178.3431115894398,32.40899543308193,9,6.766666666666667
normal05.mp4,45,22.5225,23.523500000000002,0,0.7168986284717748,9.766487181988985,0.25614015101142157,0.3240304291679654,9.139314687142138,5.742870994125298,0.1601151264246574,19.326478251264255,222.0915717106204,0.3643759787082672,0.006446087267249823,1.2488449096841236,-0.534898939564078,3.405623088524777,0.002927079350945379,170.91288880405094,25.515808223840505,9,6.2
normal05.mp4,46,23.023,24.024,0,0.7710184208469077,8.81763006053373,0.27470161331022,0.36512807370455463,7.9979893966420645,5.016930901411881,0.1829015291909413,19.326478251264255,220.18781485266257,0.3643759787082672,0.011255372315645218,8.939973119874196,-0.5708016661932683,9.826588351910061,0.015263783456754061,176.00525474277532,25.767459058822627,10,6.766666666666667
normal05.mp4,47,23.523500000000002,24.5245,0,0.7785779706489582,8.81763006053373,0.27209187676315383,0.39822336549536064,7.9979893966420645,5.016930901411881,0.20554451377499008,23.37185946423106,217.5558899620237,0.34226733446121216,0.011254489421844482,8.939973119874196,-0.42894920344818466,9.826588351910061,0.008723636028967882,176.00525474277532,34.26187922480973,10,7.6
normal05.mp4,48,24.024,25.025000000000002,0,0.7885026428761202,3.7445233488457164,0.2038480784752516,0.328234584235164,3.143443719509649,1.9324986075605504,0.1596594973421453,20.702944531283947,224.57943651756221,0.3852041959762573,0.011410584673285484,2.630889866780535,-0.2969587170517255,5.3004341035351,-0.02309647822867228,178.16975005722978,30.26812814608322,10,7.0
normal05.mp4,49,24.5245,25.5255,0,0.9280635611527096,9.021715564711778,0.31982294490193336,0.36892946439439916,8.141840601801432,2.4518363679838133,0.15788201350983394,20.702944531283947,250.18663555974942,0.3852041959762573,0.009106410667300224,9.076904035808951,-0.29142177385249907,15.971228582851232,0.007815925192678602,178.16975005722978,25.233488626743238,8,6.1
normal05.mp4,50,25.025000000000002,26.026,0,0.872896038758014,9.021715564711778,0.32183414810704525,0.32374964326073996,8.141840601801432,2.4518363679838133,0.14740774986898722,7.543893953228782,273.8832645801488,0.6156906485557556,0.009710291400551796,9.076904035808951,-0.27148497076194916,15.971228582851232,0.005240449959807386,176.91909049071785,24.945899273168056,9,6.333333333333333
normal05.mp4,51,25.5255,26.526500000000002,0,0.88680995819411,7.235479271222859,0.28113015099211747,0.36948842993617703,4.938281418998937,3.3481309149801732,0.19167231067533028,7.543893953228782,266.4381095578594,0.6156906485557556,0.009796184487640858,7.159604014177106,-0.08934898208207004,5.448361481743021,-0.044885315078278115,178.95546296291928,30.851101216629296,11,7.666666666666667
normal05.mp4,52,26.026,27.027,0,0.9674535916666425,7.235479271222859,0.2432108511326003,0.43863911363229646,4.938281418998937,3.3481309149801732,0.22403619675002429,22.641861383607267,267.2722972645536,0.2964498698711395,0.0040887449868023396,7.159604014177106,-0.04335542338721143,5.448361481743021,-0.04044089323439235,178.95546296291928,29.42603169600178,11,7.7
normal05.mp4,53,26.526500000000002,27.5275,0,0.8774421118048402,4.191783437106575,0.19534269262162796,0.4221810760932268,2.5455275321678292,2.5455275321678292,0.23476477253569208,22.641861383607267,287.4151454365681,0.2964498698711395,0.0034826502669602633,3.5587835018652783,-0.1720975228014556,3.8439116884453597,0.018770970631471942,174.87078623446138,22.054393046879945,10,6.233333333333333
normal05.mp4,54,27.027,28.028000000000002,0,0.835039457623754,3.059672110526734,0.2101041729717341,0.44271560362408113,2.3471489215174706,2.3471489215174706,0.24108762874860704,26.019587275263348,287.19521915423115,0.3426060974597931,0.008770343847572803,3.5225365176746664,-0.2580160181963483,3.8439116884453597,0.045177331393122036,174.87078623446138,29.528266467616223,12,6.6
normal05.mp4,55,27.5275,28.5285,0,0.7622862891997172,3.7392486062562935,0.2055047692123352,0.40576405249718767,2.8205831505968773,1.932057674918995,0.20563025798200868,9.548332966173154,248.43101874320305,0.6456954479217529,0.01171127613633871,4.025890594013092,-0.030822567983060194,3.8826999277764145,0.05324448035526893,178.22862117295367,34.41700876924098,12,8.266666666666667
normal05.mp4,56,28.028000000000002,29.029,0,0.7145269005004589,3.7392486062562935,0.1886743515747443,0.3274206769561307,2.8205831505968773,1.6309153003988,0.1591365978343306,9.09049126667498,216.06997202186932,0.6712559461593628,0.013334219343960285,4.025890594013092,0.07571506080686286,3.8826999277764145,0.01022059985257494,178.25065973168347,31.956686820806173,12,9.166666666666666
normal05.mp4,57,28.5285,29.529500000000002,0,0.691295816882061,3.3994769255215433,0.18240490083119848,0.30102396668587716,2.1729936316420697,1.60043408414113,0.14266962622351573,9.09049126667498,213.69556171347466,0.6712559461593628,0.014301910065114498,3.2134123557104317,0.0461718207879638,3.0814250306981847,-0.03007010755842634,178.25065973168347,32.3952712976464,12,9.433333333333334
normal05.mp4,58,29.029,30.03,0,0.6635655706764235,3.3994769255215433,0.14380690282993136,0.3045057464793853,2.1729936316420697,1.725309284469554,0.15087740350131568,29.40823479201193,209.62435905041593,0.3039165735244751,0.01198003813624382,3.2134123557104317,0.11529639072329498,3.0814250306981847,0.0012042124371144805,167.16868028218127,34.550420824808015,12,9.866666666666667
normal05.mp4,59,29.529500000000002,30.5305,0,0.7048123265278463,2.3986881993716116,0.12195667003975942,0.3009626996816832,2.0740961198480754,1.725309284469554,0.1427636099926484,31.637634801903165,207.83204917806972,0.1997939646244049,0.00759082892909646,2.2859928517946173,0.05560940250615662,2.0567185755280377,0.010874355431331662,174.40957653450937,33.30297833520285,12,9.7
normal05.mp4,60,30.03,31.031,0,0.7182732272570916,2.3986881993716116,0.11837089411548168,0.2660193716313553,2.0740961198480754,1.6084699118153156,0.12872400515695648,29.87768305893195,215.7965893576128,0.1997939646244049,0.005850120447576046,2.6831264942074426,-0.011304396795561642,2.2813041415041084,-0.007022084620320805,177.2694800054039,30.379890178179235,12,9.466666666666667
normal05.mp4,61,30.5305,31.5315,0,0.6979153149069907,4.064584090305632,0.11553422855645906,0.27710526549254816,2.0222203736393247,1.9223381929052739,0.14068906840321685,11.680765885426823,208.95984090585625,0.6186796426773071,0.012193499132990837,2.8813338692624626,-0.09600384533997089,2.2813041415041084,0.00015242288470936337,179.860569928906,30.206890287450545,12,9.666666666666666
normal05.mp4,62,31.031,32.032000000000004,0,0.7037728497921237,4.064584090305632,0.11428919034825194,0.30731586476747363,2.0222203736393247,1.9223381929052739,0.15803444236256264,11.603385102995988,202.48275512076123,0.6186796426773071,0.018232768401503563,2.947534407484113,-0.09385349409156622,2.498722525361927,0.01532343341780818,179.860569928906,30.396016157771154,12,9.466666666666667
normal05.mp4,63,31.5315,32.5325,0,0.6798302973747289,3.019820160787961,0.12463576086705262,0.2661311804924792,1.913798715556993,1.3480392693817596,0.14131916647445655,11.603385102995988,209.12507978549073,0.5290250778198242,0.017291869968175888,2.947534407484113,-0.1505893304657332,2.498722525361927,0.004072151642044327,159.33537752659268,27.510006292727496,11,8.6
normal05.mp4,64,32.032000000000004,33.033,0,0.7295599622483028,3.5023385903267057,0.19447798487764661,0.3138221889475336,2.155952876494012,1.660247281454901,0.15436336453526034,30.881356786249604,193.39255449160314,0.2610984742641449,0.017864402383565903,2.1615044686770943,-0.3382344147312476,1.7855325785819858,-0.020896081616902824,169.8062084944794,24.482057678315304,10,7.733333333333333
