video,window_id,window_start_sec,window_end_sec,mean_speed,max_speed,speed_std,mean_acceleration,max_acceleration,min_pair_distance,mean_pair_distance,max_iou,mean_iou,max_approach_rate,mean_approach_rate,max_approach_acceleration,mean_approach_acceleration,max_direction_change,mean_direction_change,max_speed_drop,mean_speed_drop,max_vehicle_count,mean_vehicle_count,label
accident01.mp4,0,0.0,1.0,0.4110711337524509,3.363030366806447,0.2300354288692315,0.2636422535795375,1.7507939282813072,0.18412191682362283,548.5628909666742,0.969351589679718,0.016445754980668425,2.195797962995357,-0.06036085759083663,2.4420508023624734,0.0009268506410145908,179.91460671508736,50.528887085772226,1.6209554464447722,0.14531432893739774,8.0,6.566666666666666,0
accident01.mp4,1,0.5,1.5,0.33915929022577934,1.9221995770642932,0.1329692724454821,0.20774661099529848,1.499077912562166,1.392942030017787,226.23164028129491,0.969351589679718,0.010222943499684334,2.051683130647234,-0.04769389137706325,2.1715259089337735,-0.007591653765756993,179.91460671508736,61.2850734948827,1.2231018496490964,0.11044753844812992,8.0,6.5,0
accident01.mp4,2,1.0,2.0,0.33088876361683844,2.1689340950969083,0.1346428782377675,0.19620092639510786,1.9473618228106053,42.904389668530314,231.17039018302285,0.029654081910848618,0.001417546416632831,2.3032906823041515,0.05482071503922318,2.2211311764073685,-0.0007332794543363923,179.4488664308289,55.94384348529549,1.9473618228106053,0.10054668583759298,8.0,6.133333333333334,0
accident01.mp4,3,1.5,2.5,0.39315070789488143,2.1689340950969083,0.21087732177545498,0.2475470400531221,1.9473618228106053,43.10074774832056,246.3546440012636,0.027534758672118187,0.0006149038672447205,2.90679640371593,0.17767714060360135,2.2211311764073685,0.02974997997321124,179.4488664308289,46.279981616781775,1.9473618228106053,0.11627320538624732,8.0,5.666666666666667,0
accident01.mp4,4,2.0,3.0,0.506269353960702,2.1476145476363384,0.22957384186322338,0.275744165263465,1.2898558755847271,43.38919671527046,266.70769078423825,0.027534758672118187,4.3705967982532457e-05,2.90679640371593,0.4222582871961157,1.7759572457528634,0.00796932490244827,178.61856503497086,38.47518314598252,1.2898558755847271,0.13479753595553107,7.0,4.433333333333334,0
accident01.mp4,5,2.5,3.5,0.6671487084772733,2.628176779608037,0.22621545600119342,0.3113508607405369,1.91549215413021,6.619589009175821,263.1305738045578,0.6610732674598694,0.003536629257723689,3.603028942273397,0.630100115972675,2.2323887471089847,0.009538463063188406,173.40719781950455,33.20349660681672,1.5214476830958625,0.1542520899214617,6.0,4.3,1
accident01.mp4,6,3.0,4.0,0.8329695190609929,3.1638886083470252,0.2900264715159529,0.41814833154474246,1.9465662187231538,6.619589009175821,252.91300346158832,0.6610732674598694,0.004129885695874691,3.853095550286298,0.7007332043491263,2.351287881562655,0.023158045092144638,173.40719781950455,38.12728174408093,1.9465662187231538,0.20227842761498585,6.0,4.966666666666667,1
accident01.mp4,7,3.5,4.5,1.2160406530777637,12.85391578798077,0.7025971032986679,0.5642780293194466,8.526925002533883,0.844190452218092,242.55761197175102,0.9892852902412415,0.0026399448979645967,15.392442916327695,0.9682850063366004,8.837837650341683,0.02800826547665449,167.71601051337504,38.6143000823188,6.15984328589089,0.2645254526040191,8.0,6.0,1
accident01.mp4,8,4.0,5.0,1.0805761529249618,12.85391578798077,0.7745925609811029,0.5079466012095528,8.526925002533883,0.844190452218092,234.80048110973345,0.9892852902412415,0.0039335559122264385,15.392442916327695,0.7387188924893925,8.837837650341683,0.020464975045830273,176.40002901080308,40.11980675378137,6.15984328589089,0.24713460351505784,8.0,6.366666666666666,1
accident01.mp4,9,4.5,5.5,0.662168773762319,5.454442918151956,0.2980064418275759,0.40146357893271173,3.8873964696980874,2.823472854569844,225.19459630700692,0.6786849498748779,0.003876553615555167,5.0430692366304015,0.1643522885850686,7.452702422423329,-0.03050492187859697,176.40002901080308,49.52513345827307,3.569123249967647,0.22324630394059153,9.0,6.7,1
accident01.mp4,10,5.0,6.0,0.5455018737036258,5.454442918151956,0.2908252105957169,0.31813017700078944,3.8873964696980874,2.823472854569844,212.96038822431254,0.6786849498748779,0.0038068746216595173,6.0157818071988345,0.08409720398509823,7.452702422423329,-0.033409415175225526,176.66688709881973,58.674666831131844,3.569123249967647,0.16833495373204516,9.0,7.4,1
accident01.mp4,11,5.5,6.5,0.316767170711314,5.241936760824919,0.2113038402267278,0.1737691665117255,1.46237269028585,3.2430494383038395,220.78167028857797,0.6117008924484253,0.0029008775018155575,6.0157818071988345,0.014021772911314826,4.641157905628717,-0.014754423710997158,178.05154373756193,53.86469433799561,1.46237269028585,0.08949742368247647,9.0,6.766666666666667,1
accident01.mp4,12,6.0,7.0,0.2180084428871464,2.1591025529267966,0.12144923791268844,0.12270654978403679,1.9244256890789133,38.248084388296895,231.48593340682842,0.02967468835413456,0.002221390837803483,1.8347464506600772,-0.07738121636532196,1.8777302914462268,0.0011101138539712095,178.05154373756193,55.48122937653602,0.7860960482898118,0.0571601224533879,8.0,5.866666666666666,0
accident01.mp4,13,6.5,7.5,0.19822175783131307,2.1591025529267966,0.10990593907175951,0.10558332931064392,1.9244256890789133,38.248084388296895,226.76790132537346,0.030287548899650574,0.0020299358293414116,1.9258819731080052,-0.110063738394731,3.1512697090226425,0.006498963573654632,176.9572484799558,63.39527051588439,0.8915481395886682,0.055452285960118065,7.0,6.0,0
accident01.mp4,14,7.0,8.0,0.1674785022088187,2.0364758191738614,0.08667801243313764,0.09190384105987137,0.8915481395886682,39.296921680105996,217.9847108678129,0.030287548899650574,0.0015576030127704144,1.9258819731080052,-0.10087601660839683,3.1512697090226425,-0.0053185748459113,179.79726974453862,65.97939309924716,0.8915481395886682,0.05171813458398335,7.0,6.633333333333334,0
accident01.mp4,15,7.5,8.5,0.15485078135857222,1.1063501737413006,0.05026536608396881,0.08354782570710609,0.8222524387878849,45.506569118311866,201.6151568925396,0.027966225519776344,0.000706455553881824,1.059381956293933,-0.11673887261604028,0.8307839418318395,-0.005840182585856529,179.79726974453862,58.42600105359536,0.8222524387878849,0.04007968628993262,7.0,6.5,0
accident01.mp4,16,8.0,9.0,0.14468949131546557,1.0280022425002289,0.05390175623942525,0.07588717923148208,0.8222524387878849,44.73764845951408,191.74558196058015,0.025884278118610382,4.1086157580139115e-05,0.955063178516049,-0.08017830733510126,0.8307839418318395,0.004451512578513706,176.58783637765706,50.67340956434847,0.8222524387878849,0.0372680486615296,7.0,5.8,0
accident01.mp4,17,8.5,9.5,0.188581938981474,1.750006870768914,0.11229693177129087,0.10967760666416068,1.5920229747223003,35.074667870780075,202.89073867890437,0.026951100677251816,9.998727182392031e-05,2.1713404713522664,-0.025448597088908172,1.9345365716983167,0.017750899190334932,179.3010336407063,52.01917130857589,1.0570806256793277,0.05223737795763574,7.0,5.766666666666667,0
accident01.mp4,18,9.0,10.0,0.26936544194206397,1.750006870768914,0.10477427268275624,0.16421889989422042,1.5920229747223003,29.143656173336602,200.63839772723685,0.026951100677251816,0.00012886848708149046,2.1713404713522664,-0.07063422063454333,1.9345365716983167,-0.00848469600156856,179.3010336407063,49.36203234996774,1.0570806256793277,0.07874882454949317,7.0,6.266666666666667,0
accident01.mp4,19,9.5,10.5,0.27188490660463466,1.9775068572447831,0.10153185117291696,0.17538827446523203,1.1223187466375302,22.72661665298992,202.638656905467,0.033029574900865555,0.0004884769441559911,2.0121214151647564,-0.021543599564698937,1.6570137716679127,-0.008473291866160177,179.25501165524372,47.65813641330649,0.9913263721237211,0.0908065413259548,7.0,6.366666666666666,0
accident01.mp4,20,10.0,11.0,0.2369577341106391,3.4544103729820974,0.13846909894468193,0.18527525989752539,2.953970673736326,21.99035137324897,224.74536636416798,0.033029574900865555,0.0004945775726810098,3.338682053181884,0.10721873852523181,2.751576334375642,0.020601885045475943,179.25501165524372,56.78129247067493,2.953970673736326,0.09210052729774885,7.0,5.466666666666667,0
accident01.mp4,21,10.5,11.5,0.21909541691915066,3.4544103729820974,0.15108316843064706,0.20105180357084568,2.953970673736326,21.99035137324897,225.72357442136743,0.022038523107767105,3.498178193694912e-05,3.338682053181884,0.09319018751089363,2.751576334375642,0.013411176435537112,177.82511972848297,63.307699265792955,2.953970673736326,0.09770354870185051,7.0,4.866666666666666,0
accident02.mp4,0,0.0,1.0,0.35915726429227435,2.9524101721531872,0.1908263304600413,0.19012633468546544,2.6291807312047295,36.71838843189501,184.460131293605,0.0,0.0,3.2945962938983655,0.30168985138033316,3.0700524150889805,-0.014486482490697497,166.06665621334238,45.05209087423044,1.3594916613619097,0.09837231113756507,5.0,4.2,0
accident02.mp4,1,0.5,1.5,0.32659344597232465,2.9524101721531872,0.19192753451747607,0.1978003646542201,2.6291807312047295,33.156778107398644,203.14754933800205,0.0,0.0,3.2945962938983655,0.18421451946625703,3.0700524150889805,-0.021515580220174937,179.35000236055637,54.45387940265469,1.3594916613619097,0.09878624740705805,6.0,4.566666666666666,0
accident02.mp4,2,1.0,2.0,0.7047293655404053,9.54341857098346,0.5375764166563418,0.24262351422051606,2.4345533670408086,3.511650200177141,207.82916748473053,0.7169216871261597,0.008439102210104465,9.483272073587727,0.6924996779990117,2.7673220171980972,-0.04479422792389071,179.35000236055637,52.551618282283336,2.4345533670408086,0.1311565548468972,7.0,5.433333333333334,0
accident02.mp4,3,1.5,2.5,1.4558525578986699,14.611921508605462,0.9088565666522254,0.4055652400367355,7.101423248623697,1.949915018662338,195.04379668219434,0.848436176776886,0.013156210072338581,15.039450542871208,1.8531061526514014,6.688815842977846,0.00846402910737317,176.02108524254345,53.851708501340596,7.101423248623697,0.1909026970174007,7.0,5.866666666666666,0
accident02.mp4,4,2.0,3.0,1.7963001603456956,14.611921508605462,0.8277395094374325,0.44027752277798926,7.101423248623697,1.949915018662338,199.51638666013386,0.848436176776886,0.007767158560454845,15.039450542871208,1.8468178202565375,6.688815842977846,-0.026151151671273094,176.02108524254345,51.16146920207733,7.101423248623697,0.21063122965244455,6.0,4.933333333333334,0
accident02.mp4,5,2.5,3.5,1.7134493557605266,7.577926191599135,0.4740949335942907,0.48207927187057537,4.238631270094849,34.874930874026376,213.64583613367878,0.07028134912252426,0.005003728903830051,7.723838004302138,1.1949071836404646,2.554270847767434,-0.07386542744669145,171.437183360658,41.40112575969387,3.751289363513377,0.22466469442429415,7.0,4.7,0
accident02.mp4,6,3.0,4.0,2.009418697033098,6.276843244977671,0.7109455286572421,0.563667069741139,4.238631270094849,46.448927585541234,556.2613034861006,0.07028134912252426,0.0020834720654723544,7.766994715401893,2.049280066388464,2.554270847767434,-0.2818197686432549,171.437183360658,31.251424654357088,3.751289363513377,0.27632495045562444,7.0,4.166666666666667,0
accident02.mp4,7,3.5,4.5,2.4225958924517093,7.5653520797655505,0.6352861793660546,0.49684707749841783,2.8453653794739093,53.55566645205267,596.7229592513488,0.023362992331385612,0.00012979439925402402,7.766994715401893,2.9087234088366727,3.5810326614232793,-0.13255545091860588,159.2442630666483,28.29746890005539,2.8453653794739093,0.2739185594366072,5.0,3.4,0
accident02.mp4,8,4.0,5.0,2.606878502191054,8.455966007782798,0.5655559722957629,0.5010126969043983,7.457470131095909,52.088563203984,249.97623173142205,0.0,0.0,13.527442789600855,2.906420193582126,8.361870704717262,0.041488791301675945,176.13999771079273,32.52001737393382,3.3447056957809203,0.2442377760582466,6.0,4.133333333333334,1
accident02.mp4,9,4.5,5.5,2.003397535110498,8.455966007782798,0.8746847180428755,0.3992197631468747,7.457470131095909,41.270307150649806,204.88560505044353,0.13436254858970642,0.000681779463775456,13.527442789600855,2.1075530747425133,8.361870704717262,-0.1281084608166597,176.31679578709023,36.953257069281364,3.3447056957809203,0.20358191141674584,7.0,4.8,1
accident02.mp4,10,5.0,6.0,1.1507890914528671,4.656036110976439,0.29410023256514495,0.26580185479813534,1.617341122532517,0.14538852311044234,204.32575675990404,0.9710394740104675,0.005895919166505337,4.620513555888692,1.084766572340444,1.4273216532415631,-0.049141349916660484,176.31679578709023,36.95629310471533,1.617341122532517,0.14696080672646308,7.0,5.233333333333333,1
accident02.mp4,11,5.5,6.5,0.8893712491792267,3.1348175083899585,0.24305169643295751,0.2558748688225613,1.617341122532517,0.061311631581638666,196.2049884583874,0.9916295409202576,0.024963775649666786,2.7266335740234524,0.6916263141876638,1.5723661153869557,-0.014605807789427891,168.38169918505875,33.13812537615796,1.617341122532517,0.13664649623026764,8.0,5.833333333333333,1
accident02.mp4,12,6.0,7.0,0.7748146827431835,5.419228327612127,0.2337187085013013,0.2784064907658769,3.3707546139552154,0.061311631581638666,193.8881757863991,0.9916295409202576,0.042414698749780655,5.2677734343319855,0.442498485778227,2.2111540392495925,0.008452490703910654,179.71074985980758,41.75266175797726,3.3707546139552154,0.14166129696673985,9.0,6.6,1
accident02.mp4,13,6.5,7.5,0.850173555797619,5.419228327612127,0.26834057917899257,0.36170320254692684,3.3707546139552154,0.012841130010891277,211.53572022607088,0.9981393814086914,0.04309834912419319,5.769975081161533,0.5619223797809286,3.7199223595053645,0.003939402620623053,179.71074985980758,47.93623814454479,3.3707546139552154,0.18017729397373075,9.0,6.933333333333334,1
accident02.mp4,14,7.0,8.0,1.022495680098376,5.441832860262256,0.2632928351429192,0.3203741595833088,3.107842760748552,0.012841130010891277,216.9846234846522,0.9981393814086914,0.02336466684937477,5.769975081161533,0.8629261238827107,3.7199223595053645,-0.013557781841009867,177.57523051540693,44.034393154771564,3.107842760748552,0.1673991672336067,8.0,6.566666666666666,1
accident02.mp4,15,7.5,8.5,1.0774602176272572,5.441832860262256,0.2197406144533095,0.26458018362856395,1.2869324496537522,0.263536072126321,217.39124614501563,0.9721554517745972,0.030471138656139374,5.430676414537174,1.1181613505154018,1.1348799083665426,-0.05978489349709512,178.5715477802517,45.96222596994314,1.0738589462111618,0.1411758452588345,7.0,5.533333333333333,1
accident02.mp4,16,8.0,9.0,0.9530021526992475,5.428519552179078,0.23750702725054615,0.31199227048645145,3.4891415383491995,0.263536072126321,228.93466846321851,0.9721554517745972,0.02827671729028225,5.24124927975447,0.7754736518633003,8.683950795796775,-0.04237563342241987,178.5715477802517,50.95154068311128,3.4891415383491995,0.16960461209998037,7.0,4.833333333333333,1
accident02.mp4,17,8.5,9.5,0.8636313279883574,5.428519552179078,0.24312870295774305,0.31911202637028585,3.4891415383491995,2.99369313603155,170.4393873359382,0.7064498066902161,0.002306843874976039,5.24124927975447,0.5505672951420514,8.683950795796775,-0.009433313834255785,179.3801941066827,42.28384220985694,3.4891415383491995,0.16784002969676093,7.0,4.633333333333334,0
accident03.mp4,0,0.0,1.0,4.145019115752229,13.438346306633502,1.7000550652603437,1.7103301535977737,8.466499751160221,12.494350051772027,231.8875756644555,0.602837324142456,0.12776213884353638,8.492191865460995,0.4610641237341392,8.072388019600353,0.12925927038039836,131.09459592415436,16.788328709756392,8.466499751160221,0.8269994044229293,7.0,5.033333333333333,0
accident03.mp4,1,0.5,1.5,2.6662480087637186,12.010318593147593,2.3785260254426714,1.183822483427479,7.959219347088754,12.494350051772027,1837.7265207095566,0.602837324142456,0.07070730129877727,5.878229076695504,0.05669886752016199,7.4675787542308285,-0.00868049681651124,160.251717469379,28.26215658630007,7.869187558114852,0.6089157770184965,7.0,4.133333333333334,0
accident03.mp4,2,1.0,2.0,0.7955819338234991,7.535452434445081,1.1221190665272234,0.5563119613670529,5.442582593805559,16.648437983242342,1782.289423538367,0.5837041139602661,0.012693132708470027,5.038222984253689,0.6385413190013314,7.4675787542308285,0.04036793550353815,160.251717469379,33.627263437151996,4.634279911201103,0.2844658264594536,6.0,2.2,0
accident03.mp4,3,1.5,2.5,0.7335156971387483,3.0117624356744863,0.43903389591604436,0.45407644691762833,2.102317955038596,0.14596021412278812,154.1616202444453,0.8218275904655457,0.009046890772879124,3.9137017778871837,1.1042471454336455,2.349797883282349,0.01963150370543316,122.12448833856735,19.525785887197255,2.102317955038596,0.21578450619336434,4.0,2.2333333333333334,0
accident03.mp4,4,2.0,3.0,1.0200704423596283,4.637801717983189,0.5387913697160609,0.5045096329727486,3.2075331627622647,0.14596021412278812,234.12982792023433,0.8218275904655457,0.009046890772879124,5.445709672240866,1.4543017003144483,3.572373564008558,-0.06234878225039669,49.817727817412816,13.159715950591833,3.2075331627622647,0.26231442169459146,4.0,2.6666666666666665,0
accident03.mp4,5,2.5,3.5,1.5670764062101523,7.9554818998408345,1.0874866156768468,1.0941588410274639,7.316286216749282,62.427606350030324,283.8557328036948,0.0019685218576341867,2.1872465367778204e-05,10.33260253082392,2.051204860666195,9.47846575095258,0.11372077617778958,49.817727817412816,13.747509331301055,3.6176472521401677,0.5025784650021565,3.0,2.933333333333333,0
accident03.mp4,6,3.0,4.0,2.232500968186895,7.9554818998408345,1.3167476133908238,1.5444709400195735,7.316286216749282,56.126513397667864,267.0023205672463,0.0019685218576341867,3.0195760700735264e-05,10.91625733662653,2.5177525091764488,10.027889841374986,0.00116061086054966,45.08541432169904,7.940890570968496,3.7754066957102888,0.7562239747907188,3.0,2.933333333333333,0
accident03.mp4,7,3.5,4.5,2.653931651480917,7.615330305163161,1.1483507681539034,1.3870761359329147,7.027098829662449,56.126513397667864,260.7491210543399,0.000749096623621881,8.323296242451761e-06,10.91625733662653,1.8234566769216785,10.027889841374986,-0.15435971045575597,55.087296063155634,5.488297266829172,3.7754066957102888,0.7116052712882351,4.0,3.2666666666666666,0
accident03.mp4,8,4.0,5.0,3.173108624489168,12.331357566281461,1.5026490179005827,1.7494292118240478,11.306228645085739,65.57061412207759,268.02615439075583,0.0,0.0,12.000820892137483,1.4817300612847293,10.39170473275911,-0.14838333388477398,123.64173397941461,10.183880521475574,9.332087418865022,0.8290173036673084,4.0,3.533333333333333,0
accident03.mp4,9,4.5,5.5,4.254872134895369,15.551500404636531,1.9717005724344567,2.385563809457172,11.57873008615556,122.73683405299818,269.5881773594366,0.0,0.0,14.585820022686704,1.1617699025124852,11.803394777839202,-0.23418007935781346,123.64173397941461,10.982996429566265,9.332087418865022,1.184779665449752,4.0,3.6,0
accident03.mp4,10,5.0,6.0,4.882980944672429,15.551500404636531,1.9050664332297977,2.1156642861850457,11.57873008615556,122.90553530018072,229.72249120324378,0.0,0.0,14.585820022686704,1.5801260058329618,11.803394777839202,-0.19623282568520828,44.713314825278275,6.126374043957684,7.2031866030727985,1.0870668574935107,4.0,3.3666666666666667,0
accident03.mp4,11,5.5,6.5,5.5048763132154965,26.764113845442026,2.9413977524331636,2.9268859096358564,22.639440715250696,0.39913971362658685,182.83264455276094,0.9676337242126465,0.022323930636048317,25.145424309716134,3.008181050412541,22.648603899129256,-0.862156169225869,132.05360175962556,9.943472502028953,22.639440715250696,1.4345923873384927,4.0,3.2666666666666666,0
accident03.mp4,12,6.0,7.0,5.005141228208089,26.764113845442026,2.9547800229586296,3.0343619382230007,22.639440715250696,0.39913971362658685,175.97855851891816,0.9676337242126465,0.024380071088671684,25.145424309716134,2.4157985094492345,22.648603899129256,-0.89653151868095,132.05360175962556,14.20505430155572,22.639440715250696,1.525062204804326,4.0,3.8,1
accident03.mp4,13,6.5,7.5,3.147384728724161,14.856365697540257,1.3551704974731456,1.58709215861347,11.681772181753622,59.9867260307875,149.28975181538772,0.14188888669013977,0.0021683003287762403,14.145595132291675,0.9371835524948805,10.797486374158552,-0.1943770730926224,175.05973739718,15.153639196486296,8.207734808075317,0.8516526604121407,5.0,3.7666666666666666,1
accident03.mp4,14,7.0,8.0,2.1291248433189027,7.664326411410617,0.9100084182028981,1.1334753672449742,5.434646479464113,0.4951869326160132,114.36096042653894,0.9562287926673889,0.02125808596611023,8.727525904522508,-0.15652041628838556,10.797486374158552,-0.061109891593808655,175.05973739718,14.530344056515144,4.70958896928523,0.590580161435713,5.0,3.3666666666666667,1
accident03.mp4,15,7.5,8.5,1.342608964893288,5.28393625456272,0.76985479385624,0.7681190093742869,4.059190424659956,0.48920209244287627,109.01202640575427,0.974206805229187,0.03757183253765106,4.695058254867519,-0.5986995759410959,5.53963550785474,0.025934668941001323,171.71054734894557,27.09880095716649,3.307167616898166,0.41603626075294364,4.0,3.1666666666666665,1
accident03.mp4,16,8.0,9.0,0.8975629618787612,6.342437410218778,0.5634862269475468,0.5317202890712777,5.863263405304378,0.4019474400697787,124.4687577353885,0.974206805229187,0.021565474569797516,4.695058254867519,-0.667685884570598,5.53963550785474,0.009899960273751701,171.71054734894557,42.65261294646642,2.4307367476846373,0.2595894713343257,4.0,3.0,1
accident03.mp4,17,8.5,9.5,0.7639924325167863,6.342437410218778,0.5560491444531552,0.47996826304237256,5.863263405304378,0.4019474400697787,145.57201247991642,0.9251224398612976,0.005139568820595741,3.2006099256676066,-0.44241923704115105,3.3786822433369252,-0.01742259139659995,178.1402017294676,56.923330071405616,1.0617728680708391,0.18400219127777231,4.0,2.933333333333333,1
accident03.mp4,18,9.0,10.0,0.5705595048378236,5.148662383120764,0.4188026497886639,0.413427593842177,4.9728817993695005,80.83817776980105,158.33444748724645,0.0,0.0,3.2006099256676066,-0.08902679664957608,3.3786822433369252,-0.006213806205322714,178.1402017294676,57.590024627785404,2.725922153633185,0.20750722588725926,3.0,3.0,1
accident03.mp4,19,9.5,10.5,0.40949709557050934,2.4227402294875793,0.28603476870786587,0.33368513671678457,2.725922153633185,90.25697769601089,160.5381263647138,0.0,0.0,2.2372029359251258,-0.13117385200943568,2.1008126487882492,0.026461234968825905,173.8794478530365,50.96525031695396,2.725922153633185,0.2014609236106883,3.0,3.0,1
accident03.mp4,20,10.0,11.0,0.33123723978590325,2.057967219243906,0.17964759005182343,0.27690644459949965,1.9097241737830748,100.91103549753645,162.30719199932358,0.0,0.0,1.754678601138096,-0.08384704511326063,1.8531578211415933,0.025614049057177925,179.85189940573412,57.492727998847336,1.2979252138386497,0.139457363634674,3.0,3.0,1
accident03.mp4,21,10.5,11.5,0.3543514191022578,2.057967219243906,0.16653441083568932,0.25283933293404737,1.9097241737830748,106.77126264931069,162.95417300414405,0.0,0.0,1.7184038333040803,-0.039567713498251715,2.724961240896107,-0.0027269026215967673,179.85189940573412,59.567782790977695,1.0390353878936083,0.12211524107212811,3.0,3.0,1
accident03.mp4,22,11.0,12.0,0.32224730346547015,1.7791983525989998,0.16429761195613302,0.2264126173726261,1.0534964916411609,116.49636225114705,163.45437546305,0.0,0.0,1.3630062907641047,-0.01427430743190807,2.724961240896107,-0.0001759830776537025,179.2857175271769,48.31713152348098,1.0390353878936083,0.1161967257663398,3.0,3.0,1
accident03.mp4,23,11.5,12.5,0.2474384565247248,1.1182262012249187,0.13976054772095897,0.1766816759326491,0.7592113130281465,122.2591315368959,186.5329195604649,0.0,0.0,0.8951990880337064,-0.052780410991088274,1.271512484208813,-0.03884281507967383,179.3081574903215,42.81541049557815,0.5058241646487756,0.08417670555676392,3.0,2.566666666666667,1
accident03.mp4,24,12.0,13.0,0.313595460467521,2.0246113602034237,0.24848279365751655,0.2717616640692325,1.6058217110886084,128.54764098297508,192.664926936079,0.0,0.0,0.4993315448851092,-0.3158066853350012,1.8199116540799878,-0.05172727419437612,179.3081574903215,44.84125303170217,1.6058217110886084,0.12405130666040833,3.0,2.5,1
accident04.mp4,0,0.0,1.0,1.3653047794404334,10.405909816781664,1.5481328049360772,0.9452465662167101,8.587457506718472,40.487355696671145,635.2165454114712,0.29332059621810913,0.0035504734143614767,9.714510105231867,1.0713533285522139,4.295056713616816,-0.08740377910459554,179.578312596526,35.0521416910724,6.835835356941905,0.4936814713982516,5.0,4.266666666666667,0
accident04.mp4,1,0.5,1.5,0.8776095202294025,4.741374932270706,0.2844175732528772,0.32295566668175635,2.518119504411387,78.71138685891076,358.208821548172,0.0,0.0,4.862261164297763,0.7896539556152206,2.0381040684770824,0.004949726518874224,178.70902386950561,30.707159641344095,2.518119504411387,0.16393451778498325,5.0,4.333333333333333,0
accident04.mp4,2,1.0,2.0,0.8825773469541472,3.28562837026428,0.2748971471589886,0.325360309570564,2.299755339007215,89.91031918553229,346.5544111477368,0.015140327624976635,0.0003078905865550041,4.880486289448527,0.8138282999515642,1.7574237567278033,0.014719911797355795,172.50380008089905,30.119645660581686,2.299755339007215,0.15833243406213474,5.0,4.166666666666667,1
accident04.mp4,3,1.5,2.5,1.0652464259630519,3.8699465966682243,0.358360601239149,0.39798777947834846,2.451243455495717,133.8108653927108,332.6056875755011,0.047261495143175125,0.002964343875646591,5.770855138510683,1.0652194920308349,2.8976983622990247,0.010578543552607284,152.722647525998,31.337266819384315,2.451243455495717,0.19329891304991523,5.0,4.033333333333333,1
accident04.mp4,4,2.0,3.0,1.3314931452235446,5.65092248231519,0.4176749815936375,0.455800305044262,2.828618763237099,133.8108653927108,313.86732129001444,0.06872039288282394,0.007591639179736376,6.723888383578128,1.3844148642602332,3.3238435971794615,0.010288817734996136,164.49836310269873,28.8125247591223,2.828618763237099,0.2192933510582334,5.0,4.033333333333333,1
accident04.mp4,5,2.5,3.5,1.5898241999750107,9.794848031237379,0.5234050386241664,0.5184584215959808,4.524336427975621,47.770489634707936,311.0190966328128,0.22038820385932922,0.009165283292531967,14.202224199653983,1.4627803795382737,3.609935053091931,-0.024836121382279457,164.49836310269873,24.72551903060561,4.524336427975621,0.26487474145968715,7.0,4.766666666666667,1
accident04.mp4,6,3.0,4.0,2.029479617653222,13.98152497963224,0.6927387498006583,0.6691800051339661,8.874167267213014,0.19561471445874265,318.0530112029975,0.9973949193954468,0.01853509061038494,18.596713621412448,1.7941960002538635,8.242553524151276,-0.06163942064301807,166.624728216332,20.266163752394903,8.874167267213014,0.3440485013059125,10.0,7.233333333333333,1
accident04.mp4,7,3.5,4.5,1.969055225037544,13.98152497963224,0.7572847862353375,0.7495462371957331,8.874167267213014,0.19561471445874265,306.9207247179825,0.9973949193954468,0.016990751028060913,18.596713621412448,1.6479688219445066,12.606894374857575,-0.0765210877468672,173.86640217674469,23.146357688381364,8.874167267213014,0.39205143435313566,10.0,8.633333333333333,1
accident04.mp4,8,4.0,5.0,1.1342809352526844,11.006300313195029,0.6821587439793836,0.5745650261418519,7.688454692943187,73.31391945804323,289.12579737659496,0.10122179239988327,0.006538036745041609,13.89457858409753,0.7885396702267413,12.606894374857575,-0.07750718920150981,176.10866030627008,32.803802580068826,7.688454692943187,0.32705459898055794,9.0,8.333333333333334,1
accident04.mp4,9,4.5,5.5,0.5610178070135342,3.531394718463727,0.2189755455542502,0.2834778714539714,6.034422895254195,0.29556206925649403,288.8251375948544,0.9898499846458435,0.007971357554197311,6.088062447909493,0.3529058476188291,6.781263004211837,-0.03147904885042194,176.40138177093814,42.1641005438897,6.034422895254195,0.16611052198360737,10.0,8.733333333333333,1
accident04.mp4,10,5.0,6.0,0.42689306407894784,3.2729821080973904,0.11849340059989254,0.18625631989511338,1.5747476310601223,0.29556206925649403,294.7224862421482,0.9898499846458435,0.007070732302963734,3.2393464400927314,0.2834281127562856,1.8247175866172824,-0.005214452462257745,176.71168109218502,44.12750390655292,1.5708694357053163,0.09658663423496414,10.0,9.1,1
accident04.mp4,11,5.5,6.5,0.3847312308089126,3.8258372184765097,0.16402434030535795,0.17431487787879973,1.8624522187755668,0.07123908304519692,292.3567135065895,0.9912703037261963,0.008335410617291927,3.7839432042218277,0.2985233164972009,1.8898288836767279,0.020300594170426865,177.64028584813988,48.81087833129562,1.5708694357053163,0.07506183476826728,11.0,9.333333333333334,1
accident04.mp4,12,6.0,7.0,0.3814005272253394,3.8258372184765097,0.16149241930657257,0.16853513609400803,1.8624522187755668,0.06410898021737085,288.3080532133495,0.9912703037261963,0.01110184844583273,3.7839432042218277,0.2827268357069156,1.8898288836767279,0.01991743029423151,177.64028584813988,53.48857949758135,1.6456706179695155,0.07211808986779031,11.0,10.0,1
accident04.mp4,13,6.5,7.5,0.41105271101299384,3.954011403744426,0.14065872038371505,0.1825263795766712,3.053617908934042,0.06410898021737085,285.5354171916634,0.9804739952087402,0.00929309707134962,3.9498740300322197,0.26803386339594343,3.1122290307505978,0.004329508615037828,177.69554611503946,51.09948833992572,1.6456706179695155,0.08877018700946764,11.0,10.233333333333333,0
accident04.mp4,14,7.0,8.0,0.406519432962916,4.5253543847227995,0.1600894465312691,0.18550352382750263,3.053617908934042,0.19218498648628318,286.12322464778407,0.9804739952087402,0.0059356954880058765,4.514788241152985,0.22869258402887446,3.1122290307505978,0.004770678073861474,178.6268599471246,46.8098256969854,1.3936007316380161,0.08497594728373874,11.0,9.966666666666667,0
accident05.mp4,0,0.0,1.0,1.0486425987963237,4.104298205652082,0.5390404164666373,0.4579660540544641,3.4629450251340854,0.7187358539642454,657.9997861769316,0.8905115127563477,0.004352406288186709,5.930061101696197,0.37906931755335704,4.1682847781105465,-0.056752587124645024,161.90615471076975,26.186989583902246,2.233461410965687,0.21126404613506697,5.0,3.0,0
accident05.mp4,1,0.5,1.5,2.00314362246017,6.129150523490767,1.0070822548168636,0.6708669486082248,3.4629450251340854,0.5700080227523365,285.6147973356403,0.8905115127563477,0.009223753586411476,9.214530089008235,2.4912509305228783,4.194496449979994,0.14302005072167784,158.6330312800705,17.894692102750287,3.214400839974013,0.30404454241202283,5.0,3.5,0
accident05.mp4,2,1.0,2.0,2.388834411738699,6.129150523490767,0.9513645601465991,0.8415965043290063,3.9192972129495214,0.20429151781130517,230.57273811353994,0.8780309557914734,0.018448852002620697,9.214530089008235,3.3979430073734838,4.194496449979994,0.0748717671458326,149.78492381844652,11.012462243370429,3.9192972129495214,0.4183365019435781,5.0,3.466666666666667,0
accident05.mp4,3,1.5,2.5,1.8833666228813164,6.081412112625875,0.7981547165531924,0.981247037852335,3.9826028306765533,0.20429151781130517,252.93458857402712,0.8780309557914734,0.020044738426804543,7.269651395198153,1.787348564787494,8.802851522854723,-0.1210801576687675,171.93891563027887,26.737650043444066,3.9826028306765533,0.5243840286755822,6.0,4.266666666666667,0
accident05.mp4,4,2.0,3.0,1.6849599530619523,16.32208287493069,0.9328850515606527,1.1170341136841444,12.480859175733153,13.186445820626666,252.74472982576998,0.6249265670776367,0.01527264341711998,16.84288257517011,0.31070599712725794,18.5723789002937,-0.04428759695862084,175.6901522579562,39.22592036419767,10.829623773321973,0.5578674534119762,6.0,4.566666666666666,0
accident05.mp4,5,2.5,3.5,1.4728901372058067,16.32208287493069,0.8867225436025066,0.8103025425053236,12.480859175733153,13.186445820626666,242.9304915765393,0.6249265670776367,0.008805411867797375,16.84288257517011,-0.13758299286306006,18.5723789002937,0.002458152700521956,175.6901522579562,39.57241211121286,10.829623773321973,0.3947546424338075,5.0,4.166666666666667,0
accident05.mp4,6,3.0,4.0,1.2146031747403505,5.998245015500327,0.3994866943949809,0.4744335587140737,3.811291787428008,84.32990020197826,247.17352180366015,0.0,0.0,3.570069572710395,-0.4605520469924192,3.2429123700696607,-0.020617992868275706,164.9925913267203,34.48404782099007,3.811291787428008,0.23262612180868056,4.0,4.0,0
accident05.mp4,7,3.5,4.5,1.0970344044645668,5.998245015500327,0.40425993741774674,0.4417454070418652,3.811291787428008,124.76720770394917,254.19142901375048,0.0,0.0,2.712430539534239,-0.48914989690014254,3.2429123700696607,0.007878548223125566,164.27239477355565,27.962698632900576,3.811291787428008,0.24218614643667433,4.0,4.0,0
accident05.mp4,8,4.0,5.0,0.7707087969532004,4.595914812518028,0.3868020921740203,0.29315977382754377,2.6439651903898613,120.97914419607072,261.31139795938503,0.0,0.0,1.386170427334065,-0.3816375720704813,2.047835947134786,0.021607818097623507,174.57710759484593,36.237163288459215,2.6439651903898613,0.1654078536550453,4.0,4.0,0
accident05.mp4,9,4.5,5.5,0.4583658234792908,3.229498768624705,0.20546088721228378,0.20510019497959167,2.3523613272007737,108.34121129798142,265.4486030033494,0.0,0.0,1.7520787095075576,-0.14374981035988402,1.5762736439984337,0.0059602269617659315,179.2525520264655,48.28033886117388,1.379787915835029,0.10397950728120606,4.0,4.0,0
accident05.mp4,10,5.0,6.0,0.4407918463300314,2.377676050763253,0.15919322587444754,0.19791104869773704,1.3335838622320397,89.1699725538198,262.68602880998077,0.06505085527896881,0.001857024966739118,1.7700317602027695,-0.06576072572147247,1.0664601907620863,-0.0017092637360710066,179.2525520264655,54.48412605113337,1.2845241572283739,0.09310680880919062,5.0,4.2,1
accident05.mp4,11,5.5,6.5,0.5522373323372747,2.931132671917155,0.17663352168140906,0.20245030974162578,1.6219651697165922,63.62084819625055,260.94372423772586,0.12023089081048965,0.007836884818971157,2.1525827900962042,-0.11801183574627998,1.3970822779444632,0.004683321689017154,176.525139698766,48.86274399295485,1.4527471697336907,0.09155569116226364,6.0,4.533333333333333,1
accident05.mp4,12,6.0,7.0,0.5818360233006182,3.6423646492315735,0.18391305954309253,0.258450484461145,1.6219651697165922,52.74249835932872,283.39235989268116,0.12950995564460754,0.009593967348337173,3.676979941391778,-0.009914765789358172,1.968995679656473,0.008420167527482222,168.5180384013029,38.5259450207337,1.5809449319812452,0.1305235072426469,7.0,5.8,1
accident05.mp4,13,6.5,7.5,0.5591232517876107,3.6423646492315735,0.17396340076236155,0.26625188114714743,1.7926152222403258,39.5754181303672,297.3330833493919,0.12950995564460754,0.00630353856831789,3.676979941391778,0.020946369445358784,1.968995679656473,-0.012058243410684658,175.08143370704755,37.592954122802205,1.7926152222403258,0.13156238161347675,8.0,7.333333333333333,1
accident05.mp4,14,7.0,8.0,0.5644566468958381,3.9099884228221695,0.16743610574911102,0.2191432292564374,2.5265485160529297,37.57803413730354,289.13438167792293,0.12089155614376068,0.004662458784878254,2.7875501290490945,-0.122567989877115,2.3574226735034927,-0.009299761843880431,176.72717973408504,35.71451148546445,2.5265485160529297,0.11494165125269565,8.0,7.866666666666666,1
accident05.mp4,15,7.5,8.5,0.6271753638264109,4.686632193768102,0.1830509453505922,0.2277754065855183,3.2123693112765817,36.20667266758057,289.8455228370365,0.07975571602582932,0.003274938790127635,3.0164496353753805,-0.2540434095883812,3.0044777214190788,-0.007420976901276839,176.72717973408504,33.94271890221592,3.2123693112765817,0.11442281291371705,8.0,8.0,1
normal01.mp4,0,0.0,1.001,1.7244284341924436,8.993285717132531,0.5073982710731445,0.4196868933004454,3.751366309839788,44.75180578525961,173.01998686880336,0.0,0.0,2.4875242876447317,-2.0334914160548787,4.299819084567503,-0.039549030925526626,160.17478786143906,23.333766270510264,1.5222935415142467,0.1824551405358913,7.0,5.066666666666666,0
normal01.mp4,1,0.501,1.502,1.8518252243400717,9.724650985106232,0.6601169557586788,0.5204165527383886,4.288422568024415,53.246344535355426,197.1535227353427,0.0,0.0,2.4875242876447317,-2.1031964109232772,4.937030999496983,-0.0061845436389735015,160.17478786143906,21.501331282319637,3.9895697673216057,0.25870769383091513,7.0,5.333333333333333,0
normal01.mp4,2,1.001,2.002,1.6792313592783796,9.724650985106232,0.7084149740117838,0.5235424556181196,4.288422568024415,0.39125071598062117,170.2075175294528,0.9783651232719421,0.003261216916143894,1.4639966930462833,-1.609199209558789,4.937030999496983,0.01686095210921889,155.54232956162892,21.180454415303647,3.9895697673216057,0.2565797465208155,7.0,4.6,0
normal01.mp4,3,1.502,2.502,1.6811493249127816,6.014030630463363,0.4841000271162787,0.6130553106652896,3.3486464870961545,0.39125071598062117,150.1252040076591,0.9783651232719421,0.005694545805454254,0.9751785763452716,-1.3395039103784816,2.673268923938849,-0.02113262324753225,119.21231243527824,20.960941040151237,1.683409212174408,0.27575590683172585,6.0,4.3,0
normal01.mp4,4,2.002,3.003,1.9653683519760974,7.44741226436341,0.4718153546620233,0.6076729187659315,3.3486464870961545,0.8762078825022515,176.34128233974207,0.9531397223472595,0.00545658590272069,2.0899508720519293,-1.7040187284183228,2.673268923938849,-0.0473284852478736,170.94722880356812,17.04440745403435,2.2652265327737653,0.2791180458713212,7.0,4.933333333333334,0
normal01.mp4,5,2.502,3.504,2.3241307813730328,7.586955200687239,0.5343650135993806,0.4842016665972697,2.8350389780822045,0.8320702400384783,207.15151849513873,0.9524734020233154,0.00479501998052001,2.0899508720519293,-2.3330341621012423,3.3585162381638156,-0.10334864890266772,170.94722880356812,13.49785321835734,2.2652265327737653,0.21906414447412975,8.0,5.433333333333334,0
normal01.mp4,6,3.003,4.004,2.757203218844689,8.67043999921747,0.5495793574239909,0.4869972692657817,4.35370382330903,0.7832786352424802,243.75425894476578,0.9841108918190002,0.012423316948115826,1.9084338284965838,-2.652442521866412,4.949832991684161,-0.042420031425692166,47.811171917977155,10.500194106750465,4.35370382330903,0.22991155534561616,8.0,5.966666666666667,0
normal01.mp4,7,3.504,4.505,3.316270099650277,13.308512046433078,0.5957335924938192,0.5384533336648066,4.35370382330903,0.7832786352424802,275.8579365964786,0.9841108918190002,0.010765244252979755,2.994764372436407,-3.0164990803729186,4.949832991684161,-0.060995805151069754,173.66160892157166,13.609073249853726,4.35370382330903,0.2479547996458501,9.0,7.133333333333334,0
normal01.mp4,8,4.004,5.005,3.1750886549329733,13.308512046433078,0.7305017613443785,0.5995330591775407,4.237442484591321,32.38147321820195,283.06391546076526,0.013727724552154541,0.00011368977720849216,3.7702222842432604,-3.006944521027272,7.567076334030176,-0.010299008590435506,173.66160892157166,22.091550086213225,4.0853506071292776,0.2976890649075577,9.0,7.466666666666667,0
normal01.mp4,9,4.505,5.506,2.5218525338250397,11.720987525991095,0.5111584790707175,0.6181848999167665,4.237442484591321,27.286007643371903,264.9395649525492,0.03853662684559822,0.00012162981875007972,3.7702222842432604,-2.5284355269353043,7.567076334030176,0.04557168474732534,176.8792754001802,28.174159648442867,4.0853506071292776,0.3089166774448844,12.0,8.466666666666667,0
normal01.mp4,10,5.005,6.006,2.580207437540285,18.68034625479946,0.6781547134200715,0.7330364579199048,12.36098614042698,27.286007643371903,266.1189592996119,0.03853662684559822,0.00015139573952183127,2.41676738955735,-2.8419742362866134,7.757379316220124,-0.06959502491248114,176.8792754001802,30.350905022459855,8.580189721560343,0.34960682027618745,12.0,9.8,0
normal01.mp4,11,5.506,6.506,2.797125884126067,18.68034625479946,0.699756320013222,0.7702026886147314,12.36098614042698,30.120574235362714,268.2184141096979,0.024484187364578247,5.5316930229309946e-05,2.278263926701385,-3.2866596994433697,7.757379316220124,-0.17884368512524515,173.58182020433293,29.087917682661075,8.580189721560343,0.3490825405399279,11.0,8.766666666666667,0
normal01.mp4,12,6.006,7.007,2.525692856393225,16.047521858791665,0.48850542519086665,0.589035519680105,6.399069647978381,34.42161278046063,210.62387820008723,0.010385792702436447,2.5551020371494815e-05,1.9843039142536725,-2.9115900567012147,4.921834750998755,-0.15756411294174397,168.09117767284746,20.066057272377908,4.080920319527229,0.24759729908665584,9.0,6.933333333333334,0
normal01.mp4,13,6.506,7.508,2.560199962604832,12.138975671210487,0.5481397818800439,0.5558827478633225,5.14334155824795,0.36050370604738685,189.59954219049624,0.912461519241333,0.00265185977332294,1.5925195951284081,-2.944130313202933,4.60015005249511,-0.0942934168953061,153.68988118394483,18.512109248159828,3.6536214014568404,0.2437370464481397,8.0,6.3,0
normal01.mp4,14,7.007,8.008,2.935744412692377,12.138975671210487,0.5178204985675506,0.6763525195271655,5.14334155824795,0.36050370604738685,227.54121799621623,0.912461519241333,0.0037902856711298227,1.5925195951284081,-3.152350014679966,4.60015005249511,-0.012900955331809894,163.98693848308352,18.897724382296087,3.7534653336773625,0.3259563134151037,8.0,6.7,0
normal01.mp4,15,7.508,8.508,2.96225458090904,14.575149003023991,0.667118067857678,0.8363534389454009,11.002151385579406,0.8855069341179382,235.22992362935975,0.9124188423156738,0.0017116405069828033,1.9416660137545705,-2.803653370036071,7.304287509429855,-0.07164406069619217,171.5042396244879,17.391638702978007,6.647874619414415,0.38853780269903304,9.0,6.833333333333333,0
normal01.mp4,16,8.008,9.009,2.551114357037071,14.575149003023991,0.7807101883747884,0.6885955585601294,11.002151385579406,0.7735743208964656,227.78364283575124,0.9477220773696899,0.0028162042144685984,1.9416660137545705,-2.4239898699738096,7.304287509429855,-0.1733289476738299,171.5042396244879,23.243827930807736,6.647874619414415,0.2871061407703371,9.0,6.8,0
normal01.mp4,17,8.508,9.51,2.408901890875341,12.096673546165361,0.9706854635475971,0.5332480601603741,4.490851472600642,0.5629024258183336,243.95397030685868,0.9592890739440918,0.009489190764725208,2.423847474732156,-2.235617381913126,3.4772447215168825,-0.07661728944358487,167.74763639134693,27.4696513601192,2.228998037383443,0.2509752330112745,8.0,6.133333333333334,0
normal01.mp4,18,9.009,10.01,2.1729004082562136,12.096673546165361,1.0283923060832614,0.5796440302405294,3.5048440400633725,0.5629024258183336,208.30442838798842,0.9592890739440918,0.007248735520988703,2.423847474732156,-2.184692851409804,3.354037280793648,-0.09033359186097108,176.94797959763596,26.886306074195335,2.5513676499428253,0.26127446185515996,7.0,5.366666666666666,0
normal01.mp4,19,9.51,10.511,1.8113343574106149,8.18059330109943,0.3401178927188222,0.4808299449179554,3.5048440400633725,32.365740994012796,183.46029895223916,0.017386944964528084,0.00013910395500715822,0.822940065007991,-2.0847094406128863,2.960461570922746,-0.09777234431116351,176.94797959763596,24.101099980595837,2.5513676499428253,0.2018684638534613,8.0,6.266666666666667,0
normal01.mp4,20,10.01,11.011,2.623956065273941,14.539301190335546,0.8343364953310073,0.46281356068583757,3.2985897036602037,32.30768537687126,236.94035398036124,0.024182269349694252,0.0003102514601778239,2.3461266569566135,-3.131746044611096,3.2330360944750396,-0.13366668796737224,178.02826351762465,23.265740878910844,1.8214686629679022,0.2067559767796531,8.0,6.866666666666666,0
normal01.mp4,21,10.511,11.511,3.357413509345863,14.539301190335546,0.554831081705739,0.6685662387901293,6.339192538257394,0.43469012141208596,277.8184629630852,0.9224896430969238,0.0013736543478444219,2.4224650231890905,-3.9903549973445887,6.514047510574073,-0.08450896545699864,178.02826351762465,26.75486317861671,4.40948003818299,0.3183563288919277,10.0,7.266666666666667,0
normal01.mp4,22,11.011,12.012,2.6621597346240433,16.544348481328097,1.2135753968934664,0.6439584778657892,6.339192538257394,0.43469012141208596,252.07617738985053,0.9224896430969238,0.0012217966141179204,2.4224650231890905,-3.194176552718675,6.514047510574073,-0.041769303359360216,176.08609061367397,31.091210971793387,4.40948003818299,0.30602755119830266,10.0,7.4,0
normal01.mp4,23,11.511,12.513,1.6530355114068664,16.544348481328097,0.9919424184031035,0.5057626989751128,4.754162186954339,4.397190551188114,166.25612684110465,0.6327947378158569,0.001428034738637507,2.4167316507260495,-1.9439869384123254,3.2974788348666095,-0.19564807664560555,174.96525123608433,32.711367797860845,2.6417839224623263,0.20449021327017627,9.0,5.766666666666667,0
normal01.mp4,24,12.012,13.013,1.533745390969038,8.247648132899187,0.5406510439808968,0.523478255626124,4.754162186954339,4.3941780763276865,127.51424471780429,0.6345912218093872,0.0034979896154254675,2.4167316507260495,-1.5082938380320767,3.2974788348666095,-0.16806384855528106,172.94187810759456,26.779443585189505,2.6417839224623263,0.2343276900380311,7.0,5.366666666666666,0
normal01.mp4,25,12.513,13.514,1.883078229989627,9.601161142984072,0.5391470355954523,0.5199922066252066,2.4684499781869453,4.3941780763276865,151.48001377769546,0.6726202368736267,0.006633387412875891,2.3486298857326915,-1.8786592379029734,4.908952152551905,-0.08328860398797143,172.94187810759456,21.66276934470498,2.4684499781869453,0.2444412081178228,9.0,6.966666666666667,0
normal01.mp4,26,13.013,14.014,2.0044113744165037,10.939838807225719,0.6127828901463876,0.635597033165571,5.915993989640214,5.4294506773484885,184.17837014383548,0.6726202368736267,0.004559556487947702,2.3486298857326915,-2.042377035907391,5.645410654219631,-0.13893410155007752,146.93357726815682,21.51210664413331,5.915993989640214,0.2896632485669504,11.0,8.2,0
normal01.mp4,27,13.514,14.514,2.1661471429836032,12.858096391744954,0.61264307236831,0.6117401498903638,5.915993989640214,33.4710197062573,215.85164084207844,0.023808689787983894,0.00018351039034314454,1.8381056573967385,-2.3567989756958587,5.645410654219631,-0.13133501520865845,157.71059273105314,20.437528083050854,5.915993989640214,0.2800209549735305,11.0,8.8,0
normal01.mp4,28,14.014,15.015,2.390407251807255,13.297664682762036,0.3983769791030045,0.4908603624076312,3.5917496526196935,35.73962674936959,234.47713384585703,0.023808689787983894,0.0002077419776469469,1.8381056573967385,-2.8110131011476867,4.2172544284183004,-0.10340024425220608,170.45827375918435,21.036850190886135,2.563855524437276,0.2097706296114361,11.0,9.433333333333334,0
normal01.mp4,29,14.514,15.515,2.4130786765128707,13.297664682762036,0.35151124755801116,0.510263091202035,3.012655923784927,0.7895073061871342,250.22687226315125,0.9436088800430298,0.0008653518161736429,2.6692707804360793,-2.791597077542131,4.300932099979377,-0.048448576908063506,170.45827375918435,23.238464441891438,2.7384467971033173,0.23454846934229368,11.0,9.333333333333334,0
normal01.mp4,30,15.015,16.016,4.608976655441143,17.13093174633146,3.7262982247040592,0.7875946204139901,3.554891004845181,0.7895073061871342,251.73153328216003,0.9436088800430298,0.0016591839957982302,4.045380766204175,-2.358733177416337,5.674860768649296,0.04215336462674528,156.18988753547703,18.24951369568838,3.554891004845181,0.18867729489212487,11.0,7.866666666666666,0
normal01.mp4,31,15.515,16.517,11.026360088775101,20.645933934844855,5.316831617725418,1.10593196284546,10.311349029507053,40.91816268169359,253.53930760250998,0.05915702134370804,0.0035379650071263313,10.225403979935521,-1.7866410384180271,12.815314763234596,0.27972474471454617,103.77035310204164,7.225508723900085,10.311349029507053,0.38965664489606333,9.0,5.933333333333334,0
normal01.mp4,32,16.016,17.017,12.120975083305767,20.645933934844855,3.743501922078897,1.2093785234198207,10.311349029507053,0.6345999897750438,620.2955176733398,0.8300261497497559,0.0056384935475459015,10.225403979935521,0.21931930057712462,12.815314763234596,0.7825287286614148,19.24258759914067,4.8531542282723485,10.311349029507053,0.8120379720520998,6.0,4.4,0
normal01.mp4,33,16.517,17.518,6.377132025990925,14.630924506826055,3.2950972520540853,1.0857774487107874,6.70481360948887,0.6345999897750438,1303.741813792781,0.8300261497497559,0.015098530710383784,8.772918395501222,2.252709213214068,6.921294190093022,0.5889952474872285,163.3933337397458,11.531204403607916,6.70481360948887,0.7629639616035099,6.0,3.066666666666667,0
normal01.mp4,34,17.017,18.018,11.133325905672171,25.06297112480965,8.335155002626282,1.4495298423687635,6.322733072803313,10.07027355427754,1281.9715621645423,0.747661292552948,0.019802610840027532,10.431558674615076,1.4507046757474675,6.051875547783084,0.055048356238670534,163.3933337397458,10.162470218982495,4.059078023880918,0.48826030055663827,4.0,2.466666666666667,0
normal02.mp4,0,0.0,1.251,4.075280664404515,10.33821057726397,0.8422417803168998,0.46277155631200995,3.1664292903995737,0.11270115674399894,301.47382029775923,0.9757483601570129,0.018330637365579605,11.762007880960255,0.8417163868950719,4.717627358132859,-0.003690649987556238,31.49328405146692,5.627087274888212,2.8070852275761506,0.24395831808817448,13.0,10.266666666666667,0
normal02.mp4,1,0.626,1.877,4.298030392984851,10.33821057726397,0.32918877062960944,0.5182174220306072,5.4295325301328985,0.148921345034955,291.98936714688136,0.9388642907142639,0.017590079456567764,11.762007880960255,0.4191481899033051,8.491919655275225,0.026410877331757496,63.46470445490457,5.9842940861580605,5.4295325301328985,0.279319563149138,13.0,10.666666666666666,0
normal02.mp4,2,1.251,2.502,4.1405979346652995,14.249543558129666,0.37947365144713624,0.5588057524071193,7.5302838778370464,0.148921345034955,286.48487014841186,0.9388642907142639,0.010718373581767082,11.681452146697836,0.41287449332823506,8.491919655275225,0.02489499607714612,138.74543432874825,6.536669451562024,5.4295325301328985,0.3066114168267793,14.0,10.666666666666666,0
normal02.mp4,3,1.877,3.128,3.8158311175918826,14.249543558129666,0.33053994565327516,0.5177276465621915,7.5302838778370464,0.8151286391793213,282.39127122412907,0.8861651420593262,0.008796850219368935,11.681452146697836,0.8152067765477822,7.382606084768213,-0.03425094166088974,175.18894462823283,9.157417058923425,4.797546570871695,0.2837699629551482,14.0,11.0,0
normal02.mp4,4,2.502,3.754,3.795568069195944,8.194306152572988,0.3040425518385205,0.5327818870602633,3.459571670795279,0.031278016525394504,283.62317076017484,0.8306767344474792,0.010431916452944279,7.007202644382346,0.8019108564637822,4.436728711312412,0.015293939487717885,175.18894462823283,10.310123595549465,3.459571670795279,0.27898613064875444,14.0,10.966666666666667,0
normal02.mp4,5,3.128,4.379,3.7642875012522015,7.631607650603354,0.3203358737106716,0.500603187533183,3.459571670795279,0.031278016525394504,283.4855192843542,0.9186885952949524,0.014985267072916031,7.275001606868159,0.9481532779659327,4.436728711312412,0.0073129494463196115,172.2478869569457,9.438799944489084,3.459571670795279,0.2677810458313616,13.0,10.7,0
normal02.mp4,6,3.754,5.005,3.6000900083071827,9.28842976260155,0.25197977536701033,0.43379654306889504,3.1126985662639326,0.1697402207834807,282.93938665285634,0.9465857744216919,0.016291404142975807,8.50142960130762,1.3493758175227242,4.0503859200130705,-0.019312542631413687,78.7956693161534,8.705696121222273,3.1126985662639326,0.23273502427499998,16.0,11.1,0
normal02.mp4,7,4.379,5.631,3.9647654550193594,9.72442854127808,0.4792063021077973,0.49787957285511625,4.194210900311588,0.09615579420303408,273.23906655754183,0.9465857744216919,0.024090958759188652,9.446814404613889,1.765042641423142,4.337849019699036,-0.006006232173222792,78.7956693161534,7.522396638730413,3.1126985662639326,0.25430613288478343,16.0,11.1,0
normal02.mp4,8,5.005,6.256,3.8773452307429754,9.72442854127808,0.560415620734269,0.5150650827621598,4.194210900311588,0.09615579420303408,248.3201472798583,0.9383338689804077,0.023206518962979317,9.446814404613889,1.350730063992389,4.584016062311235,-0.042232984869018816,154.03214506499032,8.57002119319028,2.6564391783495016,0.27103568977622033,13.0,10.566666666666666,0
normal02.mp4,9,5.631,6.882,3.3884378393383847,7.960685897506842,0.4133662136789502,0.5076828010537541,5.319591476428306,0.7969336564083377,246.29774506255612,0.9602003693580627,0.010709832422435284,6.0637020993240185,-0.15139110584569415,4.584016062311235,-0.06923510289161162,154.03214506499032,8.619714377913976,3.284711600556262,0.27197285026532914,13.0,10.0,0
normal02.mp4,10,6.256,7.507,3.369428183313642,12.018673737770806,0.4111635051154088,0.6321368884684678,5.319591476428306,1.4537186314550785,277.32239591530646,0.9602003693580627,0.007147625554352999,10.552369649654679,-1.0590986202059967,5.480278294625521,0.06779766499966583,75.27223372981132,9.07235817554837,3.98572521509654,0.3316333956372141,12.0,9.6,0
normal02.mp4,11,6.882,8.133,3.5127748779157613,12.018673737770806,0.38736803925387236,0.6368795297802794,4.61652947641632,1.3859801461950594,303.31160630143654,0.7543014287948608,0.009483294561505318,10.552369649654679,-0.007489208309693723,5.480278294625521,0.14330427346633073,75.27223372981132,9.86670596633888,3.98572521509654,0.33163657270300784,12.0,9.3,0
normal02.mp4,12,7.507,8.759,3.8534273746443106,8.51090188574207,0.46381153699225414,0.5620771783256966,5.719803658383606,0.3930483914624514,299.5404406984471,0.8653722405433655,0.01381564512848854,9.080588554380313,1.0635814031621555,6.948398264541652,0.050425982173757676,159.01861291269088,9.346655432107816,3.838145840696976,0.29147595658837366,12.0,9.466666666666667,0
normal02.mp4,13,8.133,9.384,3.962190239412073,12.610570287040956,0.4022276692551043,0.6352382098233691,10.768486989116717,0.3930483914624514,294.55145602547793,0.9384926557540894,0.012571122497320175,10.214374252819766,0.9756673628897754,10.161937703270894,-0.07658464694121653,165.89947471522302,9.951231484836178,5.77463615788455,0.32297369760437483,13.0,10.433333333333334,0
normal02.mp4,14,8.759,10.01,3.760640230285789,12.610570287040956,0.41712292732998757,0.6375429178400819,10.768486989116717,0.9778933164241501,302.8770279301519,0.9384926557540894,0.009167294017970562,10.214374252819766,0.49945175659286944,10.161937703270894,-0.06091871707993326,165.89947471522302,8.79894713124848,5.77463615788455,0.3267605296343845,14.0,11.333333333333334,0
normal02.mp4,15,9.384,10.636,3.5555910060723632,10.10452510522757,0.4298532039482484,0.6328433568889943,4.782766055360681,1.2234463583488149,313.5442628270464,0.6114369034767151,0.0074815223924815655,11.480217544271454,0.766054099827922,9.21047402529166,-0.009522992353777538,176.61003495695155,12.860908091481708,4.782766055360681,0.33475750976715923,14.0,11.533333333333333,0
normal02.mp4,16,10.01,11.261,3.7893238947564574,12.648452271229905,0.552031133344399,0.6787799005994419,5.981676659113574,0.7667297067873828,304.2246727313468,0.7727633714675903,0.010272645391523838,11.480217544271454,1.2022868796908874,9.21047402529166,-0.030742415554561617,176.61003495695155,13.290873044100957,5.981676659113574,0.3564488097091018,13.0,10.5,0
normal02.mp4,17,10.636,11.887,3.8977825044100096,12.648452271229905,0.4607052001157881,0.6282532064943271,5.981676659113574,0.11671864575326495,286.3637000820159,0.8624445796012878,0.015587536618113518,11.315582002740314,1.148095255261182,6.639648834154286,0.013110979652744943,48.845074209828645,7.685290274756039,5.981676659113574,0.32424193530617934,13.0,9.7,0
normal02.mp4,18,11.261,12.512,3.6382416408196843,11.73898152219901,0.4266249050083984,0.5353560954477387,9.545329971633791,0.11671864575326495,293.7189857261316,0.9482817053794861,0.015541797503829002,10.16243714700147,1.0707685061106076,10.035671136060955,0.025010345603526447,56.990114664351466,7.153248663743778,3.233775370430714,0.25843930683712363,13.0,9.6,0
normal02.mp4,19,11.887,13.138,3.8842521184591683,11.73898152219901,0.5127877239525487,0.5358447365403863,9.545329971633791,1.0918191769323309,295.05033867299494,0.9482817053794861,0.013376951217651367,10.16243714700147,1.0363459891671736,10.035671136060955,0.03216744852843462,56.990114664351466,6.949191794741892,3.4668631631369102,0.27498322290027916,14.0,9.566666666666666,0
normal02.mp4,20,12.512,13.764,4.127536956379214,10.282765003301007,0.3223215919898439,0.5634306180858697,5.76671350629778,0.36161187635609565,263.7449054438399,0.9328199625015259,0.02387065626680851,9.755404181369599,1.136511295213615,7.898883577845197,0.034390554497172425,76.12036697690473,7.176668341220727,5.76671350629778,0.3065790101163632,14.0,9.366666666666667,0
normal02.mp4,21,13.138,14.389,3.878621289915663,8.330550766838233,0.43059149286210696,0.5232299205979393,5.76671350629778,0.2083703874875288,260.1935040012412,0.9475970268249512,0.03372347727417946,9.886347651291203,0.5525080130726547,7.898883577845197,0.046532290452018524,76.12036697690473,7.752591011117548,5.76671350629778,0.28633053787223484,13.0,10.033333333333333,0
normal02.mp4,22,13.764,15.015,3.6822941799908024,9.676078089117638,0.37977251431833775,0.6229231748891796,7.015387017679468,0.2083703874875288,292.45179203054994,0.9735535979270935,0.023179201409220695,9.886347651291203,0.48323445065599696,9.11858829095064,0.07721365814334674,125.79614298511953,10.148233450671048,5.629531930928758,0.31814955599617906,13.0,10.4,0
normal02.mp4,23,14.389,15.641,3.555543079134217,9.676078089117638,0.42066414980836586,0.7202134706555438,7.015387017679468,1.0295040683932855,294.6764157799958,0.9735535979270935,0.013237920589745045,9.381785175816617,1.2072320745177978,9.11858829095064,0.13682929930832835,125.79614298511953,10.920193152960639,5.629531930928758,0.3522113748845939,12.0,8.7,0
normal02.mp4,24,15.015,16.266,3.3356184654507697,11.476646181086162,0.4742611639725278,0.6402265132623929,6.417426847487761,0.29161329150006016,277.3943130014661,0.8412274122238159,0.014287703670561314,10.038682167258173,1.6397759492673472,5.601310016254274,0.08972627928826679,163.822359707844,9.94697431375602,4.655779475292329,0.32757199857757047,12.0,7.933333333333334,0
normal02.mp4,25,15.641,16.892,3.566188541568984,11.476646181086162,0.5843468431160295,0.6368013840198459,6.423322569078787,0.07398316991644326,280.06153973708444,0.9705973267555237,0.024541659280657768,10.038682167258173,1.4222204723714102,8.63451732235228,-0.013162633933769662,163.822359707844,10.651345118072138,6.188141386983384,0.32972464668082835,13.0,8.966666666666667,0
normal02.mp4,26,16.266,17.517,4.068993523497637,9.615437390659745,0.532640872069728,0.6109288412059455,6.423322569078787,0.07398316991644326,289.91533533403987,0.9705973267555237,0.03661515936255455,11.150032840394346,0.9635863636571477,8.63451732235228,-0.04258976165437223,140.36592957322665,9.693979747541539,6.188141386983384,0.32507527246391626,13.0,9.6,0
normal02.mp4,27,16.892,18.143,4.126485591743172,9.615437390659745,0.48071977337743077,0.4627393914521315,2.9998886785438676,0.14598559657605173,275.1728892908196,0.9568912386894226,0.04077896848320961,11.150032840394346,1.4741590927050552,4.7805910123084345,0.008234221648981759,74.12874238764425,7.57976136240684,2.9998886785438676,0.23517792197177992,12.0,8.9,0
normal02.mp4,28,17.517,18.769,3.958597586006374,11.012984671812035,0.3740301938209965,0.5450964987086326,4.913688862100579,0.14598559657605173,278.18181591481044,0.9568912386894226,0.026606809347867966,9.601932289031254,1.4706948988944328,5.1985222148814785,-0.0018059455844810983,51.39007310381759,7.059075037450904,4.913688862100579,0.2576102837572594,13.0,9.366666666666667,0
normal02.mp4,29,18.143,19.394,4.028362339159601,11.012984671812035,0.27745625695801207,0.609047284183262,4.913688862100579,0.12579657020029678,289.8461118807375,0.9782268404960632,0.015954047441482544,9.601932289031254,0.43835594184199883,5.1985222148814785,-0.009266348346943423,51.39007310381759,6.796274391682,4.913688862100579,0.31218243497759807,14.0,11.233333333333333,0
normal02.mp4,30,18.769,20.02,3.9548389584897063,9.258552447922206,0.24920999749974806,0.4946181024636758,4.781405220440082,0.12579657020029678,294.37426457172774,0.9782268404960632,0.013534105382859707,11.018875948928894,0.30782787087274915,5.512308406835075,-0.002041997302812554,41.69011018863684,6.055944350966541,3.507150505919803,0.2713425778208846,14.0,11.766666666666667,0
normal03.mp4,0,0.0,1.251,2.140534440256242,10.395912596061462,0.4401697542394638,0.402575329102701,6.981035413213082,0.2585281640404303,256.1737645709969,0.9804580807685852,0.003673523897305131,5.963094692842219,-0.38551625204998247,5.670699767578412,-0.027019565431284007,153.72808895866095,12.470142379680686,3.7569943852941874,0.19820558797545992,21.0,18.233333333333334,0
normal03.mp4,1,0.626,1.877,2.1145982474545346,13.062457664315406,0.2562964786246227,0.4241742379004865,6.981035413213082,0.2157437568488673,255.2867001749367,0.9688838124275208,0.0038565557915717363,5.895140567344157,-0.29212629524156725,5.670699767578412,-0.015095004892051471,163.29580392707285,13.733186086720094,5.219589439775196,0.2147752621765418,21.0,18.066666666666666,0
normal03.mp4,2,1.251,2.502,1.9754697933653698,13.062457664315406,0.20929446909213242,0.3752534971800897,5.219589439775196,0.2157437568488673,253.8560001765375,0.9685829281806946,0.0020557749085128307,9.668795368569363,-0.00024063833119074561,5.027087449670432,-0.051781137754744556,163.29580392707285,13.716288364550838,5.219589439775196,0.1922974208995539,21.0,17.933333333333334,0
normal03.mp4,3,1.877,3.128,2.0404041710914234,12.315069904666972,0.1797925597919172,0.4096110223613469,5.431129502083126,21.394218018567777,262.6876224210213,0.21463735401630402,0.0013186453143134713,9.668795368569363,0.16846541839025883,7.619439635799708,-0.042262745865410165,149.47363253415048,13.807691590754821,5.431129502083126,0.2140759084826251,22.0,18.766666666666666,0
normal03.mp4,4,2.502,3.754,2.091239589143243,12.315069904666972,0.14407179837407333,0.4376830201948075,5.431129502083126,19.628947558691674,258.690341220712,0.2148531675338745,0.0013227001763880253,7.422673671557163,0.5245159516235527,7.619439635799708,-0.002603939255017562,170.06162436054572,13.907005025260542,5.431129502083126,0.2221989562392628,23.0,19.4,0
normal03.mp4,5,3.128,4.379,2.0523155983337023,6.655117353608747,0.19765463206498882,0.4054697338569487,3.2265902679062943,19.628947558691674,255.49899582478199,0.2148531675338745,0.0007973982719704509,7.422673671557163,0.4392333239174397,5.55674284627176,-0.032661986102552436,170.06162436054572,12.500118513485436,3.0473903862764513,0.20125131416059922,23.0,19.4,0
normal03.mp4,6,3.754,5.005,2.2946029931511966,7.470535163315825,0.3570528249260538,0.3945060439444432,3.2265902679062943,26.17743787269923,273.57423898671897,0.09864877909421921,0.0007419502944685519,6.508050419056815,-0.10547242484116967,5.55674284627176,-0.057610319497991704,115.94338638105279,10.859819791170404,2.5078229256066975,0.20085573990772257,22.0,17.8,0
normal03.mp4,7,4.379,5.631,2.515442896847288,11.93348952984372,0.18270275100272299,0.4697826731260814,5.677518303751023,8.822724910853427,282.9865119896974,0.6628067493438721,0.001395963947288692,6.184876896116521,-0.48468452341751583,6.171548862857776,-0.02637463910361611,143.04011004073976,11.76520217977058,5.677518303751023,0.23925088237035513,20.0,17.333333333333332,0
normal03.mp4,8,5.005,6.256,2.181823285465789,11.93348952984372,0.3449808875349069,0.4640684733032394,6.203863194288672,0.101955862483547,263.2812819613845,0.6958705186843872,0.0018233462469652295,6.128818845215619,-0.23080616864272058,6.171548862857776,-0.024302841552824687,171.90615201632397,12.9726950934306,5.677518303751023,0.22558480779407925,21.0,18.4,0
normal03.mp4,9,5.631,6.882,2.142663093656538,8.914781545329046,0.35672497389041585,0.42994577020341673,6.203863194288672,0.101955862483547,261.26231567438185,0.6999999284744263,0.002173550659790635,9.228572357732673,-0.04899940090487244,5.797308786005601,-0.03451184894135137,171.90615201632397,14.154176864884173,4.95768811691852,0.1998365921252169,21.0,18.466666666666665,0
normal03.mp4,10,6.256,7.507,2.492674685766575,12.521866942800097,0.25074665545537145,0.46519041668014544,3.9357911794012317,10.234086728415486,279.69387242146206,0.6999999284744263,0.002036378951743245,9.228572357732673,-0.33151232934050934,5.797308786005601,-0.02821710899964954,156.33917514268236,15.129343787803636,3.2157057097612896,0.22681220909208583,21.0,18.366666666666667,0
normal03.mp4,11,6.882,8.133,2.297799167185816,12.521866942800097,0.34154594272741506,0.4586409156000642,3.9357911794012317,14.283633132247203,280.07173904551513,0.6342023015022278,0.0018789289752021432,7.073926273054042,-0.14720398251221764,4.434022883185889,-0.0417228575455205,143.2014826932883,13.51180287511895,2.911505940066617,0.23756069884019793,21.0,17.566666666666666,0
normal03.mp4,12,7.507,8.759,2.033810998538583,13.42506248718485,0.23403374180366757,0.5137375127662686,12.014237762275263,15.363817191555821,267.18351785258415,0.6342023015022278,0.0018875409150496125,8.659757447098116,-0.0392381243032611,10.606755761776398,-0.028050859006434562,174.66543480366704,14.06216143803007,8.405479126645119,0.25878262241572986,20.0,15.233333333333333,0
normal03.mp4,13,8.133,9.384,2.232050838523975,13.42506248718485,0.3234935920632531,0.5111524241845851,12.014237762275263,31.61818972638713,263.28257588088735,0.10747823864221573,0.0011327522806823254,8.659757447098116,-0.3432184444333578,10.606755761776398,-0.049391128568058704,174.66543480366704,14.370812696376811,8.405479126645119,0.23764740431229375,20.0,15.233333333333333,0
normal03.mp4,14,8.759,10.01,2.4085263625501288,10.689074525720853,0.2417978214721808,0.42189438983818944,3.946847458404981,6.464416824199958,284.0251620114983,0.8345150947570801,0.00072301528416574,7.758004196213619,-0.38523728883664565,7.530135933983956,-0.03076705585948446,129.38736208399254,12.85579574643689,3.946847458404981,0.20707475803598038,25.0,18.4,0
normal03.mp4,15,9.384,10.636,2.225813792839529,10.196125812868214,0.27306932357498964,0.4033159795413309,3.4722043392882345,0.19129692575606247,281.142401706532,0.8345150947570801,0.0010553335305303335,7.758004196213619,0.12090102190689134,7.530135933983956,0.028539630306749678,173.86287152216445,14.299444429268503,3.204472674325963,0.2098065071921246,25.0,18.9,0
normal03.mp4,16,10.01,11.261,2.0927423301283685,11.808320204810798,0.201766377795843,0.43154517218447114,5.711266246611517,0.19129692575606247,262.9451135061587,0.7603175640106201,0.001175313605926931,13.018226227777973,0.6746154239321337,8.514195160421622,-0.01602691774188838,173.86287152216445,14.705050252101648,5.711266246611517,0.21457086728965752,22.0,18.9,0
normal03.mp4,17,10.636,11.887,2.186304465578962,11.808320204810798,0.20404293062592851,0.45551321821380836,5.711266246611517,31.681165279268022,259.9935390869593,0.2767047584056854,0.0012958463048562407,13.018226227777973,0.663051342655434,8.514195160421622,-0.06079938266540007,175.8744614096881,14.200310699231014,5.711266246611517,0.22824441634652554,24.0,21.066666666666666,0
normal03.mp4,18,11.261,12.512,2.329526053392702,10.684937958693771,0.22329440453297064,0.4637180859009548,4.781061974070239,0.2291688406454631,265.25377869396857,0.9881027936935425,0.001628334284760058,9.35304800088403,0.11194634383213953,6.416489677000158,-0.049491962730913656,175.8744614096881,13.610412231404252,4.781061974070239,0.2377117232895781,24.0,21.7,0
normal03.mp4,19,11.887,13.138,2.335113469250021,14.26673581217316,0.27614451127514544,0.4570139666272605,3.0093055922612226,0.2291688406454631,276.9500669580493,0.9881027936935425,0.0023850537836551666,6.999385118431974,-0.3615256496955687,5.685165529210735,-0.03892420355550697,145.78807869922048,13.070358825738746,3.0093055922612226,0.23207006640476194,24.0,20.5,0
normal03.mp4,20,12.512,13.764,2.0632267264164756,14.26673581217316,0.27853572059015674,0.4118617921738987,4.157191421864836,0.2476309459197914,278.9345614369476,0.9709798097610474,0.002519425470381975,5.706892594800593,-0.20043529722229791,5.685165529210735,-0.033589251294398374,101.65492154215195,12.803641860662621,4.157191421864836,0.20299275680169906,22.0,19.366666666666667,0
normal03.mp4,21,13.138,14.389,1.9805107443498555,7.4844720616965805,0.18302936304002806,0.404111211447696,4.323166564659409,0.6143136031357598,284.11856628912506,0.9709798097610474,0.001867857063189149,4.666206591296884,-0.2530716788919349,5.318727887300042,-0.03681423196223992,178.7989184094399,13.008733474079085,4.323166564659409,0.20352363526715073,22.0,18.2,0
normal03.mp4,22,13.764,15.015,2.0458777829447663,8.988540166614332,0.3031180332004369,0.4213430555029235,4.323166564659409,0.6565704024775275,287.5043103896371,0.9750911593437195,0.0025357981212437153,5.218416904218344,-0.31821049005898394,5.318727887300042,-0.01665801508323907,178.7989184094399,12.78115725369956,4.323166564659409,0.2178310202600443,20.0,16.733333333333334,0
normal03.mp4,23,14.389,15.641,2.021819714191142,8.988540166614332,0.30886772089336045,0.42840027599023905,3.2124103749963613,0.5370449859864715,277.8569074504497,0.9750911593437195,0.0021764293778687716,7.185542194134399,0.3068368306982162,5.033275107690599,0.011566242362759386,168.16355331446664,11.941998176040348,3.2124103749963613,0.21771210806879562,20.0,16.466666666666665,0
normal03.mp4,24,15.015,16.266,2.1988779450518265,10.998827502898703,0.2642869204057541,0.41567528373201595,3.2124103749963613,0.5370449859864715,272.13125947857753,0.6199772953987122,0.0010449524270370603,7.185542194134399,0.22595750669817738,4.358146546163653,-0.032689044653640704,176.34034416618758,12.86845552630741,3.2124103749963613,0.20390570062567343,19.0,17.0,0
normal03.mp4,25,15.641,16.892,2.4553951852023763,14.965474251142266,0.253322819711452,0.39679055981178935,4.780424014607545,0.5485518394732577,282.48350795069024,0.9593566656112671,0.0019011021358892322,6.374911931685688,-0.26605501105342816,5.469006934419781,-0.06169826011591646,176.34034416618758,12.207802434359058,4.348182173871653,0.20132173917630683,18.0,16.633333333333333,0
normal03.mp4,26,16.266,17.517,2.3848329852738703,14.965474251142266,0.2803317364960535,0.39930021491341994,4.780424014607545,1.1816703051788262,289.51494262399103,0.9593566656112671,0.001948673976585269,5.774055391029805,-0.17529142922625127,6.431833061572206,-0.020208201329416486,156.6104800337313,13.489172916935363,4.348182173871653,0.20855165505991108,19.0,15.8,0
normal03.mp4,27,16.892,18.143,2.1234975370214197,8.115252471355232,0.1842479938299378,0.4084140793539085,2.989639282800372,0.7081719775446425,270.13227109427277,0.9660866856575012,0.0012323871487751603,5.774055391029805,0.03505517518045396,6.431833061572206,-0.0013990725073886258,174.7056241961353,14.196129584317754,2.989639282800372,0.20323284612540868,19.0,15.633333333333333,0
normal03.mp4,28,17.517,18.769,2.215005724386518,12.098305447873088,0.31499742517655727,0.44154175165589005,6.694894151507123,0.7081719775446425,261.4568291876189,0.9801720976829529,0.0016600905219092965,11.926023755103984,0.2796332623216863,4.187620990612004,-0.021098782911052886,176.69195521652236,12.347672790481683,6.694894151507123,0.2211887861203149,19.0,16.2,0
normal03.mp4,29,18.143,19.394,2.317352249494463,12.098305447873088,0.26028309431609475,0.48172892436635284,6.694894151507123,0.7481880268023151,259.7568730923526,0.9801720976829529,0.0013040718622505665,11.926023755103984,-0.0027920842603308517,4.926800522350902,-0.022350586663602855,178.25215069790704,14.306342963708415,6.694894151507123,0.24268114828880508,19.0,16.533333333333335,0
normal03.mp4,30,18.769,20.02,2.160276954690302,12.715254868318725,0.2132004375057992,0.4791327229034597,4.795886161316362,27.408883785977824,250.03216679974562,0.2552415430545807,0.001105800038203597,8.16351502010734,-0.2743073629000386,5.764626910526033,-0.04817627762103594,178.25215069790704,15.921473614019868,4.419505028805224,0.25115916588346565,18.0,15.466666666666667,0
normal03.mp4,31,19.394,20.646,2.1284698367990575,12.715254868318725,0.2512315642820869,0.4359062637969536,4.795886161316362,27.408883785977824,257.3079065371458,0.2552415430545807,0.0022089884150773287,5.859060831415263,0.11358848334667414,5.764626910526033,-0.05018651574951586,167.09785498961253,15.598319865482663,4.419505028805224,0.2323446088667948,17.0,14.233333333333333,0
normal03.mp4,32,20.02,21.271,2.2972822145770246,6.151487119851371,0.2829603985620094,0.43679486077618906,4.659920375983707,30.3078032678898,265.70301921475567,0.23856626451015472,0.0023758714087307453,7.564415441797337,0.27800934087328,7.294458790663953,-0.03188288205569729,154.99197005639846,14.54495096710752,2.682415246626033,0.21710950301941048,18.0,14.7,0
normal03.mp4,33,20.646,21.897,2.4538713733821087,7.202030983040875,0.20703059213561356,0.44487221646605096,4.659920375983707,0.4632566952108338,275.13675115250356,0.9770673513412476,0.002371855778619647,7.564415441797337,0.0405985035930869,7.294458790663953,-0.030470040930774153,138.98013888898646,12.959133682709714,2.509319203452124,0.21340202720799312,21.0,17.433333333333334,0
normal03.mp4,34,21.271,22.522,2.604244558292628,11.882942221645225,0.2289447722802691,0.4718476246321758,8.25542911611891,0.4632566952108338,285.5189981114381,0.9770673513412476,0.0021493113599717617,7.405785451037687,-0.3054455154712121,7.845626384882394,-0.0415733795006309,161.80021278922797,12.554590084797884,4.323940643716044,0.23612817941623823,21.0,18.3,0
normal03.mp4,35,21.897,23.148,2.5276821832857994,11.882942221645225,0.31011357222228736,0.46642996013092486,8.25542911611891,0.9833720733078488,283.08812873382783,0.9740287065505981,0.0012275162152945995,7.405785451037687,-0.5683765006648447,7.845626384882394,-0.055473223976657195,161.80021278922797,12.598107665821715,4.323940643716044,0.23582644848069406,21.0,17.466666666666665,0
normal03.mp4,36,22.522,23.774,2.363337179911767,8.88263915504091,0.2652316487052075,0.3881682292359877,3.2041970151216956,24.842943096782136,272.3692584799761,0.23325835168361664,0.001108277472667396,6.515578382673311,-0.8049777304457437,4.917878060671114,-0.04342197842883013,128.63081879991663,11.954905977560859,2.3324037649374034,0.1809398469227012,21.0,18.1,0
normal03.mp4,37,23.148,24.399,2.435357973111588,12.57539158566139,0.2258834383380877,0.4148186746212227,3.9625362832313957,10.219991458910384,281.72479272235,0.4678773880004883,0.0015206673415377736,8.115038992138665,-1.036064562148895,6.1373220906078245,-0.019449271572823112,172.869173913214,11.656817072869057,3.9625362832313957,0.1980483345443761,22.0,18.966666666666665,0
normal03.mp4,38,23.774,25.025,2.37531549307828,12.57539158566139,0.18367179563029154,0.4399397145499328,4.479437900483047,10.219991458910384,303.49647746216874,0.4678773880004883,0.0016950604040175676,8.115038992138665,-0.87779232750699,6.1373220906078245,-0.0011606245803280383,172.869173913214,13.054531873176476,4.479437900483047,0.21924843242508604,22.0,19.433333333333334,0
normal03.mp4,39,24.399,25.651,2.398027518945172,10.015216201689007,0.18409062520991376,0.4359612978982496,5.066893257901135,37.17975389381082,311.67024797183814,0.14569808542728424,0.0014542085118591785,8.921494917363475,-0.6210710074317867,9.5113988889414,-0.04672728667308525,176.30945479454726,14.338261262051663,4.479437900483047,0.21369028586323507,21.0,18.466666666666665,0
normal03.mp4,40,25.025,26.276,2.529719012998647,11.87582872620082,0.2420041594670005,0.4674749941404537,5.549781004400065,41.05039877636908,312.4629735016718,0.09665483236312866,0.0011726197553798556,11.715181317885595,-0.7313342637739869,9.5113988889414,-0.06651099942560786,176.30945479454726,13.281406209130761,5.549781004400065,0.2402544691373467,20.0,16.5,0
normal03.mp4,41,25.651,26.902,2.3141630012098147,11.87582872620082,0.34093864073200447,0.47233708006230474,5.549781004400065,0.5724642772131378,302.8039166255193,0.909031093120575,0.0014112468343228102,11.715181317885595,-0.6351751916556625,4.8741199822110275,-0.04780650432915236,167.02024859473306,13.200179451744987,5.549781004400065,0.24578588205465424,19.0,16.066666666666666,0
normal03.mp4,42,26.276,27.527,2.100786119581581,12.13364537695359,0.13334138320082325,0.4584191973244598,5.311570883608918,0.5708750180100907,292.00131978954124,0.9652889370918274,0.002469279570505023,8.126546906719511,-0.39200594645331577,7.314576830489841,-0.02960587238199198,167.02024859473306,13.583149936879488,3.1537079599723414,0.21788193026098276,19.0,17.1,0
normal04.mp4,0,0.0,1.2,0.4961863080850761,1.7271466583135806,0.11364527332842685,0.12918665383384337,0.8627401796965255,0.47049376949798005,352.7472794686741,0.987941324710846,0.017181294038891792,1.604104768714592,0.1060046649443054,1.349446661493971,0.0009825948050065192,178.47832731989712,19.48135045999815,0.8627401796965255,0.06336412718469406,13.0,12.5,0
normal04.mp4,1,0.6,1.8,0.49520523503102604,1.2390976664067401,0.050056472649981365,0.1514588991148549,0.9719160925788904,0.47049376949798005,344.49375341813413,0.987941324710846,0.010395410470664501,1.2747849156028224,0.10166209323367491,1.2870203879532198,0.0018196868788992527,173.1055105660921,19.899764691656834,0.9719160925788904,0.07527889413604014,14.0,13.133333333333333,0
normal04.mp4,2,1.2,2.4,0.49280511339544447,1.534560784287505,0.05440735589583538,0.1702218834330488,1.0825277729612959,47.714131485147334,342.1183714861144,0.23514670133590698,0.006272189784795046,1.3570569388485296,0.04071755541877478,1.5422010607437642,-0.0011330170197362808,173.1055105660921,24.587651614036336,1.0825277729612959,0.08478612840163723,14.0,12.766666666666667,0
normal04.mp4,3,1.8,3.0,0.4849471784045795,1.534560784287505,0.04995792072881814,0.15813181409457175,1.0825277729612959,35.01470459294079,339.5122626234359,0.30514857172966003,0.007853488437831402,1.3570569388485296,0.0016487691437121672,1.5422010607437642,-0.0012484727451273223,171.81543221223527,24.816217997827117,1.0825277729612959,0.08136492994149251,14.0,12.3,0
normal04.mp4,4,2.4,3.6,0.5054903923711271,4.1744458039172185,0.09194524492025183,0.16964620859056126,3.465405493231935,16.13009438956511,332.83452953758996,0.5961980819702148,0.010102814063429832,3.854593740203505,0.007583436190018762,3.702586128485464,0.003523032108171372,174.02989273922006,22.922244719669543,2.849675830603088,0.08298540003629187,14.0,12.5,0
normal04.mp4,5,3.0,4.2,0.5324165059412986,4.1744458039172185,0.09489641365475378,0.1943087424299336,3.465405493231935,0.36057226456187913,332.8075332834462,0.9900881052017212,0.013612487353384495,3.854593740203505,0.009893796889292412,3.702586128485464,-0.00732336325480716,174.02989273922006,24.284004035875164,2.849675830603088,0.09602487063401341,15.0,12.933333333333334,0
normal04.mp4,6,3.6,4.8,0.5216084166551415,2.26892794623727,0.0665313137662683,0.1891730959074833,1.4474031568253842,0.36057226456187913,325.23358810272805,0.9900881052017212,0.014431437477469444,2.408350632978369,-0.009259713423638278,1.698134456978579,0.0006297695361176713,164.16699822683347,25.27788826186918,1.355756712389604,0.09640942528274424,15.0,12.6,0
normal04.mp4,7,4.2,5.4,0.5690332826708058,6.938681428582104,0.1432243365114926,0.22280522905925518,5.965019728195438,33.96129142571728,321.8454281612002,0.29834383726119995,0.012227248400449753,3.388939689766346,-0.05337897138543308,5.680530962558436,0.011069604105332996,167.90563445817432,23.633157971385177,3.968722850506496,0.1137738357641293,13.0,11.333333333333334,0
normal04.mp4,8,4.8,6.0,0.5384687914266577,6.938681428582104,0.15435019342387646,0.2027961644225667,5.965019728195438,37.33417222845812,329.9518734842922,0.2604038417339325,0.010521774180233479,3.388939689766346,-0.05320961766230012,5.680530962558436,0.0012873228434753768,167.90563445817432,22.099326997301134,3.968722850506496,0.10269180857329571,12.0,10.833333333333334,0
normal04.mp4,9,5.4,6.6,0.46027682581035034,2.4073561588172807,0.05279383559544258,0.13839765807062404,1.0287189835467778,18.321628345887337,332.2442970524154,0.5488888025283813,0.009431556798517704,1.905563343494805,-0.0256985350580631,1.4028139809555285,-0.0019214580568159196,162.45108976365972,19.845846061715527,1.0287189835467778,0.0689528016623378,12.0,10.7,0
normal04.mp4,10,6.0,7.2,0.4549251779602634,2.4073561588172807,0.0524179196071078,0.13189104478767005,0.5916725685527695,18.321628345887337,332.6831290552331,0.5488888025283813,0.009187058545649052,1.905563343494805,-0.015260944846089657,1.4518188046537261,-0.001076432962792968,172.48508244316878,19.55536809802493,0.5916725685527695,0.06810942048656869,12.0,10.4,0
normal04.mp4,11,6.6,7.8,0.4653031871126633,2.0879299093638903,0.0535233412512662,0.14447285744596183,1.492403016174506,0.9332452965167154,335.89137133866365,0.9685092568397522,0.011155231855809689,2.0018770950861153,0.021798430933679273,1.860807412148688,0.007797004078963621,172.48508244316878,22.087146276459894,1.492403016174506,0.07025711966550847,13.0,10.866666666666667,0
normal04.mp4,12,7.2,8.4,0.47035736146970014,2.0879299093638903,0.06454081248024272,0.1554587477766151,1.492403016174506,0.9332452965167154,328.6576126055998,0.9685092568397522,0.01279097143560648,2.0018770950861153,0.056424665235097246,1.860807412148688,-0.0008114634176021984,178.91080475288933,20.321714850116006,1.492403016174506,0.07532709844992352,14.0,11.3,0
normal04.mp4,13,7.8,9.0,0.446292419810982,1.873391738226116,0.0619763374119294,0.1489777840327276,1.0509692340422858,38.76113285071783,316.73151834517205,0.3166821599006653,0.012319723144173622,1.8848153391523965,0.01873101603527556,1.2468846580085255,-0.018610448022997706,178.91080475288933,21.93415692598989,1.0509692340422858,0.07486636805089268,14.0,12.066666666666666,0
normal04.mp4,14,8.4,9.6,0.4228184295053258,1.356492091255237,0.05090739276800331,0.14500548954252554,0.8936506464093392,18.063612821851883,312.9232230803924,0.6532561779022217,0.01303299330174923,1.4117932770225252,-0.010649192139232374,1.3835010781209078,-0.0005362005960791903,176.5771733248473,26.49437863811587,0.717479582056691,0.07316134560139005,15.0,13.233333333333333,0
normal04.mp4,15,9.0,10.2,0.44616009039354637,5.97209798389575,0.12312303041089707,0.17917268311744156,5.86984063179545,9.641563124885062,318.0490045092876,0.7134700417518616,0.012881362810730934,4.767836550672058,0.024089224571731595,4.786923782955228,0.007051368068386999,176.5771733248473,29.170022262492875,2.172947623593421,0.09099509853857947,15.0,13.1,0
normal04.mp4,16,9.6,10.8,0.4716908080993534,5.97209798389575,0.11911018428228265,0.1942857707603797,5.86984063179545,0.7221793103891142,324.63611579721976,0.9818864464759827,0.012660874985158443,4.767836550672058,0.014880924174036362,4.786923782955228,-0.002078728145672978,178.5207616426489,27.813709149528343,2.172947623593421,0.0968984830582276,15.0,13.133333333333333,0
normal04.mp4,17,10.2,11.4,0.4559408972240476,1.9756635921342214,0.05396183042775195,0.17628323582776967,1.2957846557861754,0.7221793103891142,333.32263199352184,0.9818864464759827,0.01190086081624031,1.7595979215913644,-0.010391969208594249,1.7120744015992102,-0.005758354728158443,178.5207616426489,27.59212050691434,1.1300919883506242,0.0872210976152973,15.0,13.6,0
normal04.mp4,18,10.8,12.0,0.441703915422919,1.7510027025152335,0.055956886671308464,0.16667259948980342,1.040697712872029,35.22919554525356,344.30830313087625,0.26877790689468384,0.011442313902080059,1.341368648480568,0.043105122063992404,1.3848141504584817,-0.001346335405694181,177.59379836038505,29.255515449953535,0.9812358038125162,0.08185883246571482,15.0,12.833333333333334,0
normal04.mp4,19,11.4,12.6,0.43430025907132086,1.2190915329921002,0.055805525228954364,0.15199166526113697,0.7526000935801055,33.153830725338125,337.6684116438015,0.2510713040828705,0.011909309774637222,1.4606847949934263,0.059300714996282505,1.0876034976660662,0.0053974540668849285,177.63986466462984,28.55428782302337,0.7019481409811398,0.0752772219704781,14.0,12.4,0
normal04.mp4,20,12.0,13.2,0.5017613271037326,3.5362004003936978,0.11135530212650965,0.19325434454499785,2.235795050834424,32.40137486536652,317.38001165914443,0.2570863664150238,0.012428674846887589,3.1862696490507574,0.05564183197459602,4.436118754626364,0.0075618249714901106,177.63986466462984,28.13800403637755,1.8856193481418648,0.09506295283711949,15.0,12.6,0
normal04.mp4,21,12.6,13.8,0.5061733121106147,3.5362004003936978,0.11253432981203308,0.22881660503976006,2.235795050834424,32.40137486536652,307.7492805336684,0.2963358163833618,0.011342470534145832,3.1862696490507574,0.075249854342231,4.436118754626364,-0.00018306942312247784,174.76793953731024,29.571776670510943,1.8856193481418648,0.1145871231788498,15.0,13.066666666666666,0
normal04.mp4,22,13.2,14.4,0.43670664018517397,2.0683651765106217,0.07674236677376405,0.20151277377673493,1.8357532454089547,31.81718689825506,300.5272146278847,0.3101341426372528,0.008819473907351494,2.2254433541821896,0.06664666389237373,2.3117949062707197,-0.004568335567101012,178.84597851545254,28.9710400712662,1.562910208826261,0.10390263641826018,15.0,13.0,0
normal04.mp4,23,13.8,15.0,0.41758284154248165,2.3580349045704847,0.0828355161468474,0.17708373236685027,2.0249024385651615,31.44376323168352,300.51347382192824,0.3101341426372528,0.008342614397406578,2.427571522868959,0.05266904058252546,2.30206604786639,-0.002393097156592169,178.84597851545254,26.956114277917077,1.171499431369425,0.08721795446300915,15.0,12.533333333333333,0
normal04.mp4,24,14.4,15.6,0.4113912705367156,2.3580349045704847,0.06372009581924418,0.17284284051664667,2.0249024385651615,1.2015948738034319,306.8996643241173,0.9675100445747375,0.01075957715511322,2.427571522868959,-0.0005900441881120494,2.30206604786639,-0.00723853211753287,178.31715183650462,29.20018974807914,0.800349216008882,0.08506798209652734,13.0,12.633333333333333,0
normal04.mp4,25,15.0,16.2,0.429787344679954,1.544790477735833,0.053343797696232716,0.16128384017334566,1.0573025218412802,0.3442881028158722,312.76901492638615,0.9892420768737793,0.01628769375383854,1.557459908833323,-0.017890556388279587,1.3154655140465366,0.00028803506053184567,178.31715183650462,26.346584572297946,0.800349216008882,0.07998414952362196,13.0,11.2,0
normal04.mp4,26,15.6,16.8,0.4295128262243695,1.768848533685569,0.05329377107755702,0.13418767976294754,0.7416163658939038,0.3442881028158722,333.105575768339,0.9892420768737793,0.013344135135412216,1.557459908833323,-0.002086265963904435,1.1456652547937125,0.004548144082068281,141.11094463753057,21.15803820601228,0.5409869614373327,0.06548681101879969,11.0,10.1,0
normal04.mp4,27,16.2,17.4,0.46650735184980413,9.303259385477467,0.1660436889404148,0.1831388210601767,8.64910106751567,0.2960212535455493,345.3871953837377,0.9901365041732788,0.017574531957507133,1.264551001003845,-0.06456861856073155,5.252977720607589,-0.005337388427621566,142.30980347344993,20.971669265415862,5.946872253572016,0.0923777574001745,11.0,10.2,0
normal04.mp4,28,16.8,18.0,0.5568787011568174,10.018602366224885,0.2790776533599025,0.2744874647246393,9.309074407388362,0.2960212535455493,334.53701153982496,0.9901365041732788,0.024695685133337975,9.145726478589438,0.0031465448080894216,9.435826450681475,0.004832670286940062,161.34837133649717,24.392793565164546,5.946872253572016,0.1378224186589024,11.0,9.3,0
normal04.mp4,29,17.4,18.6,0.5302602339363903,10.018602366224885,0.24087670324964963,0.22821169681042527,9.309074407388362,0.9519952396489308,328.8167714672261,0.9732733964920044,0.015300012193620205,9.145726478589438,0.02095835699781048,9.435826450681475,0.006940413830962189,161.34837133649717,23.184194554133295,5.060898154236056,0.11415094215146751,10.0,8.133333333333333,0
normal04.mp4,30,18.0,19.2,0.4569993783113097,2.2296676671189215,0.055798368596794365,0.16736511110578223,1.9298985417232335,1.7510786374528757,321.5812540957144,0.9023504853248596,0.009629148989915848,2.5042653008201796,-0.06490820989943653,2.6707841313225913,0.016111530632827206,152.27664099119707,23.422872532295557,0.7534770338363102,0.08076863145543915,11.0,8.633333333333333,0
normal04.mp4,31,18.6,19.8,0.4522554240409492,2.2669477248029377,0.06540457684357565,0.1694021883894932,1.9728904893552528,1.5369810419785945,318.62967066199906,0.9039442539215088,0.013762768357992172,2.5042653008201796,-0.07926596708050235,2.6707841313225913,0.003880521836773637,164.61386583008823,23.47547473347316,1.6746526091943688,0.08515485454990995,11.0,9.566666666666666,0
normal04.mp4,32,19.2,20.4,0.5297313599973398,4.698878628045136,0.14566680143321742,0.21254434814810555,2.901865099936536,1.5369810419785945,320.36724400807697,0.9039442539215088,0.019910069182515144,3.3231203790810184,-0.13923050238081075,2.8902443744566426,-0.013838329644536929,164.61386583008823,23.06570353010915,2.901865099936536,0.1088448517566422,11.0,9.133333333333333,0
normal04.mp4,33,19.8,21.0,0.5587908841283942,4.698878628045136,0.13857643749777054,0.23512475645678602,2.901865099936536,12.548483666171304,320.1101190558158,0.5789965987205505,0.02289385348558426,3.3231203790810184,-0.15663736100557932,2.8902443744566426,-0.0028504401992724584,175.63903302281867,26.355096555540324,2.901865099936536,0.1126945503163565,10.0,8.8,0
normal04.mp4,34,20.4,21.6,0.5294318006882065,1.9622520366434688,0.09954634969653002,0.18405413659994055,1.136618632257537,6.882871707086431,332.12001189992895,0.5789965987205505,0.021770870313048363,1.8024440097655088,-0.10876909369019408,2.4099582240849315,-0.004885289157256811,175.63903302281867,25.87935811042831,0.7542809947458213,0.08848624335013937,10.0,8.933333333333334,0
normal04.mp4,35,21.0,22.2,0.5370202684500018,2.63626654385286,0.1124911812724136,0.18785521123193266,1.956467505309938,6.882871707086431,323.7264134018667,0.5359072685241699,0.015414700843393803,2.4642492678146937,-0.10245947850994949,2.4099582240849315,-0.011874458497685163,168.5883269371401,24.92551296148701,1.956467505309938,0.09172801833278885,10.0,8.166666666666666,0
normal04.mp4,36,21.6,22.8,0.4960218964616791,2.63626654385286,0.10491316448591687,0.18203266640195306,1.956467505309938,17.463083621571815,298.0376416246609,0.3620857298374176,0.012267324142158031,2.4642492678146937,-0.09418429821574702,2.0983704516695525,-0.004106980590592086,168.5883269371401,23.80915974973741,1.956467505309938,0.09406204411381644,10.0,7.766666666666667,0
normal04.mp4,37,22.2,23.4,0.4427938042468231,1.4868781057406177,0.07895627916942995,0.15188405755819237,1.1635872153709186,44.61495111151724,296.0491289207444,0.28125929832458496,0.01552573125809431,1.2536418748042593,-0.0076999581238959116,1.3083480886385246,0.0017826531326682192,172.26407158391885,23.05584230157339,1.1635872153709186,0.07889450359458464,9.0,7.366666666666666,0
normal04.mp4,38,22.8,24.0,0.4426350147580041,1.4961225305962484,0.06375931659319008,0.14491265354245642,1.1652595586619727,36.10688850800022,307.81631871334105,0.26451414823532104,0.01396825723350048,1.4426742629347586,0.037272615325256254,1.629161623393827,-0.00013786815571738715,172.26407158391885,23.961994778280996,0.8805904272408196,0.0680789842887493,11.0,7.666666666666667,0
normal04.mp4,39,23.4,24.6,0.47158577875593877,2.4372939925318704,0.054171442428670766,0.14233724682510696,1.2401131833756043,36.10688850800022,307.8697593987179,0.23861904442310333,0.011339792050421238,2.3198891832160484,0.020879191418036246,1.629161623393827,0.004171327127574763,159.65950684632557,23.155368563503522,1.2401131833756043,0.07057718937561573,11.0,8.566666666666666,0
normal04.mp4,40,24.0,25.2,0.49291020740574865,2.511839082499187,0.0811167377320556,0.1515409101244012,1.80583334274407,39.002050093272935,307.7874284905303,0.22467967867851257,0.010881884023547173,2.3198891832160484,-0.006181739927933726,1.8634674431020812,-0.0030063445400576785,153.35326374196688,19.719373520920506,1.80583334274407,0.07730013054234007,9.0,8.6,0
normal04.mp4,41,24.6,25.8,0.4942335424015055,2.587027837052133,0.09158594406463069,0.1698376039798589,2.320314777358414,48.26208288396427,306.5478380945872,0.18749365210533142,0.008104411885142326,2.631525647399428,0.0034300506887865734,3.8392023434647626,0.0006790965061358623,178.38883631681327,21.089334189715697,1.830142080630242,0.08422677976735624,10.0,8.733333333333333,0
normal04.mp4,42,25.2,26.4,0.5336779240019079,5.1314511960905556,0.1589094029264123,0.21374140857803806,4.379577214742056,49.69240242891242,299.5927204510793,0.147445410490036,0.004554118029773235,4.798209617745329,0.00889034240990212,6.744863827916845,0.004379864262965068,178.38883631681327,22.20805679497924,2.7194036721031467,0.10630571760537078,10.0,8.133333333333333,0
normal04.mp4,43,25.8,27.0,0.6081367245752258,5.1314511960905556,0.19580842919107816,0.2532232351837839,4.379577214742056,47.194566595012155,288.46398311212545,0.1553090214729309,0.004562019370496273,4.798209617745329,-0.026167079205419046,6.744863827916845,-0.0035168951477962487,169.02663640724504,25.005142908111225,2.7194036721031467,0.12386161464859716,9.0,7.033333333333333,0
normal04.mp4,44,26.4,27.6,0.7350701157240658,15.69969313508819,0.4352949043810585,0.38870776224998177,8.862936436686752,26.404700578021913,264.90222357030257,0.38052183389663696,0.010265440680086613,9.867384205631126,-0.07638499003814776,8.499708782446987,-0.006520347844848105,177.33757006474283,26.440286910857107,8.862936436686752,0.19076507196208592,10.0,7.133333333333334,0
normal04.mp4,45,27.0,28.2,0.7157301043580871,15.69969313508819,0.44317173284975087,0.4202925972769423,8.862936436686752,26.404700578021913,245.59276825880644,0.45025166869163513,0.014203052967786789,9.867384205631126,-0.10002841277357553,8.499708782446987,0.01336813120409282,177.33757006474283,26.043672554412158,8.862936436686752,0.22425330929431844,10.0,8.366666666666667,0
normal04.mp4,46,27.6,28.8,0.5951095605233975,11.059419423436111,0.3385525232058109,0.29303089843312813,9.71565183177749,38.33137496893787,254.73662143125358,0.45025166869163513,0.012723102234303951,10.342986407224714,-0.07728218471825674,19.67755458469003,0.02801956381522697,177.5095676683302,28.77253948310787,8.444550092654183,0.1482063944700035,12.0,9.733333333333333,0
normal04.mp4,47,28.2,29.4,0.5563477306471694,11.059419423436111,0.31615284508296393,0.2274403016379808,9.71565183177749,14.032204538813287,277.1012479912851,0.5681661367416382,0.011760835535824299,10.342986407224714,-0.05342276828998541,19.67755458469003,0.015331916223329167,177.5095676683302,28.5098838550395,2.271089626297581,0.09885421218016015,12.0,10.233333333333333,0
normal04.mp4,48,28.8,30.0,0.633718665331952,16.248797188084772,0.3236922162562192,0.28276361454277227,11.173031316050457,14.032204538813287,289.96079190377833,0.5681661367416382,0.015388444066047668,6.456216328570747,-0.17516469164603013,11.28703603959815,0.07575367739175445,174.79997476437006,28.533992605815076,11.173031316050457,0.16312891136481186,13.0,10.866666666666667,0
normal05.mp4,0,0.0,1.001,0.6007030611820401,5.966456480118878,0.20837837641350251,0.2801140892093131,4.630998169588446,21.626825053902834,303.7089162524292,0.3511650860309601,0.00967201218008995,5.94097095851663,-0.2657327135062543,5.157674961792452,-0.011715229267519011,167.97941570299125,29.655955782689237,2.2924914882925487,0.1407588933938771,13.0,10.133333333333333,0
normal05.mp4,1,0.501,1.502,0.5861092137589199,5.966456480118878,0.17934122880996434,0.30094635527246083,4.630998169588446,22.872274454532498,284.69567401760804,0.3511650860309601,0.015487642958760262,5.94097095851663,-0.1853817812894796,5.157674961792452,-0.0029267515028073205,165.15039918588784,32.87384219011233,2.2924914882925487,0.15215515760633644,13.0,10.633333333333333,0
normal05.mp4,2,1.001,2.002,0.5746373913307835,3.0153211582003987,0.14557712925659128,0.2952507665906983,1.8736349291252987,27.48930998921605,283.0205116577143,0.32856255769729614,0.013160508126020432,2.342375248263636,-0.2240493885590845,2.613808036920119,-0.012643056904240339,161.0078110317058,30.90959669106879,1.8051036129624363,0.14829035077966202,13.0,9.766666666666667,0
normal05.mp4,3,1.502,2.502,0.7078157611197807,3.1897272582310143,0.19091763759739566,0.3263030610201712,1.7373241340907553,29.43909833463103,275.6172774237929,0.26503145694732666,0.011650974862277508,2.8809574524527193,-0.29061489460498785,2.248553075992163,-0.021185820660786236,175.87795724759414,24.701542811931724,1.7373241340907553,0.16315561128556544,12.0,9.233333333333333,0
normal05.mp4,4,2.002,3.003,0.7600080173250083,3.1897272582310143,0.14991164525255607,0.35325909523820914,1.7373241340907553,34.928724451985275,259.8384801226314,0.22932852804660797,0.014798719435930252,2.8809574524527193,-0.31533762030510876,2.248553075992163,-0.01746880336737948,175.87795724759414,28.637664874468452,1.7373241340907553,0.18153389105320392,12.0,9.0,0
normal05.mp4,5,2.502,3.504,0.8435848763794742,6.331704066614326,0.276197295199935,0.4394222338014225,5.112790054455661,32.52750992351711,253.41587190138716,0.26371875405311584,0.015063759870827198,6.049733577521465,-0.42507094979858234,9.407508796296526,-0.015080352998634212,179.924060223703,30.22974916653999,4.43303335377248,0.2130494651874663,12.0,9.2,0
normal05.mp4,6,3.003,4.004,0.8176033020174402,6.331704066614326,0.30814513423403034,0.44462161009725215,5.112790054455661,32.52750992351711,259.73869472472546,0.26371875405311584,0.009177741594612598,6.049733577521465,-0.46912913199377065,9.407508796296526,-0.019305767796561787,179.924060223703,28.846514917001755,4.43303335377248,0.21595937933571893,12.0,9.866666666666667,0
normal05.mp4,7,3.504,4.505,0.6681187734344208,2.856452515584879,0.17764123946171315,0.3132840146875838,2.3986128641837103,34.87979723402959,283.03979130654767,0.231523796916008,0.0048228600062429905,1.6407380753187795,-0.3778257326257207,1.7967344452288643,-0.008617350848961963,175.57552044891233,27.341369556982947,1.428334618685501,0.15768878477063192,12.0,8.533333333333333,0
normal05.mp4,8,4.004,5.005,0.6428350717710829,3.39179965433949,0.15466858876406775,0.2776117503557789,2.230722077258645,37.6950094549939,294.5982368740027,0.1815890222787857,0.0062294634990394115,3.4396178421669106,-0.23395738943970723,2.8982034315430667,0.014320368789120068,178.72519378609138,26.033699575154447,1.606703327369156,0.1397587248402683,12.0,8.466666666666667,0
normal05.mp4,9,4.505,5.506,0.6967053812080907,13.800516027602951,0.4612411988060922,0.32422539915345266,11.38607250377988,36.03125686352282,286.087395340522,0.1815890222787857,0.010186752304434776,3.8765234833054762,-0.29473341046781726,2.8982034315430667,-0.14037450546269395,178.72519378609138,29.954583856873136,1.606703327369156,0.13046036770071542,12.0,8.633333333333333,0
normal05.mp4,10,5.005,6.006,0.7553763609875472,13.800516027602951,0.48557114094493176,0.3993859161513892,11.38607250377988,36.03125686352282,283.1962021383728,0.17718790471553802,0.01056243572384119,7.003072237768265,-0.31366242330701577,8.24140861995403,-0.16141885442051437,171.45889497131836,37.496470955471914,5.961511540600882,0.16633781344699033,11.0,8.333333333333334,0
normal05.mp4,11,5.506,6.506,0.6521614036915203,6.83434266866627,0.226600830953456,0.3464770210187018,6.284898603359156,26.317697467743283,283.70778233947874,0.30874332785606384,0.010249030776321888,7.003072237768265,-0.09381968468823772,8.24140861995403,-0.005541239024256742,173.29649906653435,40.804315873872085,5.961511540600882,0.1778366426533774,12.0,9.366666666666667,0
normal05.mp4,12,6.006,7.007,0.5387858105750828,1.652954062122457,0.12273615034221237,0.23242948820839535,1.269206735456391,26.317697467743283,270.8160468675743,0.30874332785606384,0.012852022424340248,1.895324986935293,-0.0685700997125935,2.752817770521574,0.0033907953283111077,175.00220376463517,36.43171582618636,0.7717913774003587,0.11725421339847336,12.0,9.433333333333334,0
normal05.mp4,13,6.506,7.508,0.6093557730608176,1.9068118590397887,0.16981792828958583,0.23909684034737158,1.2302365231421428,18.99441563434142,273.04883569539936,0.40909069776535034,0.01567237079143524,2.510344106102366,-0.18124327792390477,1.5052244049888515,-0.011051601093481049,175.00220376463517,27.769830542654454,0.8524288416572222,0.11034280600779753,12.0,8.8,0
normal05.mp4,14,7.007,8.008,0.7203069298319332,3.399486285542138,0.15376220977404145,0.29262562597638037,3.1236294391674297,18.99441563434142,297.7088429666008,0.40909069776535034,0.016473498195409775,2.510344106102366,-0.2490713803609238,2.5558309465000093,0.012371549822992038,179.1509468324207,23.424817299052084,1.3160230769161552,0.14375915332123465,11.0,8.433333333333334,0
normal05.mp4,15,7.508,8.508,0.7178700765868999,3.399486285542138,0.1670307067892536,0.31379219855577084,3.1236294391674297,29.356239233609898,310.7173612530582,0.2728450894355774,0.014849070459604263,1.634284050406066,-0.31400737725489175,2.704656851874404,0.01167549145538803,179.1509468324207,25.772132447995293,1.3160230769161552,0.1584375568886916,10.0,7.9,0
normal05.mp4,16,8.008,9.009,0.7092228426044064,3.50362517405386,0.16857251561171058,0.3221688755832725,2.5719728627928475,22.93523337918537,293.84791431472297,0.3599354326725006,0.016396019607782364,2.0400821851181945,-0.4058861776484589,3.4443125298379442,-0.03293653517721367,172.77156045832783,24.984983530290453,1.3897718248787012,0.14786043887381686,12.0,8.666666666666666,0
normal05.mp4,17,8.508,9.51,0.7001077452157459,3.50362517405386,0.1698248210184156,0.347164041571977,2.2430448248197754,22.27675587821843,279.76227224918995,0.3763262629508972,0.02095877379179001,2.8959477906650477,-0.4176647931288413,4.660564368544385,-0.001558633061073965,172.95274499152393,29.105942320291327,2.2430448248197754,0.17468570441660672,12.0,9.1,0
normal05.mp4,18,9.009,10.01,0.6937965232869249,2.581590861128242,0.16359016703946108,0.3383152707240585,2.2430448248197754,22.27675587821843,278.0535634438028,0.3763262629508972,0.024928756058216095,2.8959477906650477,-0.3178688928466753,4.660564368544385,0.04672881182562217,173.3576052160928,35.342040975407556,2.2430448248197754,0.17609319764939563,10.0,8.5,0
normal05.mp4,19,9.51,10.511,0.6818120709668817,2.210279891163113,0.1411542793301639,0.29689950646286134,1.6050640939721288,24.8191511556121,281.67656454781275,0.3064054250717163,0.025487814098596573,1.8375121930516798,-0.20579178004463328,1.7684209255988605,0.017957394374162286,176.04160608173586,33.00746222537587,1.055966738060832,0.14651449649916978,10.0,8.066666666666666,0
normal05.mp4,20,10.01,11.011,0.6586451008672551,2.031145908366243,0.13513003879849075,0.26531429040190674,1.3091671902774902,18.17449932678784,295.6986848713683,0.387401819229126,0.02184932865202427,1.893601793863695,-0.2331733341518234,1.7684209255988605,-0.018029617805050004,176.04160608173586,32.27999438318797,1.0075130945249113,0.14200564581593078,10.0,6.866666666666666,0
normal05.mp4,21,10.511,11.511,0.6136904618503578,2.315824222104949,0.1452486436802004,0.23462666401245483,1.3043889924423837,18.038633177064874,287.8735429494042,0.38969558477401733,0.02097601629793644,1.893601793863695,-0.30398458923619087,1.4850393977520184,-0.015953424275302934,177.42168357202345,33.65565024759672,1.3043889924423837,0.11954134460602917,12.0,7.366666666666666,0
normal05.mp4,22,11.011,12.012,0.6007888007971531,2.4706392732292866,0.17454339024166346,0.2194629074921925,1.3043889924423837,18.038633177064874,271.3797229700474,0.38969558477401733,0.018150638788938522,2.4120452120828304,-0.2538229066880611,3.446086712477438,0.006807485355429893,177.42168357202345,32.29344295738063,1.3043889924423837,0.10562859290377528,12.0,8.033333333333333,0
normal05.mp4,23,11.511,12.513,0.6527943793455585,6.463796462343372,0.19202467557706862,0.29840259263460317,3.4586773433872717,5.198450376006227,273.96161035507436,0.6188046932220459,0.014799014665186405,3.327957687667549,-0.2733910759452796,3.446086712477438,0.023625624871508877,177.47051269247302,32.50770687118522,3.0932586435364615,0.15249438979333174,11.0,8.633333333333333,0
normal05.mp4,24,12.012,13.013,0.6123198460312966,6.463796462343372,0.15010171874306144,0.305055293767234,3.4586773433872717,5.198450376006227,281.9661368900537,0.6188046932220459,0.014867658726871014,3.327957687667549,-0.21696616762814555,4.391137918158336,0.020962187934014255,177.47051269247302,33.76574169407109,3.0932586435364615,0.1569541339428089,11.0,9.5,0
normal05.mp4,25,12.513,13.514,0.5510947223514262,3.833633610640079,0.10065080344068406,0.2497308494951632,1.9336280617550374,28.04099396601632,266.82861859490447,0.2961694002151489,0.013554702512919903,3.8808916229528947,-0.12922556913652064,4.391137918158336,0.007184411795511306,178.20157902200583,34.31423630809065,1.9336280617550374,0.11998740326876302,10.0,9.233333333333333,0
normal05.mp4,26,13.013,14.014,0.5448618323484767,3.833633610640079,0.09631296273175326,0.2432651351990445,1.549287331985352,21.50590724550424,245.16619265107363,0.33741265535354614,0.01399952732026577,3.8808916229528947,-0.15431546892511358,2.991047576729894,-0.0014321013595285975,178.20157902200583,31.61423544093218,1.4730386597516445,0.1173506403173703,11.0,9.666666666666666,0
normal05.mp4,27,13.514,14.514,0.4810221170925588,1.9342844268981911,0.09197399209887251,0.1961937772572275,1.549287331985352,21.50590724550424,244.20885559910474,0.33741265535354614,0.015145228244364262,1.3739752646776324,-0.1607206781164695,1.560456202310064,-0.00444429279039819,178.14061396018053,28.4712469949065,1.4430151196557344,0.09993686662142592,11.0,9.833333333333334,0
normal05.mp4,28,14.014,15.015,0.44011683881221936,2.701809283149363,0.06574583576433501,0.1685342791603823,0.76103524764686,29.532979026831214,241.12495438075712,0.27392977476119995,0.016366364434361458,2.442823417366128,-0.1634740159419862,1.5681330042650359,-0.010024580821973167,169.43838204053094,29.97695640770282,0.76103524764686,0.09270014700575385,13.0,10.166666666666666,0
normal05.mp4,29,14.514,15.515,0.5361483223966738,5.960193155484827,0.1473774670625192,0.1902362743903017,1.1521642484565482,25.907226864650543,235.53927702197115,0.35465675592422485,0.016328107565641403,5.783727727778199,-0.23187394199564224,2.1917392388345007,-0.007726041575363044,178.34293526294965,27.63789338219146,1.1521642484565482,0.0989636993897499,13.0,10.566666666666666,0
normal05.mp4,30,15.015,16.016,0.560108420177157,5.960193155484827,0.15066233782260824,0.22512914565269762,2.8277500545303194,24.936499816785492,249.7513208259358,0.368170827627182,0.011488980613648891,5.783727727778199,-0.28976946742669873,2.66048344704501,0.00272305677165098,178.34293526294965,27.5031821965652,2.8277500545303194,0.11604147634772317,13.0,9.866666666666667,0
normal05.mp4,31,15.515,16.517,0.5490738548048414,4.605478955400927,0.15201012364436653,0.24758558930393276,3.811379145684855,24.936499816785492,260.91303320160125,0.368170827627182,0.009540176019072533,2.8802090012103463,-0.29206214794226587,2.66048344704501,3.6096828157494826e-05,178.80276067902005,32.18597167732649,2.8277500545303194,0.12469307016841534,12.0,8.666666666666666,0
normal05.mp4,32,16.016,17.017,0.5213317635209822,4.605478955400927,0.15760392474152649,0.2150722998231839,3.811379145684855,30.943009384238007,251.4788863985281,0.19923655688762665,0.011726831085979939,2.446679186441102,-0.1852806450525098,2.0979841530968315,0.01949706633994374,178.80276067902005,34.5735908356639,2.3654610374608014,0.10094715035347669,10.0,8.366666666666667,0
normal05.mp4,33,16.517,17.518,0.5438043120866712,2.684384472835336,0.12185196162888494,0.20811770196768759,1.3686962172196693,27.911167755394043,246.57340360501263,0.322637677192688,0.011730692349374294,2.2496023167921066,-0.15465000592567035,3.1982667050125713,0.027758664907640458,169.68386256110324,32.02363412401782,1.20598044410711,0.10460670309936686,13.0,9.7,0
normal05.mp4,34,17.017,18.018,0.6308115341624424,3.474494438189528,0.12658811722322655,0.24748469885845095,2.408736610507751,27.911167755394043,264.66719206367634,0.322637677192688,0.014760351739823818,2.2496023167921066,-0.3404487552980909,3.1982667050125713,0.004181434732678454,170.9148348080744,34.58505347296092,1.4599922026973273,0.11940425583328441,13.0,8.8,0
normal05.mp4,35,17.518,18.518,0.5858315376836961,3.474494438189528,0.1645686317226108,0.2590621416111481,2.5794071060930115,38.77720495748722,279.9413036772467,0.29880291223526,0.015717754140496254,1.3792102167471967,-0.27327567445680234,3.6132467336764194,-0.008672383339506743,170.9148348080744,35.61149477182928,2.5794071060930115,0.12266041655115363,8.0,6.6,0
normal05.mp4,36,18.018,19.019,0.5937152378954969,2.8847965774815867,0.15214793805966545,0.27255186453863783,2.5794071060930115,43.69760363175731,282.7871040953567,0.14279602468013763,0.01017888356000185,1.159428429039167,-0.26516422455935873,3.6132467336764194,-0.0024026103060532144,164.58632962456522,29.52075143710599,2.5794071060930115,0.13752561320999268,9.0,7.0,0
normal05.mp4,37,18.518,19.52,0.6331213623528121,2.510192780194745,0.13835092351888814,0.2633771890070347,2.2717564737248885,23.641547639545124,284.9432522482595,0.3875867426395416,0.010127928107976913,2.681489158849814,-0.36447773842156633,4.688560807014255,0.015678679823510858,163.89013318623765,27.66384973446687,2.2717564737248885,0.13194253235375103,11.0,8.133333333333333,0
normal05.mp4,38,19.019,20.02,0.6170928433282936,2.504187329588784,0.12453804287391802,0.2243462795731156,1.735827927963002,23.641547639545124,286.7816090896561,0.3875867426395416,0.011751098558306694,2.681489158849814,-0.31326472040272446,4.688560807014255,0.004704512006877822,163.3710646081215,25.25587020846951,1.735827927963002,0.11264453029069495,11.0,7.9,0
normal05.mp4,39,19.52,20.521,0.6814898593313745,4.232159665852837,0.20554989330903906,0.2390552480269906,1.541874390181034,43.18142208652281,272.1239849424645,0.16007272899150848,0.00761451106518507,4.120049453313214,-0.2595215590208817,2.219132424298664,-0.008755040422695086,142.47377669988987,23.179678828499153,1.541874390181034,0.13510960881552894,8.0,6.5,0
normal05.mp4,40,20.02,21.021,0.668477123944572,4.232159665852837,0.2085590881710016,0.2395070732552721,1.541874390181034,51.777527130535006,272.92733115135326,0.11632001399993896,0.002950682770460844,4.120049453313214,-0.15566135611861917,2.219132424298664,-0.01977231827930894,136.95169394171933,21.19450177515676,1.541874390181034,0.13111198613953265,7.0,5.233333333333333,0
normal05.mp4,41,20.521,21.521,0.5775302404763584,2.2444838061432066,0.10368816966789896,0.20654178046041186,1.2545492876716313,28.958673565633493,307.36852226015145,0.32312044501304626,0.0016726907342672348,1.1363242650468948,-0.1757939176039218,1.0214928478014826,-0.008750467326522324,140.60701842013296,20.40997995158959,1.0579255271553407,0.09384427300485566,7.0,5.533333333333333,0
normal05.mp4,42,21.021,22.022,0.7639836889099333,6.568531658273682,0.3403835086005613,0.357268729364012,5.994117833916682,28.958673565633493,307.49924188756916,0.32312044501304626,0.0031958594918251038,2.7062677592578552,-0.2203946316857369,6.636034860783013,-0.01502306445433817,176.26550134588044,27.356523646383902,2.460109594828199,0.16529486392525922,7.0,6.433333333333334,0
normal05.mp4,43,21.521,22.523,0.8313241571604735,6.568531658273682,0.30208623006754276,0.39571465718367044,5.994117833916682,40.78477244096756,256.0966162532993,0.20653143525123596,0.0060823517851531506,2.7062677592578552,-0.2195027109190607,6.636034860783013,-0.022470121245368627,178.3431115894398,33.578545347828715,2.460109594828199,0.19761707483097082,8.0,6.766666666666667,0
normal05.mp4,44,22.022,23.023,0.711994733549403,9.766487181988985,0.24378658217356663,0.35009440401140074,9.139314687142138,40.78477244096756,219.35135387954998,0.20653143525123596,0.0050680735148489475,1.2488449096841236,-0.3360132313975776,3.405623088524777,0.020493711640188973,178.3431115894398,32.40899543308193,5.742870994125298,0.18365882310492113,9.0,6.766666666666667,0
normal05.mp4,45,22.523,23.524,0.7168986284717748,9.766487181988985,0.25614015101142157,0.3240304291679654,9.139314687142138,19.326478251264255,222.0915717106204,0.3643759787082672,0.006446087267249823,1.2488449096841236,-0.534898939564078,3.405623088524777,0.002927079350945379,170.91288880405094,25.515808223840505,5.742870994125298,0.1601151264246574,9.0,6.2,0
normal05.mp4,46,23.023,24.024,0.7710184208469077,8.81763006053373,0.27470161331022,0.36512807370455463,7.9979893966420645,19.326478251264255,220.18781485266257,0.3643759787082672,0.011255372315645218,8.939973119874196,-0.5708016661932683,9.826588351910061,0.015263783456754061,176.00525474277532,25.767459058822627,5.016930901411881,0.1829015291909413,10.0,6.766666666666667,0
normal05.mp4,47,23.524,24.524,0.7785779706489582,8.81763006053373,0.27209187676315383,0.39822336549536064,7.9979893966420645,23.37185946423106,217.5558899620237,0.34226733446121216,0.011254489421844482,8.939973119874196,-0.42894920344818466,9.826588351910061,0.008723636028967882,176.00525474277532,34.26187922480973,5.016930901411881,0.20554451377499008,10.0,7.6,0
normal05.mp4,48,24.024,25.025,0.7885026428761202,3.7445233488457164,0.2038480784752516,0.328234584235164,3.143443719509649,20.702944531283947,224.57943651756221,0.3852041959762573,0.011410584673285484,2.630889866780535,-0.2969587170517255,5.3004341035351,-0.02309647822867228,178.16975005722978,30.26812814608322,1.9324986075605504,0.1596594973421453,10.0,7.0,0
normal05.mp4,49,24.524,25.526,0.9280635611527096,9.021715564711778,0.31982294490193336,0.36892946439439916,8.141840601801432,20.702944531283947,250.18663555974942,0.3852041959762573,0.009106410667300224,9.076904035808951,-0.29142177385249907,15.971228582851232,0.007815925192678602,178.16975005722978,25.233488626743238,2.4518363679838133,0.15788201350983394,8.0,6.1,0
normal05.mp4,50,25.025,26.026,0.872896038758014,9.021715564711778,0.32183414810704525,0.32374964326073996,8.141840601801432,7.543893953228782,273.8832645801488,0.6156906485557556,0.009710291400551796,9.076904035808951,-0.27148497076194916,15.971228582851232,0.005240449959807386,176.91909049071785,24.945899273168056,2.4518363679838133,0.14740774986898722,9.0,6.333333333333333,0
normal05.mp4,51,25.526,26.527,0.88680995819411,7.235479271222859,0.28113015099211747,0.36948842993617703,4.938281418998937,7.543893953228782,266.4381095578594,0.6156906485557556,0.009796184487640858,7.159604014177106,-0.08934898208207004,5.448361481743021,-0.044885315078278115,178.95546296291928,30.851101216629296,3.3481309149801732,0.19167231067533028,11.0,7.666666666666667,0
normal05.mp4,52,26.026,27.027,0.9674535916666425,7.235479271222859,0.2432108511326003,0.43863911363229646,4.938281418998937,22.641861383607267,267.2722972645536,0.2964498698711395,0.0040887449868023396,7.159604014177106,-0.04335542338721143,5.448361481743021,-0.04044089323439235,178.95546296291928,29.42603169600178,3.3481309149801732,0.22403619675002429,11.0,7.7,0
normal05.mp4,53,26.527,27.527,0.8774421118048402,4.191783437106575,0.19534269262162796,0.4221810760932268,2.5455275321678292,22.641861383607267,287.4151454365681,0.2964498698711395,0.0034826502669602633,3.5587835018652783,-0.1720975228014556,3.8439116884453597,0.018770970631471942,174.87078623446138,22.054393046879945,2.5455275321678292,0.23476477253569208,10.0,6.233333333333333,0
normal05.mp4,54,27.027,28.028,0.835039457623754,3.059672110526734,0.2101041729717341,0.44271560362408113,2.3471489215174706,26.019587275263348,287.19521915423115,0.3426060974597931,0.008770343847572803,3.5225365176746664,-0.2580160181963483,3.8439116884453597,0.045177331393122036,174.87078623446138,29.528266467616223,2.3471489215174706,0.24108762874860704,12.0,6.6,0
normal05.mp4,55,27.527,28.529,0.7622862891997172,3.7392486062562935,0.2055047692123352,0.40576405249718767,2.8205831505968773,9.548332966173154,248.43101874320305,0.6456954479217529,0.01171127613633871,4.025890594013092,-0.030822567983060194,3.8826999277764145,0.05324448035526893,178.22862117295367,34.41700876924098,1.932057674918995,0.20563025798200868,12.0,8.266666666666667,0
normal05.mp4,56,28.028,29.029,0.7145269005004589,3.7392486062562935,0.1886743515747443,0.3274206769561307,2.8205831505968773,9.09049126667498,216.06997202186932,0.6712559461593628,0.013334219343960285,4.025890594013092,0.07571506080686286,3.8826999277764145,0.01022059985257494,178.25065973168347,31.956686820806173,1.6309153003988,0.1591365978343306,12.0,9.166666666666666,0
normal05.mp4,57,28.529,29.53,0.691295816882061,3.3994769255215433,0.18240490083119848,0.30102396668587716,2.1729936316420697,9.09049126667498,213.69556171347466,0.6712559461593628,0.014301910065114498,3.2134123557104317,0.0461718207879638,3.0814250306981847,-0.03007010755842634,178.25065973168347,32.3952712976464,1.60043408414113,0.14266962622351573,12.0,9.433333333333334,0
normal05.mp4,58,29.029,30.03,0.6635655706764235,3.3994769255215433,0.14380690282993136,0.3045057464793853,2.1729936316420697,29.40823479201193,209.62435905041593,0.3039165735244751,0.01198003813624382,3.2134123557104317,0.11529639072329498,3.0814250306981847,0.0012042124371144805,167.16868028218127,34.550420824808015,1.725309284469554,0.15087740350131568,12.0,9.866666666666667,0
normal05.mp4,59,29.53,30.53,0.7048123265278463,2.3986881993716116,0.12195667003975942,0.3009626996816832,2.0740961198480754,31.637634801903165,207.83204917806972,0.1997939646244049,0.00759082892909646,2.2859928517946173,0.05560940250615662,2.0567185755280377,0.010874355431331662,174.40957653450937,33.30297833520285,1.725309284469554,0.1427636099926484,12.0,9.7,0
normal05.mp4,60,30.03,31.031,0.7182732272570916,2.3986881993716116,0.11837089411548168,0.2660193716313553,2.0740961198480754,29.87768305893195,215.7965893576128,0.1997939646244049,0.005850120447576046,2.6831264942074426,-0.011304396795561642,2.2813041415041084,-0.007022084620320805,177.2694800054039,30.379890178179235,1.6084699118153156,0.12872400515695648,12.0,9.466666666666667,0
normal05.mp4,61,30.53,31.532,0.6979153149069907,4.064584090305632,0.11553422855645906,0.27710526549254816,2.0222203736393247,11.680765885426823,208.95984090585625,0.6186796426773071,0.012193499132990837,2.8813338692624626,-0.09600384533997089,2.2813041415041084,0.00015242288470936337,179.860569928906,30.206890287450545,1.9223381929052739,0.14068906840321685,12.0,9.666666666666666,0
normal05.mp4,62,31.031,32.032,0.7037728497921237,4.064584090305632,0.11428919034825194,0.30731586476747363,2.0222203736393247,11.603385102995988,202.48275512076123,0.6186796426773071,0.018232768401503563,2.947534407484113,-0.09385349409156622,2.498722525361927,0.01532343341780818,179.860569928906,30.396016157771154,1.9223381929052739,0.15803444236256264,12.0,9.466666666666667,0
normal05.mp4,63,31.532,32.532,0.6798302973747289,3.019820160787961,0.12463576086705262,0.2661311804924792,1.913798715556993,11.603385102995988,209.12507978549073,0.5290250778198242,0.017291869968175888,2.947534407484113,-0.1505893304657332,2.498722525361927,0.004072151642044327,159.33537752659268,27.510006292727496,1.3480392693817596,0.14131916647445655,11.0,8.6,0
normal05.mp4,64,32.032,33.033,0.7295599622483028,3.5023385903267057,0.19447798487764661,0.3138221889475336,2.155952876494012,30.881356786249604,193.39255449160314,0.2610984742641449,0.017864402383565903,2.1615044686770943,-0.3382344147312476,1.7855325785819858,-0.020896081616902824,169.8062084944794,24.482057678315304,1.660247281454901,0.15436336453526034,10.0,7.733333333333333,0
