video,window_id,window_start_sec,window_end_sec,mean_speed,max_speed,speed_std,mean_acceleration,max_acceleration,min_pair_distance,mean_pair_distance,max_iou,mean_iou,max_approach_rate,mean_approach_rate,max_approach_acceleration,mean_approach_acceleration,max_direction_change,mean_direction_change,max_speed_drop,mean_speed_drop,max_vehicle_count,mean_vehicle_count,label
accident01.mp4,0,0.0,1.0,0.4368597694695022,3.0,0.2896498070157841,0.41447452233053816,2.23606797749979,0.0,548.4553267075554,0.969351589679718,0.016445754980668425,2.716504271459584,-0.06683995980792917,3.603252015678521,0.006872303553175059,180.0,45.9637542647565,2.23606797749979,0.22173392315993556,8,6.566666666666666,0
accident01.mp4,1,0.5,1.5,0.32172707223167435,2.0,0.1917046030133034,0.3622475555393591,2.23606797749979,1.0,226.10203584727756,0.969351589679718,0.010222943499684334,2.716504271459584,-0.052917312371567174,2.49605622567411,-0.023296402559306827,180.0,26.5,2.23606797749979,0.1881027515558164,8,6.5,0
accident01.mp4,2,1.0,2.0,0.3468210514373427,3.0,0.2333256111813455,0.35866323618559676,3.0,43.04648650006177,231.11418765882408,0.029654081910848618,0.001417546416632831,3.1200559153050165,0.03363426732727889,2.722450698383099,-0.005140436159278474,180.0,28.6355017059026,3.0,0.1717697218356184,8,6.133333333333334,0
accident01.mp4,3,1.5,2.5,0.44755872711895395,3.0,0.28404692975590934,0.4774728829076544,3.0,43.104524124504614,246.31943840188947,0.027534758672118187,0.0006149038672447205,3.1200559153050165,0.17772069530489093,2.722450698383099,0.046309929467385776,180.0,47.2137542647565,3.0,0.2286583915900029,8,5.666666666666667,0
accident01.mp4,4,2.0,3.0,0.5803664660633053,2.23606797749979,0.29568094722897614,0.5486718451268727,2.23606797749979,43.18564576337837,266.6384576429313,0.027534758672118187,4.3705967982532457e-05,2.957173525927317,0.4391000152319835,2.6411887451286304,0.029958454439804823,135.0,37.5420068236104,2.23606797749979,0.26409782732534115,7,4.433333333333334,0
accident01.mp4,5,2.5,3.5,0.7361646248193703,3.0,0.3032199762659994,0.6048621984048151,3.0,7.0710678118654755,263.07277901257044,0.6610732674598694,0.003536629257723689,3.9081551346560843,0.6251024961970034,3.9081551346560843,0.02036361416133081,90.0,21.713754264756503,2.23606797749979,0.29786003139054207,6,4.3,0
accident01.mp4,6,3.0,4.0,0.8670031097801075,3.1622776601683795,0.3217440210839254,0.5817264864022538,3.0,7.0710678118654755,252.85425526249435,0.6610732674598694,0.004129885695874691,4.114309868331276,0.7002804510776137,4.0664044009532745,0.008422601646825376,180.0,27.77416382349567,3.0,0.2854046651356491,6,4.966666666666667,1
accident01.mp4,7,3.5,4.5,1.2429262966213055,12.806248474865697,0.7100465513704436,0.6762484459693355,7.988226701645779,1.0,242.51590755766438,0.9892852902412415,0.0026399448979645967,15.369603793526181,0.9900311304216458,8.589060857942684,0.023586465942506907,180.0,28.7855233164574,7.188111704669532,0.3153208499985481,8,6.0,1
accident01.mp4,8,4.0,5.0,1.1162819044260561,12.806248474865697,0.7776014306251062,0.66795950701228,7.988226701645779,1.0,234.81098357803072,0.9892852902412415,0.0039335559122264385,15.369603793526181,0.7692563049351923,8.589060857942684,0.021325180709646684,180.0,31.558652757702017,7.188111704669532,0.31970018481407236,8,6.366666666666666,1
accident01.mp4,9,4.5,5.5,0.7103805029548416,6.082762530298219,0.3431440763151786,0.5600690650751314,5.082762530298219,2.23606797749979,225.25831340676066,0.6786849498748779,0.003876553615555167,5.801789156205857,0.17883112297896778,8.060142883970286,-0.0469305239404357,180.0,57.38762773534202,4.082762530298219,0.30479808116706153,9,6.7,1
accident01.mp4,10,5.0,6.0,0.589175380023376,6.082762530298219,0.3409872565466964,0.5062302828269362,5.082762530298219,2.23606797749979,213.0115922191352,0.6786849498748779,0.0038068746216595173,5.801789156205857,0.08809306876738579,8.060142883970286,-0.06065935086710417,180.0,65.42174742102246,4.082762530298219,0.276368153957903,9,7.4,1
accident01.mp4,11,5.5,6.5,0.33500378602023423,5.0990195135927845,0.2356189956179306,0.3544610616465036,2.23606797749979,3.605551275463989,220.77426767357508,0.6117008924484253,0.0029008775018155575,5.09491845480548,0.0356281756619555,5.089600971086952,-0.027525785391370603,180.0,41.83141295042073,2.23606797749979,0.18830629335681207,9,6.766666666666667,0
accident01.mp4,12,6.0,7.0,0.2302718682793187,2.0,0.14973956968491928,0.2684596187308737,2.0,38.07886552931954,231.4299250901253,0.02967468835413456,0.002221390837803483,1.9909678091134424,-0.06807453088082788,1.9985304149754484,0.0009599377945988299,180.0,26.25,1.4142135623730951,0.1327909250547296,8,5.866666666666666,0
accident01.mp4,13,6.5,7.5,0.21655379184213602,2.0,0.12856311932262096,0.22620282177951004,2.0,38.07886552931954,226.65995049987396,0.030287548899650574,0.0020299358293414116,1.9470248404795143,-0.11138092690378117,2.9964625233430127,0.011946840422716971,180.0,37.5,1.0,0.11663315692150104,7,6.0,0
accident01.mp4,14,7.0,8.0,0.166948681793117,2.0,0.13295312363069947,0.18821772137504025,1.4142135623730951,39.0,217.8338895198252,0.030287548899650574,0.0015576030127704144,1.9454488132961103,-0.10050574769428951,2.9964625233430127,-0.003726339989908705,180.0,33.0,1.4142135623730951,0.10022561210116022,7,6.633333333333334,0
accident01.mp4,15,7.5,8.5,0.14869471353914868,1.4142135623730951,0.11677463229086986,0.17393200708932594,1.4142135623730951,45.221676218380054,201.46782681656492,0.027966225519776344,0.000706455553881824,1.9767351364683563,-0.10790311994883131,1.9780062455902794,0.0014876769949892603,90.0,10.5,1.4142135623730951,0.08038434225989038,7,6.5,0
accident01.mp4,16,8.0,9.0,0.1634912618041455,1.4142135623730951,0.13878616558895512,0.22364919027495767,1.4142135623730951,43.93176527297759,191.62770758561504,0.025884278118610382,4.1086157580139115e-05,1.9767351364683563,-0.07016477373784652,2.957116502336973,0.006523697400550495,180.0,12.0,1.4142135623730951,0.11460237291525661,7,5.8,0
accident01.mp4,17,8.5,9.5,0.2075695846892172,1.4142135623730951,0.1794322145981945,0.3035279380141355,1.4142135623730951,35.73513677041127,202.77253635685526,0.026951100677251816,9.998727182392031e-05,1.958452156396561,-0.03114184039134533,2.957116502336973,0.010096734403113117,180.0,15.75,1.4142135623730951,0.15614101326064578,7,5.766666666666667,0
accident01.mp4,18,9.0,10.0,0.2752450353335549,2.0,0.1856104199127893,0.35810774971927617,2.0,29.546573405388315,200.56119728153286,0.026951100677251816,0.00012886848708149046,1.994982472503409,-0.07288937321899346,2.162964508352786,0.00537244038836597,180.0,19.5,2.0,0.17669616797224236,7,6.266666666666667,0
accident01.mp4,19,9.5,10.5,0.29121471013666206,2.23606797749979,0.18125873313207602,0.33603341388936,2.0,22.47220505424423,202.643919262749,0.033029574900865555,0.0004884769441559911,2.2327772257286824,-0.03581144003167816,2.858309132942736,-0.00974492809333622,180.0,34.3282525588539,2.0,0.17047165603076805,7,6.366666666666666,0
accident01.mp4,20,10.0,11.0,0.2523491841458071,4.0,0.21445876781605472,0.31685122926896286,4.0,21.633307652783937,224.73307825299122,0.033029574900865555,0.0004945775726810098,3.913020331182338,0.08567569042230957,3.913020331182338,0.0090885436173254,180.0,33.5782525588539,4.0,0.15317087041709873,7,5.466666666666667,0
accident01.mp4,21,10.5,11.5,0.26161760458079525,4.0,0.22923229461576972,0.3643626743013254,4.0,21.633307652783937,225.64366176211686,0.022038523107767105,3.498178193694912e-05,3.913020331182338,0.0933391249869436,3.913020331182338,0.012128990412278301,180.0,36.0,4.0,0.18272871569190635,7,4.866666666666666,0
accident02.mp4,0,0.0,1.0,0.4315685424949238,3.0,0.2876848994830793,0.584780623567435,3.0,37.013511046643494,184.43848714765488,0.0,0.0,2.9961563226666925,0.3015389423036114,3.9949390372127027,-0.01804748887402623,180.0,44.25,1.5857864376269049,0.3009340227039622,5,4.2,0
accident02.mp4,1,0.5,1.5,0.4219334615224195,3.0,0.2833821339264305,0.5341624578050972,3.0,33.13608305156178,203.10883613626436,0.0,0.0,2.9961563226666925,0.17416550223333832,3.9949390372127027,-0.041396932867648,180.0,54.0,1.5857864376269049,0.27173605093390435,6,4.566666666666666,0
accident02.mp4,2,1.0,2.0,0.8006819410576764,9.486832980505138,0.4855264726610777,0.5585917465259356,2.7082039324993694,3.0,207.77164444715672,0.7169216871261597,0.008439102210104465,9.483963664816997,0.6899526010903079,4.134704271464329,-0.054356700008750515,180.0,45.857903588061404,2.23606797749979,0.2792520797712854,7,5.433333333333334,0
accident02.mp4,3,1.5,2.5,1.4930217955572849,14.7648230602334,0.9067061074050018,0.7034254654913675,7.278028848742171,2.23606797749979,195.01875103250174,0.848436176776886,0.013156210072338581,14.993458349916352,1.8409554276745856,7.691364622142515,0.025002000866006444,180.0,34.49530024912014,7.278028848742171,0.33160011539763373,7,5.866666666666666,0
accident02.mp4,4,2.0,3.0,1.8428566891760112,14.7648230602334,0.8750959634305759,0.7541559411457595,7.278028848742171,2.23606797749979,199.55696386562155,0.848436176776886,0.007767158560454845,14.993458349916352,1.8767169804797612,7.691364622142515,0.01975992417296898,180.0,28.49723716811909,7.278028848742171,0.3625688182748599,6,4.933333333333334,0
accident02.mp4,5,2.5,3.5,1.7502478203353278,7.615773105863909,0.5292874307087299,0.7704654341691065,4.324555320336759,35.014282800023196,213.68112545832517,0.07028134912252426,0.005003728903830051,7.4742270494967045,1.2172194493777355,3.098035963900884,-0.08553527584356431,180.0,31.90637498298186,4.324555320336759,0.3858220937309899,7,4.7,0
accident02.mp4,6,3.0,4.0,2.037275663318783,6.324555320336759,0.662861500917548,0.7403535460569828,4.324555320336759,46.861498055439924,556.2931214761533,0.07028134912252426,0.0020834720654723544,7.16551010292909,2.101300478732365,3.098035963900884,-0.22328739435416806,180.0,27.56067861318167,4.324555320336759,0.37066164384078776,7,4.166666666666667,0
accident02.mp4,7,3.5,4.5,2.4577211998194164,8.246211251235321,0.6294437622425787,0.7202294217383963,3.594883917345511,53.25410782277739,596.7698577556122,0.023362992331385612,0.00012979439925402402,8.125981005496953,2.9501481351774186,3.497549994741746,-0.0009572632867339337,180.0,22.04925995702156,3.594883917345511,0.36202672057809077,5,3.4,0
accident02.mp4,8,4.0,5.0,2.61076226832517,8.246211251235321,0.6501146753342529,0.7557643908397395,6.585786437626905,52.392747589718944,249.96548066547203,0.0,0.0,13.099668463402907,2.897798833654901,8.109759018378213,0.0634097812001115,180.0,22.34281347915369,3.594883917345511,0.36143088940810714,6,4.133333333333334,0
accident02.mp4,9,4.5,5.5,2.010316433072852,8.0,0.8683694312431408,0.5880985849680523,6.585786437626905,41.340053217188775,204.83764901920205,0.13436254858970642,0.000681779463775456,13.099668463402907,2.1209950336761425,8.109759018378213,-0.1532406126028904,168.6900675259798,16.52695537139983,3.492667480246248,0.3003442078114576,7,4.8,1
accident02.mp4,10,5.0,6.0,1.1866658824401006,4.47213595499958,0.31060945997659967,0.4439715610718156,1.6055512754639891,0.0,204.27691376087012,0.9710394740104675,0.005895919166505337,4.188610221304657,1.1008018962637933,2.13422419430168,-0.05344253302013826,135.0,21.2990590091204,1.6055512754639891,0.24135096045187457,7,5.233333333333333,1
accident02.mp4,11,5.5,6.5,0.9422133809117526,3.605551275463989,0.2877619585382759,0.4526450517590964,2.0,0.0,196.17149368685676,0.9916295409202576,0.024963775649666786,3.112498309668638,0.6900961059570786,3.1587487720718315,-0.013830281557177287,180.0,30.59476375304415,2.0,0.23687806042513218,8,5.833333333333333,1
accident02.mp4,12,6.0,7.0,0.8400546806933132,5.656854249492381,0.2733791454415496,0.5296982997121621,3.1231056256176606,0.0,193.88646440571827,0.9916295409202576,0.042414698749780655,5.654994800524889,0.4237669563828828,3.1587487720718315,-0.005459137421312065,180.0,41.84067472324634,3.1231056256176606,0.26397776310859855,9,6.6,1
accident02.mp4,13,6.5,7.5,0.9062665612308273,5.656854249492381,0.3499328420311441,0.6662483137002847,3.1231056256176606,0.0,211.5640477392267,0.9981393814086914,0.04309834912419319,6.004215599019403,0.5595894475172892,3.9992080972293422,0.0016517061183676173,180.0,39.89303746995054,3.1231056256176606,0.33611968135542974,9,6.933333333333334,1
accident02.mp4,14,7.0,8.0,1.0742400396854204,6.082762530298219,0.3692116237043988,0.6390172272692218,3.0,0.0,217.02195987610997,0.9981393814086914,0.02336466684937477,6.104511549325707,0.8598891843757259,3.9992080972293422,-0.0119371409767441,180.0,34.78644971919001,3.0,0.3320739326343471,8,6.566666666666666,1
accident02.mp4,15,7.5,8.5,1.1117997500472852,6.082762530298219,0.298451865659203,0.48238746089784745,1.936741853424405,0.0,217.47340585137306,0.9721554517745972,0.030471138656139374,6.104511549325707,1.1183736094363572,2.20932899923622,-0.07655418305109789,180.0,32.00124991540306,1.6106265752986397,0.24304590101775528,7,5.533333333333333,1
accident02.mp4,16,8.0,9.0,0.9824179145466992,6.324555320336759,0.2926057462860416,0.5693961931824706,5.324555320336759,0.0,229.01762118380765,0.9721554517745972,0.02827671729028225,6.323222033890744,0.792289113213666,10.439414470621202,-0.05063217380319529,180.0,33.787886514046946,5.324555320336759,0.302658291788252,7,4.833333333333333,0
accident02.mp4,17,8.5,9.5,0.9242004318866841,6.324555320336759,0.2901711631363933,0.6798865765036347,5.324555320336759,3.1622776601683795,170.48598819902938,0.7064498066902161,0.002306843874976039,6.323222033890744,0.5561815423716339,10.439414470621202,0.008522582238607765,180.0,40.77868473863812,5.324555320336759,0.36224548626878766,7,4.633333333333334,0
accident03.mp4,0,0.0,1.0,4.165301519692699,14.212670403551895,1.6913028818090674,1.8084748125911203,9.97002971643261,12.165525060596439,231.87783423146018,0.602837324142456,0.12776213884353638,9.026063666656455,0.4510016193411808,8.30579453986445,0.15926388776955033,180.0,16.20086525709478,9.212670403551895,0.866692101703894,7,5.033333333333333,0
accident03.mp4,1,0.5,1.5,2.677527387464961,11.661903789690601,2.434921391445832,1.2695787722421625,7.6619037896906015,12.165525060596439,1837.7240433997656,0.602837324142456,0.07070730129877727,5.915579417448328,0.03583685315988797,9.037461309619971,0.0651819234684566,180.0,22.050904230755357,6.88759796095251,0.6531165663859295,7,4.133333333333334,0
accident03.mp4,2,1.0,2.0,0.8143310490153259,7.211102550927978,1.23632604109885,0.7187813469501291,5.211102550927978,17.029386365926403,1782.3515550290638,0.5837041139602661,0.012693132708470027,5.915579417448328,0.6402865576129909,9.037461309619971,0.07494175244561324,180.0,25.762996241462346,4.9750345734281884,0.3720529762395393,6,2.2,0
accident03.mp4,3,1.5,2.5,0.8062983839168982,3.1622776601683795,0.5206910107358603,0.6378387477306688,3.0,0.0,154.27480021520938,0.8218275904655457,0.009046890772879124,4.578101624085832,1.137959919597037,3.092673450906659,0.04266973955618391,90.0,39.207993317255074,3.0,0.30125691421985595,4,2.2333333333333334,0
accident03.mp4,4,2.0,3.0,1.0782858127227202,4.123105625617661,0.5439566772513765,0.6398032415087407,2.23606797749979,0.0,234.18500434947188,0.8218275904655457,0.009046890772879124,5.319255808616333,1.4285644870181575,4.12094141964576,-0.05480592250188388,90.0,35.86326488054545,1.8870376481178708,0.3263039462862546,4,2.6666666666666665,0
accident03.mp4,5,2.5,3.5,1.5997514500290426,8.54400374531753,1.0889233009192567,1.2261724277914903,8.54400374531753,62.96824596572466,283.86108517410554,0.0019685218576341867,2.1872465367778204e-05,10.630570205537765,1.9921037240742006,10.630570205537765,0.08743386824112692,90.0,30.62699731813473,3.149096829634714,0.5714968730474616,3,2.933333333333333,0
accident03.mp4,6,3.0,4.0,2.274915721663281,8.54400374531753,1.3213138706722176,1.7113277215464775,8.54400374531753,56.22277118748239,267.0170948912836,0.0019685218576341867,3.0195760700735264e-05,11.434619419213277,2.4753949874279857,10.630570205537765,-0.03140619719910465,90.0,28.03112793501282,3.1588389381830266,0.8459523935632646,3,2.933333333333333,0
accident03.mp4,7,3.5,4.5,2.687430126189563,7.615773105863909,1.146544908659663,1.5216555618127072,6.615773105863909,56.22277118748239,260.7731372006355,0.000749096623621881,8.323296242451761e-06,11.434619419213277,1.813145100034935,10.438236217267502,-0.16406632465339227,71.56505117707799,13.173787862550595,3.585786437626905,0.7839119368399206,4,3.2666666666666666,0
accident03.mp4,8,4.0,5.0,3.211573150889031,12.806248474865697,1.5125541464624592,1.781393029456986,11.806248474865697,66.03029607687671,268.07169740655235,0.0,0.0,12.4457456399644,1.5076203052159103,11.69189426484158,-0.13840463091476501,146.30993247402023,20.55223966270187,9.806248474865697,0.8385805651124604,4,3.533333333333333,0
accident03.mp4,9,4.5,5.5,4.284676058799342,16.278820596099706,1.984887016746769,2.3758845797700427,12.695747571513834,122.3315167894194,269.59510996941515,0.0,0.0,15.246953968296168,1.1623672841470796,13.06523071581148,-0.23231221582380873,146.30993247402023,20.90297471187809,9.806248474865697,1.1725619114167818,4,3.6,0
accident03.mp4,10,5.0,6.0,4.913263288899559,16.278820596099706,1.9071911844444247,2.1063392756189225,12.695747571513834,123.84264209067892,229.7331667937248,0.0,0.0,15.246953968296168,1.5637311226910646,13.06523071581148,-0.22731304099163924,45.00000000000001,12.115296740417936,7.467203016240811,1.083825259191336,4,3.3666666666666667,0
accident03.mp4,11,5.5,6.5,5.544147823515532,27.073972741361768,2.9025137559198235,3.0012921017185503,22.950867115744106,0.0,182.90312981864355,0.9676337242126465,0.022323930636048317,25.35237805317064,3.05839581849565,21.563527541466456,-0.8128449375493133,126.32682595212023,18.65287323192752,22.950867115744106,1.4851411106905978,4,3.2666666666666666,0
accident03.mp4,12,6.0,7.0,5.020906846228933,27.073972741361768,2.9142601147013556,3.170885079741117,22.950867115744106,0.0,176.00322080385504,0.9676337242126465,0.024380071088671684,25.35237805317064,2.476781873734965,21.563527541466456,-0.8133429748806237,126.32682595212023,19.672808887885274,22.950867115744106,1.6067458445812148,4,3.8,0
accident03.mp4,13,6.5,7.5,3.188200979107945,14.866068747318506,1.2725281926292387,1.7119001543684367,12.0,59.53990258641679,149.25416361151474,0.14188888669013977,0.0021683003287762403,14.81756866668718,0.9510075744390037,9.98251512681874,-0.17685915508002548,179.99999879258172,21.963032804726513,8.876894374382339,0.917982022724571,5,3.7666666666666666,1
accident03.mp4,14,7.0,8.0,2.1748380181158438,8.06225774829855,0.8667006531129405,1.227136510572892,6.0,1.0,114.40048377452341,0.9562287926673889,0.02125808596611023,8.026125050612364,-0.16273882093927347,9.98251512681874,-0.08604391696060935,179.99999879258172,24.327868184687368,4.899980088130169,0.6408718762273409,5,3.3666666666666667,1
accident03.mp4,15,7.5,8.5,1.3801010066852402,5.0990195135927845,0.7761112010409733,0.959530065048255,4.0990195135927845,1.0,109.07797602918572,0.974206805229187,0.03757183253765106,5.347166378327614,-0.6183264900236665,6.101494884818152,0.03789831135929599,180.0,25.97436024905973,3.0990195135927845,0.5230785626601262,4,3.1666666666666665,1
accident03.mp4,16,8.0,9.0,1.0248583786768803,6.082762530298219,0.6183927651999285,0.8004756802789997,5.082762530298219,0.0,124.47654860947107,0.974206805229187,0.021565474569797516,5.347166378327614,-0.6719836063651373,6.101494884818152,0.0698832675969265,180.0,42.26526521803621,2.605551275463989,0.4085227492388874,4,3.0,1
accident03.mp4,17,8.5,9.5,0.8152564238570222,6.082762530298219,0.6645298160822378,0.6940847955222672,5.0990195135927845,0.0,145.6210358557991,0.9251224398612976,0.005139568820595741,3.5684642854043602,-0.43479816219675643,2.994384199226232,-0.006835131309156221,180.0,51.66934693629417,2.0,0.29716483321938814,4,2.933333333333333,1
accident03.mp4,18,9.0,10.0,0.5581620269744916,5.0990195135927845,0.4759138526806337,0.5749026977116735,5.0990195135927845,81.21576201698781,158.4045258664852,0.0,0.0,3.5684642854043602,-0.09406277352934482,2.994384199226232,-0.02502125870193262,180.0,50.302997168664405,3.0990195135927845,0.290705717953764,3,3.0,1
accident03.mp4,19,9.5,10.5,0.4452340867985053,2.0,0.3562998349722218,0.48157400223013413,3.0990195135927845,89.9388681271896,160.6729986789502,0.0,0.0,2.652830848497814,-0.1401287532380454,2.649117048735036,0.014906924748585957,180.0,31.688498874567003,3.0990195135927845,0.2769716293148775,3,3.0,1
accident03.mp4,20,10.0,11.0,0.38047378541243654,2.0,0.26073243247233563,0.4322166104067963,1.4142135623730951,101.82337649086284,162.44982063207243,0.0,0.0,1.7213620007289592,-0.09365145433343067,2.275869951224408,0.02766941565773762,180.0,31.5,1.4142135623730951,0.21840949166102638,3,3.0,1
accident03.mp4,21,10.5,11.5,0.4138071187457699,2.0,0.23507596178209628,0.4387253486026508,1.4142135623730951,106.83164325236227,162.9838917862066,0.0,0.0,1.708388263227988,-0.050873441661643745,2.475986113489853,0.0003905018543106517,180.0,43.5,1.4142135623730951,0.21380711874576977,3,3.0,1
accident03.mp4,22,11.0,12.0,0.3406317138832487,2.0,0.26375705004772315,0.48126342776649733,1.4142135623730951,116.3872845288522,163.48636840757243,0.0,0.0,1.6499657998639066,0.010141882264785967,2.475986113489853,0.018882599285609085,180.0,25.5,1.4142135623730951,0.24063171388324864,3,3.0,1
accident03.mp4,23,11.5,12.5,0.2873773447853214,1.4142135623730951,0.28438752437737735,0.43031024512619837,1.4142135623730951,122.44182292011173,186.4715771668988,0.0,0.0,1.0562267646745056,-0.019754842313587526,1.4067912634382225,-0.047263085954542636,180.0,18.0,1.4142135623730951,0.21515512256309918,3,2.566666666666667,1
accident03.mp4,24,12.0,13.0,0.3791257815951072,2.0,0.4067965840483204,0.524918229856881,2.0,128.22636234409833,192.63286414824057,0.0,0.0,1.5669815562848726,-0.33004861870556046,1.997031354844296,-0.08810891336282856,180.0,13.5,2.0,0.25134800381732936,3,2.5,0
accident04.mp4,0,0.0,1.0,1.4367813919778283,10.816653826391969,1.446494062756915,1.1344615858383102,8.246211251235321,40.0,635.2233301934194,0.29332059621810913,0.0035504734143614767,10.436565631241905,1.0664926567233353,5.0946020788071,-0.09312149765527672,180.0,37.66541326306277,7.654376166223589,0.5847031493346422,5,4.266666666666667,0
accident04.mp4,1,0.5,1.5,0.9857962547930167,5.385164807134504,0.3725271919680537,0.5599493533742862,2.605551275463989,79.12016177940993,358.1936155967423,0.0,0.0,5.383455917739525,0.7827707033830689,3.1606221686295726,0.0038335485117059844,180.0,37.09169886562355,2.605551275463989,0.2826469438833658,5,4.333333333333333,0
accident04.mp4,2,1.0,2.0,0.9244826423027024,3.605551275463989,0.3350895436350495,0.4890050198273354,2.605551275463989,89.15716460273958,346.5416632126251,0.015140327624976635,0.0003078905865550041,5.384117176366885,0.8024243293595684,3.1606221686295726,0.025470871787111115,135.0,24.792263525086707,2.605551275463989,0.24307581332298747,5,4.166666666666667,0
accident04.mp4,3,1.5,2.5,1.1019868915924138,4.0,0.3949526448229363,0.5009630376089723,3.1622776601683795,134.31678971744373,332.6493839987022,0.047261495143175125,0.002964343875646591,6.877477698532346,1.0586538084190462,3.1560431351149987,0.018718633442349468,180.0,19.348838628606703,3.1622776601683795,0.2435666156588265,5,4.033333333333333,1
accident04.mp4,4,2.0,3.0,1.3583111527699274,6.0,0.43191595504424385,0.5812812976265664,4.0990195135927845,134.31678971744373,313.9168730808818,0.06872039288282394,0.007591639179736376,6.877477698532346,1.386677401664975,3.1560431351149987,0.0005814138111271433,180.0,19.997536872991812,4.0990195135927845,0.28396708897023387,5,4.033333333333333,1
accident04.mp4,5,2.5,3.5,1.6028063475872851,8.94427190999916,0.49056262950052865,0.6216487046159681,4.117832229112139,48.373546489791295,311.0428551008766,0.22038820385932922,0.009165283292531967,13.569314207999753,1.4497816599817,3.088166047694557,-0.03400676943075097,180.0,20.501907188821374,4.117832229112139,0.3209352823555927,7,4.766666666666667,1
accident04.mp4,6,3.0,4.0,2.06383671798367,14.317821063276353,0.7040562451157845,0.7798627659446618,8.93265625614185,0.0,318.04385391095394,0.9973949193954468,0.01853509061038494,18.931203924029717,1.7926421852094658,9.122672875722401,-0.05712426472187595,90.0,18.642328039562322,8.93265625614185,0.39884256664662543,10,7.233333333333333,1
accident04.mp4,7,3.5,4.5,2.018377603955611,14.317821063276353,0.7980783904173229,0.9340784845933398,8.93265625614185,0.0,306.89198505790654,0.9973949193954468,0.016990751028060913,18.931203924029717,1.6640867297316764,11.90081041242189,-0.07286391449505535,171.869897645844,22.830774148973045,8.93265625614185,0.4806527394024536,10,8.633333333333333,1
accident04.mp4,8,4.0,5.0,1.1778833033211875,11.180339887498949,0.7109451196342516,0.8112107961293444,8.056352514226612,73.16419889536138,289.12970373012314,0.10122179239988327,0.006538036745041609,13.913112608253229,0.7905199881303858,11.90081041242189,-0.07799128590622065,180.0,31.935939416957805,8.056352514226612,0.4423876793295338,9,8.333333333333334,1
accident04.mp4,9,4.5,5.5,0.606171794698668,3.1622776601683795,0.2771859964554904,0.5351177498775996,6.0710678118654755,1.0,288.8770009378441,0.9898499846458435,0.007971357554197311,6.306901881063553,0.3406234544038049,6.983570842807751,-0.03422315519174722,180.0,34.482621185196734,6.0710678118654755,0.29451933219076293,10,8.733333333333333,1
accident04.mp4,10,5.0,6.0,0.4578628110161569,3.1622776601683795,0.19864085304657023,0.36011720877775627,2.23606797749979,1.0,294.78927834701994,0.9898499846458435,0.007070732302963734,3.4065529396922614,0.2840974979816497,2.745746465062382,-0.0025626237449579694,180.0,24.137081911747835,2.23606797749979,0.18376230809258184,10,9.1,1
accident04.mp4,11,5.5,6.5,0.3816886211377634,3.1622776601683795,0.1911333063517826,0.2868170954377519,2.23606797749979,0.0,292.4002679994424,0.9912703037261963,0.008335410617291927,3.4065529396922614,0.29878428935431034,3.1540304991936807,0.023241616828721143,179.99999879258172,19.88550166565533,2.23606797749979,0.13157187319126692,11,9.333333333333334,1
accident04.mp4,12,6.0,7.0,0.37012803969705016,3.1622776601683795,0.1779474655818424,0.24423158924526228,2.23606797749979,0.0,288.2981690252904,0.9912703037261963,0.01110184844583273,3.1118325354972853,0.2793045517385287,3.1540304991936807,0.016164180976105638,179.99999879258172,17.26942318583633,2.0,0.11730786544923469,11,10.0,0
accident04.mp4,13,6.5,7.5,0.4112657168966834,4.0,0.16678088280762807,0.26041954963054914,4.0,0.0,285.4927880227486,0.9804739952087402,0.00929309707134962,3.9646261912740783,0.263326489846921,3.9646261912740783,0.004031465186779567,90.0,15.654924931986205,2.23606797749979,0.13299106972172062,11,10.233333333333333,0
accident04.mp4,14,7.0,8.0,0.4281459892016802,4.123105625617661,0.17035664472836165,0.2847685042534808,4.0,1.0,286.1013551072148,0.9804739952087402,0.0059356954880058765,4.0902841407470305,0.22167145402492344,3.9646261912740783,0.007391031994995121,180.0,25.422567726575696,2.23606797749979,0.1339070743621745,11,9.966666666666667,0
accident05.mp4,0,0.0,1.0,1.17959164976935,4.123105625617661,0.5442197233216236,0.6270969102054903,3.1231056256176606,0.0,658.0450710129031,0.8905115127563477,0.004352406288186709,6.05647089304,0.32708890979047317,4.834126986415072,0.03983661586126752,180.0,29.85667050794616,2.1622776601683795,0.3188748437615863,5,3.0,0
accident05.mp4,1,0.5,1.5,2.101638620198176,6.082762530298219,0.9744875013373353,0.815343349810589,3.1231056256176606,0.0,285.6528025119648,0.8905115127563477,0.009223753586411476,9.476212418078916,2.4885013704710675,4.834126986415072,0.1360113481061799,180.0,28.946188266519325,2.76393202250021,0.38109459833644543,5,3.5,0
accident05.mp4,2,1.0,2.0,2.4617766602958273,6.082762530298219,0.9737210088628958,1.001719382713378,4.0,0.0,230.6311138476446,0.8780309557914734,0.018448852002620697,9.476212418078916,3.4122325344066513,4.122214872317528,0.10614831653840183,135.0,18.95485127340571,4.0,0.48670915677837756,5,3.466666666666667,0
accident05.mp4,3,1.5,2.5,1.9254930205160448,6.082762530298219,0.8160412443736539,1.0499254775506142,4.0,0.0,252.97955427462475,0.8780309557914734,0.020044738426804543,7.27941977950573,1.8069886652597913,8.4327619790392,-0.07429808834419013,180.0,32.83612578879822,4.0,0.546257225336227,6,4.266666666666667,0
accident05.mp4,4,2.0,3.0,1.6968704904663214,16.1245154965971,0.8539496404331547,1.1697183795241728,11.881874809477814,13.0,252.77021930646782,0.6249265670776367,0.01527264341711998,16.1074572878469,0.3125682351833125,17.37906521041242,-0.044173339195577685,180.0,45.88153362347953,10.739350689462594,0.5834389935444523,6,4.566666666666666,0
accident05.mp4,5,2.5,3.5,1.5011464407484678,16.1245154965971,0.8121769983197678,0.9674419241452887,11.881874809477814,13.0,242.98462024768065,0.6249265670776367,0.008805411867797375,16.1074572878469,-0.13010242562745675,17.37906521041242,0.016634992256083076,180.0,35.1642981422028,10.739350689462594,0.47050823010112375,5,4.166666666666667,0
accident05.mp4,6,3.0,4.0,1.2483246851643526,5.830951894845301,0.435050675829052,0.7310458345561758,3.594883917345511,84.1486779456457,247.1499115985063,0.0,0.0,3.842117526534423,-0.45411528301960313,4.177878804814441,-0.017417050585853477,180.0,25.67091038846901,3.594883917345511,0.361438604102409,4,4.0,0
accident05.mp4,7,3.5,4.5,1.1373878645291444,5.830951894845301,0.43871327508022806,0.7056047954074612,3.594883917345511,124.95199078045935,254.17978509570213,0.0,0.0,2.6602936459788395,-0.49715401713511703,4.177878804814441,-0.009125407232038897,180.0,21.761162497729256,3.594883917345511,0.37607650786050933,4,4.0,0
accident05.mp4,8,4.0,5.0,0.8061235148655455,5.385164807134504,0.4139393702959773,0.5432257475432759,3.149096829634714,121.2023102090055,261.3149343851996,0.0,0.0,1.430204665390164,-0.3772555680657214,3.1556946443702145,0.026941332631982888,180.0,24.40997966979711,2.1913377130908938,0.29661287377163786,4,4.0,0
accident05.mp4,9,4.5,5.5,0.5011800618407555,3.1622776601683795,0.28784645881671106,0.4221133628432179,2.23606797749979,108.04628637764465,265.3518621601444,0.0,0.0,1.8905454354593587,-0.14760277591470283,2.23351375464415,0.009491757514571958,180.0,27.909665730634647,2.23606797749979,0.2127825712648302,4,4.0,0
accident05.mp4,10,5.0,6.0,0.533847780105598,3.0,0.27362187004362243,0.45033917451574484,2.23606797749979,89.02246907382428,262.59196328603923,0.06505085527896881,0.001857024966739118,2.8207493649814808,-0.05437339688835791,2.6760631796108783,-0.011265264520980527,180.0,34.80724924766689,2.23606797749979,0.2205666825595336,5,4.2,0
accident05.mp4,11,5.5,6.5,0.6730422457142471,3.605551275463989,0.2635537622389651,0.49729829777840295,1.6055512754639891,63.324560795950255,260.99382586900305,0.12023089081048965,0.007836884818971157,2.8207493649814808,-0.10612881307660814,2.942409877924888,0.0011837172607149578,180.0,40.45975888723032,1.6055512754639891,0.2432129108575293,6,4.533333333333333,1
accident05.mp4,12,6.0,7.0,0.6625471524840346,4.123105625617661,0.2829524150068798,0.48256187548027557,2.8284271247461903,52.80151512977634,283.44265628301423,0.12950995564460754,0.009593967348337173,4.7969045292892645,-0.016035493684972917,3.093624831966167,0.00327210017297289,180.0,35.19201887823781,2.8284271247461903,0.23730356651970544,7,5.8,1
accident05.mp4,13,6.5,7.5,0.6048340379993774,4.123105625617661,0.2976034609960304,0.5069521820917886,2.8284271247461903,39.84971769034255,297.32057879101836,0.12950995564460754,0.00630353856831789,4.7969045292892645,0.030374158501918918,3.9918604948156258,-0.012721950279109164,180.0,38.139647964135655,2.8284271247461903,0.25067931915915026,8,7.333333333333333,1
accident05.mp4,14,7.0,8.0,0.6161020027983979,4.47213595499958,0.2612543746712942,0.5312988517095835,3.0579223926264847,37.36308338453881,289.0986989593368,0.12089155614376068,0.004662458784878254,2.9431997489206196,-0.12583058626709503,3.9918604948156258,-0.013302358592048829,180.0,39.731227517256784,3.0579223926264847,0.2746681036471641,8,7.866666666666666,1
accident05.mp4,15,7.5,8.5,0.6896310866337921,4.47213595499958,0.2318896750356774,0.4828813972153743,3.0579223926264847,36.05551275463989,289.79816870466846,0.07975571602582932,0.003274938790127635,3.416082907727386,-0.26360946176781647,3.6019847459573384,-0.018696056504307373,180.0,34.54770114665294,3.0579223926264847,0.2437414387483994,8,8.0,1
normal01.mp4,0,0.0,1.001,1.773251754381907,9.055385138137417,0.585908219130327,0.6764291551992367,3.879776807753179,44.598206241955516,173.01715754803465,0.0,0.0,2.7476437985618247,-2.031358156803073,5.519050704623851,-0.043086816992513696,135.0,25.863497521252302,2.0710678118654755,0.3034646783642138,7,5.066666666666666,0
normal01.mp4,1,0.501,1.502,1.8759504744074902,10.0,0.690386205733443,0.7361563873888248,4.010221830399919,53.150729063673246,197.16999024823483,0.0,0.0,2.7476437985618247,-2.0914270788885454,5.519050704623851,-0.014906746328927696,108.43494882292201,27.336108649446974,3.956365624544633,0.368107606886163,7,5.333333333333333,0
normal01.mp4,2,1.001,2.002,1.7385645572183153,10.0,0.7178340179845701,0.7157115047786831,4.010221830399919,0.0,170.24966615177672,0.9783651232719421,0.003261216916143894,1.7010310524213708,-1.5985208404058189,4.838819934435151,0.025427165052702302,180.0,33.25377925767752,3.956365624544633,0.35288094686352495,7,4.6,0
normal01.mp4,3,1.502,2.502,1.7601867960826714,5.656854249492381,0.4898204800208909,0.7640893016602394,2.82842712474619,0.0,150.12111348059906,0.9783651232719421,0.005694545805454254,1.9824876589258054,-1.3179064983075635,3.553756488525977,-8.326505603115097e-05,180.0,31.4918222714247,2.23606797749979,0.34214039441028177,6,4.3,0
normal01.mp4,4,2.002,3.003,2.0025484591657934,7.0710678118654755,0.49175315256632235,0.828533909599523,3.4207862719925908,1.0,176.32792553583025,0.9531397223472595,0.00545658590272069,2.314038910422397,-1.7098694095274969,3.553756488525977,-0.05022685410591527,90.0,20.694962233627336,2.8284271247461903,0.38364967239596576,7,4.933333333333334,0
normal01.mp4,5,2.502,3.504,2.382557153006696,8.0,0.585102006691025,0.7198567111994303,3.4207862719925908,1.0,207.1877777233992,0.9524734020233154,0.00479501998052001,2.314038910422397,-2.36690385120649,3.117959829926974,-0.13080362582045466,90.0,22.070099515832364,2.8284271247461903,0.3374477995341811,8,5.433333333333334,0
normal01.mp4,6,3.003,4.004,2.8257303599458337,9.0,0.5548092583331494,0.784567750251992,4.52786404500042,1.0,243.76846643640235,0.9841108918190002,0.012423316948115826,2.299568522619097,-2.6768227638412796,5.686467260350639,-0.03520551636835727,90.0,22.830586069490842,4.52786404500042,0.38785949860366986,8,5.966666666666667,0
normal01.mp4,7,3.504,4.505,3.3713081774417044,13.416407864998739,0.6052641816688471,0.8437066875268974,4.52786404500042,1.0,275.86967685295764,0.9841108918190002,0.010765244252979755,3.060231759473652,-3.0164391802627586,5.686467260350639,-0.053513857233213065,180.0,20.577419539424373,4.52786404500042,0.408505512063745,9,7.133333333333334,0
normal01.mp4,8,4.004,5.005,3.2408232792699847,13.416407864998739,0.7254279846282928,0.7426249234680917,3.8516541137839475,32.38826948140329,283.13938274928876,0.013727724552154541,0.00011368977720849216,3.931912414431906,-3.0124985984550907,6.999745204346937,-0.0035304004365561185,180.0,20.859024479729023,3.8516541137839475,0.37121298712709627,9,7.466666666666667,0
normal01.mp4,9,4.505,5.506,2.58010677768833,11.661903789690601,0.5247884354766462,0.7539409376077881,3.8516541137839475,27.073972741361768,264.98429579835954,0.03853662684559822,0.00012162981875007972,3.931912414431906,-2.530110517640757,6.999745204346937,0.051604246670710154,180.0,25.909985165356318,3.8516541137839475,0.37997666390791807,12,8.466666666666667,0
normal01.mp4,10,5.005,6.006,2.640982309260033,18.35755975068582,0.6475642966859874,0.8847917794524495,11.64935581818645,27.073972741361768,266.1135245831629,0.03853662684559822,0.00015139573952183127,2.9687802026755605,-2.8308422081290963,8.572860326028689,-0.05210971980015824,180.0,32.469736738976884,8.566268855405719,0.4324714326748201,12,9.8,0
normal01.mp4,11,5.506,6.506,2.8582947264597602,18.35755975068582,0.6639765585295996,0.9368436840499804,11.64935581818645,29.274562336608895,268.1966178412906,0.024484187364578247,5.5316930229309946e-05,2.9687802026755605,-3.2697566557600797,8.572860326028689,-0.17125149312271679,180.0,31.667751058924914,8.566268855405719,0.4340892961677308,11,8.766666666666667,0
normal01.mp4,12,6.006,7.007,2.5819428925718864,16.1245154965971,0.5247510342618767,0.8150842936993282,6.904971039304211,34.52535300326414,210.5888688187897,0.010385792702436447,2.5551020371494815e-05,2.3309757776085576,-2.9032914757299992,4.858007217413672,-0.17241360836286998,180.0,26.935328395993345,3.1570042636628575,0.3595893667124526,9,6.933333333333334,0
normal01.mp4,13,6.506,7.508,2.604642263635498,12.36931687685298,0.5646751772662537,0.7774881096835231,4.985701931546668,0.0,189.59542704963815,0.912461519241333,0.00265185977332294,1.2712488333116312,-2.945185826737913,5.988155840423929,-0.08367039329900822,90.0,24.931375083277715,4.307059128554432,0.36333061209059375,8,6.3,0
normal01.mp4,14,7.007,8.008,2.9707023877726138,12.36931687685298,0.5145495907088605,0.8751219833281781,4.985701931546668,0.0,227.5594881668999,0.912461519241333,0.0037902856711298227,1.3826001237550685,-3.1506269839840413,5.988155840423929,0.00033960963374164547,90.0,20.18396290138994,4.307059128554432,0.4329328069640266,8,6.7,0
normal01.mp4,15,7.508,8.508,2.986430745291634,14.142135623730951,0.6812154173528544,1.0232951227166842,10.142135623730951,1.0,235.23584922631323,0.9124188423156738,0.0017116405069828033,1.9999459357176192,-2.817465377609892,7.5639905744727685,-0.060304162654686334,90.0,16.330167509798326,6.142135623730951,0.48929198695781667,9,6.833333333333333,0
normal01.mp4,16,8.008,9.009,2.5836739380165197,14.142135623730951,0.7905744072684049,0.9578752186065956,10.142135623730951,0.0,227.73537398847552,0.9477220773696899,0.0028162042144685984,1.9999459357176192,-2.4459051995108276,7.5639905744727685,-0.1440981039006622,90.0,17.100212950016143,6.142135623730951,0.43150476821278877,9,6.8,0
normal01.mp4,17,8.508,9.51,2.4312660237373653,12.36931687685298,0.9728513453956817,0.7489978280417885,3.7740752962357416,0.0,243.92380274827326,0.9592890739440918,0.009489190764725208,2.3645723516919475,-2.254667138965872,4.232365614953608,-0.059428484384967104,90.0,18.503171157251092,3.04987562112089,0.35929161936069814,8,6.133333333333334,0
normal01.mp4,18,9.009,10.01,2.198317490190307,12.36931687685298,1.0332529370113206,0.7309887715201447,3.0025247700991105,0.0,208.3265278694781,0.9592890739440918,0.007248735520988703,2.3645723516919475,-2.192040416119318,4.232365614953608,-0.09558174167564092,180.0,25.202346161477347,3.0025247700991105,0.3343385308875239,7,5.366666666666666,0
normal01.mp4,19,9.51,10.511,1.8734296503976176,8.06225774829855,0.3833596401122219,0.7199527585055352,3.0025247700991105,31.78049716414141,183.437291854818,0.017386944964528084,0.00013910395500715822,1.2478348403905102,-2.074699323613984,4.225134672248771,-0.12270007151904151,180.0,25.834014252343486,3.0025247700991105,0.33131111045396683,8,6.266666666666667,0
normal01.mp4,20,10.01,11.011,2.682691524417981,14.7648230602334,0.8339598209063886,0.6640524232865839,3.0064041504853147,31.78049716414141,236.95609428777865,0.024182269349694252,0.0003102514601778239,2.60016682168623,-3.1209970097759676,4.225134672248771,-0.15361665652405984,135.0,21.39346024750009,2.23606797749979,0.32114096523481717,8,6.866666666666666,0
normal01.mp4,21,10.511,11.511,3.3814264303625987,14.7648230602334,0.5850099048745586,0.8199423191455613,5.725903072185989,1.0,277.8986391203859,0.9224896430969238,0.0013736543478444219,2.70316594873853,-3.9860103511411977,6.048232182467984,-0.10117831500700811,90.0,18.715433659947795,5.198039027185569,0.3954146379390299,10,7.266666666666667,0
normal01.mp4,22,11.011,12.012,2.69809308655894,16.1245154965971,1.2074759629329817,0.8713651992269165,5.725903072185989,1.0,252.07474305174125,0.9224896430969238,0.0012217966141179204,2.70316594873853,-3.2023423040049765,6.048232182467984,-0.08017567044372996,180.0,26.47082945983374,5.198039027185569,0.4053623885412749,10,7.4,0
normal01.mp4,23,11.511,12.513,1.7178369129351299,16.1245154965971,1.018300012225747,0.8490041847333264,4.83772233983162,4.0,166.22844007741682,0.6327947378158569,0.001428034738637507,2.225815245237172,-1.9558538202383469,3.516526147215636,-0.20319618446023568,180.0,34.794546763595434,3.0,0.3638744271253073,9,5.766666666666667,0
normal01.mp4,24,12.012,13.013,1.6095756754868704,8.0,0.597872432566246,0.8458522196698779,4.83772233983162,4.0,127.5782615177019,0.6345912218093872,0.0034979896154254675,2.81778894077852,-1.5256409399154702,3.516526147215636,-0.14922070593791778,135.0,34.19006566986423,3.0,0.3966700471939111,7,5.366666666666666,0
normal01.mp4,25,12.513,13.514,1.9515225222284824,10.0,0.5791464452826858,0.7503995084721725,2.23606797749979,5.0990195135927845,151.5783894420564,0.6726202368736267,0.006633387412875891,2.81778894077852,-1.8808152386194794,4.114646584259276,-0.08649508737839479,135.0,33.65274617081922,2.23606797749979,0.3663710198723434,9,6.966666666666667,0
normal01.mp4,26,13.013,14.014,2.059401443026519,10.770329614269007,0.6571012488651763,0.9115672617909713,6.39444872453601,5.385164807134504,184.2391714035314,0.6726202368736267,0.004559556487947702,2.295444708974287,-2.0283448016170063,6.588639227508054,-0.12718577466117195,135.0,28.26507480607399,6.39444872453601,0.4370767586232573,11,8.2,0
normal01.mp4,27,13.514,14.514,2.212681596909876,12.083045973594572,0.6327225403295879,0.8973771518869046,6.39444872453601,32.802438933713454,215.86092415339417,0.023808689787983894,0.00018351039034314454,2.1437041052242876,-2.355265876636741,6.588639227508054,-0.10538688899156427,135.0,25.514361230521597,6.39444872453601,0.4311742812515311,11,8.8,0
normal01.mp4,28,14.014,15.015,2.4526735768370367,13.416407864998739,0.43477324898420433,0.7131101109099129,3.154556508405099,35.608987629529715,234.46964245480848,0.023808689787983894,0.0002077419776469469,2.1437041052242876,-2.8060287849239582,4.21773338812784,-0.09739763516886067,135.0,28.39505468839042,2.7994289839487525,0.3139692508322982,11,9.433333333333334,0
normal01.mp4,29,14.514,15.515,2.474165751967734,13.416407864998739,0.3797939824468926,0.6828657140006771,3.6568542494923806,1.0,250.2048695647965,0.9436088800430298,0.0008653518161736429,2.1742661717137537,-2.77617967003721,4.947453132512408,-0.04876843829297729,180.0,27.96997850551834,2.8824838963478427,0.32357197309867325,11,9.333333333333334,0
normal01.mp4,30,15.015,16.016,4.644750444227248,17.26267650163207,3.6999489300853265,0.8873318336460813,3.6568542494923806,1.0,251.7016216018645,0.9436088800430298,0.0016591839957982302,4.512789652212575,-2.3496563637531223,7.672743089578205,0.04833125104596269,180.0,19.300629908804087,2.8824838963478427,0.25270969120598624,11,7.866666666666666,0
normal01.mp4,31,15.515,16.517,11.04374126010327,20.248456731316587,5.283667622924778,1.1905340135795897,9.982566612351551,41.773197148410844,253.55622420176218,0.05915702134370804,0.0035379650071263313,10.618031129347827,-1.8147819208401352,12.997842702568619,0.2602684511380468,90.0,8.261994149336717,9.982566612351551,0.4375939810063289,9,5.933333333333334,0
normal01.mp4,32,16.016,17.017,12.155848848119971,20.248456731316587,3.73684996458942,1.4005519945154687,9.982566612351551,1.0,620.3637458346741,0.8300261497497559,0.0056384935475459015,10.618031129347827,0.22210577014076424,12.997842702568619,0.7462822658034725,26.565051177077994,5.56432024801727,9.982566612351551,0.9065813653812312,6,4.4,0
normal01.mp4,33,16.517,17.518,6.43008217888543,15.132745950421556,3.353889827378656,1.3654868911124427,8.042419434978779,1.0,1303.7905826187875,0.8300261497497559,0.015098530710383784,9.465272409432373,2.2988298500427624,8.196837490838064,0.6571595917502119,161.565051177078,13.17605797433997,8.042419434978779,0.8882191455041203,6,3.066666666666667,0
normal01.mp4,34,17.017,18.018,11.138978006008017,25.179356624028344,8.328799825617692,1.6035952921969485,6.780455542707113,9.486832980505138,1281.97257683461,0.747661292552948,0.019802610840027532,10.09418152682423,1.4147070519519243,6.849762253067411,0.13460612682931364,161.565051177078,11.954250476719231,3.77442795465058,0.5521672316315233,4,2.466666666666667,0
normal02.mp4,0,0.0,1.251,4.0987114951977555,10.198039027185569,0.8580036464240225,0.7232038136508739,3.8466945527984295,0.0,301.4608879699802,0.9757483601570129,0.018330637365579605,11.65533499226754,0.8347398959790261,5.0648390714258085,-0.011509809902394285,56.309932474020215,11.092075688176616,3.8466945527984295,0.3828430905872752,13,10.266666666666667,0
normal02.mp4,1,0.626,1.877,4.321264804837484,10.198039027185569,0.3450358260127021,0.7622579239078072,4.101668173370634,0.0,291.98409343853365,0.9388642907142639,0.017590079456567764,11.65533499226754,0.41026499072133343,9.0,0.004340261100388602,72.89727103094764,11.16236808425885,4.101668173370634,0.39267218290494577,13,10.666666666666666,0
normal02.mp4,2,1.251,2.502,4.164257579654894,14.317821063276353,0.39824842045361425,0.7978387762284181,7.609617130776984,0.0,286.5026990492496,0.9388642907142639,0.010718373581767082,12.187699252640641,0.41223809788167964,9.0,0.008414799931019483,72.89727103094764,9.596746197099188,5.098276605983466,0.41632878193721967,14,10.666666666666666,0
normal02.mp4,3,1.877,3.128,3.8391088755462746,14.317821063276353,0.3414510397533541,0.7651595737005923,7.609617130776984,1.0,282.40825467328807,0.8861651420593262,0.008796850219368935,12.187699252640641,0.8190455991953859,7.498773867983147,-0.022259220835491485,135.0,11.945937648999667,5.098276605983466,0.41227846261189993,14,11.0,0
normal02.mp4,4,2.502,3.754,3.824493695592486,7.615773105863909,0.3340767339033565,0.7300970679622611,3.4721359549995796,0.0,283.61869070326594,0.8306767344474792,0.010431916452944279,6.942016021180848,0.795245872403142,5.743777302077547,0.011545607988418364,135.0,14.036786439389381,3.4721359549995796,0.3819963683210322,14,10.966666666666667,0
normal02.mp4,5,3.128,4.379,3.8007489667917858,7.615773105863909,0.3677203450427379,0.7452165357662783,3.4721359549995796,0.0,283.4561773880351,0.9186885952949524,0.014985267072916031,7.848945048894848,0.9608754193623188,5.743777302077547,0.013474239738894406,90.0,13.423232162446247,3.4721359549995796,0.3896824040383146,13,10.7,0
normal02.mp4,6,3.754,5.005,3.632400105536638,9.486832980505138,0.31467952961384243,0.7861861470995934,4.101668173370634,0.0,282.9359000564248,0.9465857744216919,0.016291404142975807,9.750774590359697,1.3504524102993225,5.06915234898247,0.002964386678167267,135.0,13.599136821831827,4.101668173370634,0.4048369218922481,16,11.1,0
normal02.mp4,7,4.379,5.631,3.9761790650282705,10.198039027185569,0.499390816100229,0.8789344978917722,4.101668173370634,0.0,273.27855012312943,0.9465857744216919,0.024090958759188652,9.750774590359697,1.747958624373929,5.06915234898247,-0.02165830098992478,135.0,12.087386744478605,4.101668173370634,0.44345617609748084,16,11.1,0
normal02.mp4,8,5.005,6.256,3.8961336182334025,10.198039027185569,0.5534004219755598,0.8716200591993867,4.088487342836969,0.0,248.31893695588667,0.9383338689804077,0.023206518962979317,9.672877751992303,1.3316449768177248,5.421723150240325,-0.07870796276931144,90.0,12.137861598630197,3.149096829634714,0.44947007827491114,13,10.566666666666666,0
normal02.mp4,9,5.631,6.882,3.424639009753717,8.602325267042627,0.42710094508512064,0.8095100369402494,6.602325267042627,1.0,246.2895371970073,0.9602003693580627,0.010709832422435284,7.6144537880704775,-0.177602484463797,5.421723150240325,-0.10352030499528395,90.0,13.962127658744167,4.130189312043047,0.4224162234751001,13,10.0,0
normal02.mp4,10,6.256,7.507,3.399175446838862,12.36931687685298,0.44146624444948906,0.872486794212795,6.602325267042627,1.4142135623730951,277.314385674473,0.9602003693580627,0.007147625554352999,11.72402999346906,-1.0474915685464308,7.276143323197061,0.05467343686379897,82.8749836510982,15.547202298683725,5.089206987572463,0.4431394103539803,12,9.6,0
normal02.mp4,11,6.882,8.133,3.5301647278197943,12.36931687685298,0.40115645837001307,0.8675108976390052,5.089206987572463,1.0,303.28386410661307,0.7543014287948608,0.009483294561505318,11.72402999346906,0.016950873165594415,7.276143323197061,0.141287617821429,82.8749836510982,15.100448730013863,5.089206987572463,0.43700914524896617,12,9.3,0
normal02.mp4,12,7.507,8.759,3.8704809695043756,9.0,0.4723795289558944,0.7673147855259586,5.83772233983162,0.0,299.5394215915583,0.8653722405433655,0.01381564512848854,9.019078910505527,1.0657905919265753,7.767072476433327,0.05772100619651093,161.565051177078,13.311439173450887,3.9009804864072155,0.39353029002763074,12,9.466666666666667,0
normal02.mp4,13,8.133,9.384,3.982072693074869,12.0,0.4137496478203583,0.8100267906688524,9.76393202250021,0.0,294.53720153777016,0.9384926557540894,0.012571122497320175,10.257930948754364,0.9785656152606326,11.525960912118194,-0.05436258856116278,168.6900675259798,14.19138935256229,5.0,0.41013785438803,13,10.433333333333334,0
normal02.mp4,14,8.759,10.01,3.784640802658885,12.0,0.4356894973173948,0.8244903333926483,9.76393202250021,0.0,302.8753730026125,0.9384926557540894,0.009167294017970562,10.257930948754364,0.5039764509346455,11.525960912118194,-0.0594384734848523,168.6900675259798,15.272075554774295,5.0,0.41607939417344586,14,11.333333333333334,0
normal02.mp4,15,9.384,10.636,3.5790151149797946,9.486832980505138,0.46583219906644696,0.8165917847439365,5.379705128364119,1.4142135623730951,313.5624267901247,0.6114369034767151,0.0074815223924815655,11.115105565561407,0.7741302374705354,8.04756468342299,-0.013185780979265616,180.0,18.379414177569267,4.486832980505138,0.4177763240269072,14,11.533333333333333,0
normal02.mp4,16,10.01,11.261,3.80028647818268,13.341664064126334,0.5971576563136434,0.8882751879717553,7.017108743789575,1.0,304.2171129587268,0.7727633714675903,0.010272645391523838,12.18499134962633,1.2091389117537128,7.762046519138494,-0.031044140864690203,180.0,16.767841220563273,7.017108743789575,0.4615105689695393,13,10.5,0
normal02.mp4,17,10.636,11.887,3.9038666930184265,13.341664064126334,0.514946410843459,0.8922114567633556,7.017108743789575,0.0,286.36208585158545,0.8624445796012878,0.015587536618113518,12.18499134962633,1.1313865982924853,7.243655346092595,-0.014136195780547376,63.43494882292201,11.82665449838715,7.017108743789575,0.45573329851306066,13,9.7,0
normal02.mp4,18,11.261,12.512,3.67254218636794,12.36931687685298,0.4517275950767111,0.8175272018185121,10.133248899353191,0.0,293.7329433214564,0.9482817053794861,0.015541797503829002,10.769815132241263,1.050993002278566,11.733344039575684,0.009841593648071571,90.0,11.393258523085905,3.674558613816529,0.3960574429202866,13,9.6,0
normal02.mp4,19,11.887,13.138,3.930693358279768,12.36931687685298,0.5119940187910611,0.8166118813906661,10.133248899353191,1.0,295.0593738613173,0.9482817053794861,0.013376951217651367,10.769815132241263,1.0298519818970813,11.733344039575684,0.025169848148044942,90.0,11.407955414204126,3.4898350946861996,0.414858780995331,14,9.566666666666666,0
normal02.mp4,20,12.512,13.764,4.155546858777607,10.198039027185569,0.3070904323325803,0.7656864873840886,6.246211251235321,0.0,263.754436201986,0.9328199625015259,0.02387065626680851,9.430940003287205,1.12803164830358,9.791771075956149,0.046411521058031625,104.03624346792648,12.223305844154483,6.246211251235321,0.40473238725312155,14,9.366666666666667,0
normal02.mp4,21,13.138,14.389,3.898509262764348,8.246211251235321,0.4296733752134502,0.7021663566257926,6.246211251235321,0.0,260.19291441548773,0.9475970268249512,0.03372347727417946,10.2026242053781,0.5454187638047359,9.791771075956149,0.08708332278798361,104.03624346792648,13.540148562417697,6.246211251235321,0.3851689407691387,13,10.033333333333333,0
normal02.mp4,22,13.764,15.015,3.7137898993095733,9.486832980505138,0.38513397262999033,0.7922174999795537,7.250765003005348,0.0,292.4216627286699,0.9735535979270935,0.023179201409220695,10.2026242053781,0.4666169400706765,8.99602797602006,0.08107774020976306,135.0,16.67934219554367,4.976903770173602,0.40704469671626914,13,10.4,0
normal02.mp4,23,14.389,15.641,3.5932500229617887,9.486832980505138,0.4378646420777172,0.8260368092676998,7.250765003005348,1.0,294.6456220294224,0.9735535979270935,0.013237920589745045,8.844078026410102,1.2000275746596116,8.99602797602006,0.14108655836920997,135.0,16.74516774160923,4.976903770173602,0.40025530168940265,12,8.7,0
normal02.mp4,24,15.015,16.266,3.3597644267115045,11.180339887498949,0.49649879466152824,0.8512629446063323,6.280109889280518,0.0,277.3550891956613,0.8412274122238159,0.014287703670561314,10.047275860308389,1.6450434017569007,7.20719802192923,0.11038822471746275,143.13010235415598,14.189676648741871,5.324555320336759,0.43411686885744605,12,7.933333333333334,0
normal02.mp4,25,15.641,16.892,3.589541992914398,11.180339887498949,0.6012417354858827,0.9017985035558829,6.280109889280518,0.0,280.03189444931024,0.9705973267555237,0.024541659280657768,10.047275860308389,1.4197946536910964,8.089399648267147,-0.03601865721330969,143.13010235415598,14.273030978615871,5.585786437626905,0.46698606294556183,13,8.966666666666667,0
normal02.mp4,26,16.266,17.517,4.085197974530469,9.848857801796104,0.5322225778465784,0.7915576748827655,6.0,0.0,289.9266254331623,0.9705973267555237,0.03661515936255455,11.765973576240526,0.976891845338308,8.089399648267147,-0.057330640341407765,135.0,13.56396498421258,5.585786437626905,0.4265572051284962,13,9.6,0
normal02.mp4,27,16.892,18.143,4.167498971839141,9.848857801796104,0.4560954209209638,0.6814014704668824,3.524302481459345,0.0,275.20542720691435,0.9568912386894226,0.04077896848320961,11.765973576240526,1.5050059648957774,5.028716907146588,0.015011415455897842,63.43494882292201,13.927448276389956,3.524302481459345,0.34376371097430164,12,8.9,0
normal02.mp4,28,17.517,18.769,4.022798086779502,10.44030650891055,0.37211754921645873,0.8021498379816182,4.910341757963664,0.0,278.1975575790053,0.9568912386894226,0.026606809347867966,8.701736975861706,1.494663254126555,5.052402179703336,0.0014917273031108198,63.43494882292201,14.099499778762235,4.910341757963664,0.39296321989810923,13,9.366666666666667,0
normal02.mp4,29,18.143,19.394,4.069932167727877,10.44030650891055,0.2892336942897409,0.8178553610202859,4.910341757963664,0.0,289.8331657175105,0.9782268404960632,0.015954047441482544,8.993531607005139,0.44910479561662,5.052402179703336,-0.0006610866928707123,45.00000000000001,12.241012681174908,4.910341757963664,0.42760225174597216,14,11.233333333333333,0
normal02.mp4,30,18.769,20.02,3.985101593387005,9.219544457292887,0.28465435603648864,0.7253934856584312,4.7474085022933075,0.0,294.3669642559791,0.9782268404960632,0.013534105382859707,11.307875188425328,0.3103609426540773,5.901178621995427,-0.017837412687747186,90.0,12.061286846837781,3.944271909999159,0.3844376418889997,14,11.766666666666667,0
normal03.mp4,0,0.0,1.251,2.1939465554387505,10.63014581273465,0.45079596074076766,0.6449543624622365,6.39444872453601,0.0,256.1646072522399,0.9804580807685852,0.003673523897305131,6.601693125194515,-0.3886921269591592,6.885721984320639,-0.023558944012804558,135.0,23.964683509653398,4.39444872453601,0.3246038495898706,21,18.233333333333334,0
normal03.mp4,1,0.626,1.877,2.163399479763415,13.0,0.26052723646734877,0.7207959344559979,6.39444872453601,0.0,255.26698580682654,0.9688838124275208,0.0038565557915717363,6.601693125194515,-0.28950145505267866,6.885721984320639,-0.01822995391711331,135.0,26.076422349400183,5.384226894136091,0.3668689580996514,21,18.066666666666666,0
normal03.mp4,2,1.251,2.502,2.030729328284006,13.0,0.222986026742607,0.717797294175757,5.384226894136091,0.0,253.84161399337,0.9685829281806946,0.0020557749085128307,9.972874445173602,-0.013012671854409298,5.288075390331471,-0.047335979947892674,135.0,25.7451329906702,5.384226894136091,0.3640210375776859,21,17.933333333333334,0
normal03.mp4,3,1.877,3.128,2.1076249997486314,12.041594578792296,0.22095915620321746,0.727116823159954,6.307935767817741,21.93171219946131,262.6851563967867,0.21463735401630402,0.0013186453143134713,9.972874445173602,0.16124538270686337,8.552509685944955,-0.04755457138486665,180.0,27.2683440098255,6.307935767817741,0.37079417382374724,22,18.766666666666666,0
normal03.mp4,4,2.502,3.754,2.153069774583502,12.041594578792296,0.18025355679533647,0.6765335304188347,6.307935767817741,19.313207915827967,258.6952264196554,0.2148531675338745,0.0013227001763880253,8.488179340681086,0.5242542735171998,8.552509685944955,-0.017617573379449657,180.0,26.116985107961906,6.307935767817741,0.3358453949605241,23,19.4,0
normal03.mp4,5,3.128,4.379,2.0838041596075088,6.4031242374328485,0.18625617455489715,0.7169976907137681,3.240846577264469,19.313207915827967,255.4866674224509,0.2148531675338745,0.0007973982719704509,7.068476427736357,0.4378448098295396,5.595560243243597,-0.03742202324744647,153.434948822922,22.010686259656097,3.0,0.356511897535916,23,19.4,0
normal03.mp4,6,3.754,5.005,2.333851846889883,7.810249675906654,0.3712463009214844,0.730788059803945,3.240846577264469,25.80697580112788,273.542901807465,0.09864877909421921,0.0007419502944685519,6.495192239674452,-0.11339329313578711,5.595560243243597,-0.050318827968368285,90.0,20.46408186432398,3.0,0.3657770132738002,22,17.8,0
normal03.mp4,7,4.379,5.631,2.5673460605585126,12.36931687685298,0.21785664737444305,0.7400622532065838,5.57773966612131,8.0,282.9805084378797,0.6628067493438721,0.001395963947288692,6.495192239674452,-0.4850824457487621,6.355394639998963,0.006465440875377728,161.565051177078,22.573691236246383,5.57773966612131,0.37170395309642684,20,17.333333333333332,0
normal03.mp4,8,5.005,6.256,2.225056901686436,12.36931687685298,0.3642210429673316,0.7469090671604971,5.57773966612131,0.0,263.29031696285,0.6958705186843872,0.0018233462469652295,6.19052046608499,-0.22638268409078574,6.355394639998963,-0.015896832570393434,180.0,24.188079898845686,5.57773966612131,0.36869184531249954,21,18.4,0
normal03.mp4,9,5.631,6.882,2.1895664489454374,9.219544457292887,0.3543798461184044,0.7006675512887084,4.834999834365686,0.0,261.26000764582034,0.6999999284744263,0.002173550659790635,8.942960559952724,-0.04642486143064664,6.983188764143279,-0.05145421681321975,180.0,23.812284071914615,3.908790151697096,0.3362412339117299,21,18.466666666666665,0
normal03.mp4,10,6.256,7.507,2.5523985782013496,12.806248474865697,0.23262234796695258,0.7094672855423801,4.262244729548167,10.0,279.6939671635879,0.6999999284744263,0.002036378951743245,8.942960559952724,-0.32277807372069145,6.983188764143279,-0.022885847580336367,180.0,23.9025708437419,3.1269712153200935,0.34536332599522684,21,18.366666666666667,0
normal03.mp4,11,6.882,8.133,2.3714179957071977,12.806248474865697,0.3316983279183429,0.6741647966639785,4.262244729548167,14.142135623730951,280.06790460059966,0.6342023015022278,0.0018789289752021432,6.829171916580833,-0.1468533232345652,5.204811976070403,-0.03879659105291875,180.0,24.68554665950841,3.1269712153200935,0.3393405548108638,21,17.566666666666666,0
normal03.mp4,12,7.507,8.759,2.114690641549522,14.035668847618199,0.25758552137949314,0.7350319434606037,12.035668847618199,15.033296378372908,267.1941192927007,0.6342023015022278,0.0018875409150496125,7.996731955718815,-0.0428173659612442,11.99645874613185,-0.023756940616074196,150.2551187030578,27.800477971366774,9.035668847618199,0.3683469016813003,20,15.233333333333333,0
normal03.mp4,13,8.133,9.384,2.302826249291568,14.035668847618199,0.3321628709844465,0.7644239445727123,12.035668847618199,31.240998703626616,263.3160790876171,0.10747823864221573,0.0011327522806823254,7.996731955718815,-0.3466955137653059,11.99645874613185,-0.042678338287387034,150.2551187030578,28.470871318857185,9.035668847618199,0.3644546049959912,20,15.233333333333333,0
normal03.mp4,14,8.759,10.01,2.4716515392037794,10.63014581273465,0.2574656252545642,0.6991792917321741,3.4031242374328485,6.324555320336759,284.03853447274645,0.8345150947570801,0.00072301528416574,8.440984019560403,-0.38852720109536076,6.961005319318247,-0.03617611065527446,135.0,25.431885313259436,3.4031242374328485,0.34602708947315103,25,18.4,0
normal03.mp4,15,9.384,10.636,2.2836201367180182,10.198039027185569,0.30690209679056174,0.7087555114982327,3.4031242374328485,0.0,281.14699405964075,0.8345150947570801,0.0010553335305303335,8.440984019560403,0.12360908304199064,6.961005319318247,0.03339382604635172,180.0,23.736007562759344,3.4031242374328485,0.3674643925412954,25,18.9,0
normal03.mp4,16,10.01,11.261,2.143773659859653,11.704699910719626,0.21290042347526247,0.741922374730948,4.996495978220256,0.0,262.94470696410895,0.7603175640106201,0.001175313605926931,13.478437738956245,0.6800935941380507,7.8340703174359305,-0.01311138778709137,180.0,22.832371616900424,4.996495978220256,0.3752148998247614,22,18.9,0
normal03.mp4,17,10.636,11.887,2.238021790775482,11.704699910719626,0.23934079083319096,0.7428468354346193,4.996495978220256,30.805843601498726,259.9901782979014,0.2767047584056854,0.0012958463048562407,13.478437738956245,0.6597451955381379,7.8340703174359305,-0.05842678363836668,180.0,21.741129456747686,4.996495978220256,0.3694931158929291,24,21.066666666666666,0
normal03.mp4,18,11.261,12.512,2.387936318991076,10.0,0.2501204681684259,0.7119519236250272,4.301363058198246,1.0,265.2456245972833,0.9881027936935425,0.001628334284760058,9.754904744482133,0.10878493812966691,6.893157751768271,-0.03917727722852201,180.0,22.368215972680034,4.071867790317951,0.35648773737591644,24,21.7,0
normal03.mp4,19,11.887,13.138,2.401784409057113,14.866068747318506,0.3002543271742314,0.7211456543362157,3.685728859819557,0.0,276.9406073329029,0.9881027936935425,0.0023850537836551666,7.1567119206444545,-0.36607931354421025,6.717891594965238,-0.03725426152601393,180.0,24.012288740781166,3.685728859819557,0.36115161188523054,24,20.5,0
normal03.mp4,20,12.512,13.764,2.115497253800678,14.866068747318506,0.3239132489977664,0.7174528313472711,4.910341757963664,0.0,278.93850543250863,0.9709798097610474,0.002519425470381975,6.810076129198592,-0.20612939782543413,6.717891594965238,-0.03017001242520436,135.0,22.539502244483042,4.910341757963664,0.35797295125912587,22,19.366666666666667,0
normal03.mp4,21,13.138,14.389,2.027454944213534,8.246211251235321,0.22666535839229401,0.6686262802386307,5.417784126489131,1.0,284.11500592223337,0.9709798097610474,0.001867857063189149,4.842931101755312,-0.2459506290353217,5.984537345403737,-0.03853734096741811,135.0,20.96683740651473,5.417784126489131,0.33748268377429086,22,18.2,0
normal03.mp4,22,13.764,15.015,2.0978249471148387,9.433981132056603,0.3472680985767497,0.6638335257747472,5.417784126489131,0.0,287.5192193634855,0.9750911593437195,0.0025357981212437153,5.775751947303036,-0.31254263019970946,5.984537345403737,-0.023145804848793576,135.0,22.415554983523148,5.417784126489131,0.3404225597370499,20,16.733333333333334,0
normal03.mp4,23,14.389,15.641,2.074275095868757,9.433981132056603,0.3305059240917467,0.6794806956561891,3.7771268825642226,0.0,277.8833020366556,0.9750911593437195,0.0021764293778687716,8.012259635833914,0.31063556222839733,5.079733446788168,-0.0007896333593165244,90.0,23.685364924936,3.7771268825642226,0.34528720384097983,20,16.466666666666665,0
normal03.mp4,24,15.015,16.266,2.2502529727234384,10.63014581273465,0.2688983021539592,0.688667746593479,3.585786437626905,0.0,272.14122269195644,0.6199772953987122,0.0010449524270370603,8.012259635833914,0.22630548123573,4.18930049142449,-0.04238308498150393,180.0,23.4754397270766,3.585786437626905,0.33608084780299935,19,17.0,0
normal03.mp4,25,15.641,16.892,2.503836947574986,15.0,0.2858019495771102,0.6785118392113223,4.704369859012999,1.0,282.5063283322546,0.9593566656112671,0.0019011021358892322,6.603444396061434,-0.2551066800438085,5.773791059843063,-0.041061169477533146,180.0,22.86830064141565,4.402899389438197,0.33725940692793904,18,16.633333333333333,0
normal03.mp4,26,16.266,17.517,2.4415559443041954,15.0,0.3146048918625481,0.7015160178076896,4.704369859012999,1.0,289.55193604765515,0.9593566656112671,0.001948673976585269,6.603444396061434,-0.17273807444965242,8.04120739619583,-0.028362104165451974,135.0,24.866927372837175,4.402899389438197,0.3624573037929572,19,15.8,0
normal03.mp4,27,16.892,18.143,2.1864891169295317,7.810249675906654,0.2236643613695197,0.7545210638323449,2.8284271247461903,0.0,270.14382476330644,0.9660866856575012,0.0012323871487751603,5.815510182777302,0.03463883429815472,8.04120739619583,-0.018265082458282598,135.0,26.588127110796155,2.8284271247461903,0.37418311355331785,19,15.633333333333333,0
normal03.mp4,28,17.517,18.769,2.2745065796709096,11.704699910719626,0.34077822737493224,0.7272255143403027,5.873748015874325,0.0,261.45448268021727,0.9801720976829529,0.0016600905219092965,11.618316467353111,0.2833856311849555,5.299654642673545,-0.006576702304882774,180.0,27.19379351316127,5.873748015874325,0.36021701028211467,19,16.2,0
normal03.mp4,29,18.143,19.394,2.379590306830138,11.704699910719626,0.30250632677503997,0.7253368035065353,5.873748015874325,1.0,259.7813760720816,0.9801720976829529,0.0013040718622505665,11.618316467353111,-0.008369944105763187,6.068750839832759,-0.028871991460427928,180.0,28.331583294131836,5.873748015874325,0.36572236299589306,19,16.533333333333335,0
normal03.mp4,30,18.769,20.02,2.220315685792973,12.041594578792296,0.235596480375714,0.7843262112007873,5.449833862673428,26.870057685088806,250.0480958694728,0.2552415430545807,0.001105800038203597,8.245088758420323,-0.27737205107298796,6.583125608089972,-0.046093904213869705,180.0,28.747209716656123,4.996773991578637,0.4052012742837501,18,15.466666666666667,0
normal03.mp4,31,19.394,20.646,2.1731320572609505,12.041594578792296,0.27442639444805295,0.7906505842629543,5.449833862673428,26.870057685088806,257.3353923523392,0.2552415430545807,0.0022089884150773287,6.313366946601747,0.10613096925723518,6.583125608089972,-0.03125697851724198,180.0,27.31708266695256,4.996773991578637,0.4073229122947915,17,14.233333333333333,0
normal03.mp4,32,20.02,21.271,2.339850146700496,6.4031242374328485,0.3167331146688673,0.7527692332839987,5.082762530298219,29.832867780352597,265.73554899570115,0.23856626451015472,0.0023758714087307453,7.9972125741585955,0.27821636515803433,7.9972125741585955,-0.028816418270734955,180.0,23.68047276773821,3.6848059512196896,0.37081329977590455,18,14.7,0
normal03.mp4,33,20.646,21.897,2.507433948286761,7.211102550927978,0.23274709253563008,0.7154855739185707,5.082762530298219,1.0,275.148157259252,0.9770673513412476,0.002371855778619647,7.9972125741585955,0.04397622170255781,7.9972125741585955,-0.05307612997696564,170.5376777919744,20.995758500402253,2.4721359549995796,0.35098896652693307,21,17.433333333333334,0
normal03.mp4,34,21.271,22.522,2.654964373803345,11.704699910719626,0.25874593989491634,0.7608813284939023,7.704699910719626,1.0,285.51856900513184,0.9770673513412476,0.0021493113599717617,7.922534507488422,-0.3063271680881774,8.921104410475095,-0.07552955079682583,153.434948822922,20.25897406408582,4.062257748298549,0.3862662617594479,21,18.3,0
normal03.mp4,35,21.897,23.148,2.572199103632384,11.704699910719626,0.3472442685147902,0.7232165689382887,7.704699910719626,1.4142135623730951,283.0851358792474,0.9740287065505981,0.0012275162152945995,7.922534507488422,-0.5651166418995154,8.921104410475095,-0.053433941478225035,153.434948822922,20.54175638239874,4.062257748298549,0.36623132246217605,21,17.466666666666665,0
normal03.mp4,36,22.522,23.774,2.4130043626712587,8.48528137423857,0.3034759920216839,0.6463938971429559,3.0990195135927845,24.839484696748443,272.3856664463521,0.23325835168361664,0.001108277472667396,7.588790684820651,-0.8107697120626496,6.046665304703652,-0.04621281518999231,135.0,21.047224285434606,2.2254006193813116,0.31403649896753655,21,18.1,0
normal03.mp4,37,23.148,24.399,2.4860778364507694,12.727922061357855,0.2359894330338077,0.7086192509128625,3.6848059512196896,10.198039027185569,281.7192552263186,0.4678773880004883,0.0015206673415377736,8.184574655717995,-1.0466507696240346,6.891081213758412,-0.016681062506563243,168.6900675259798,22.257102412231358,3.6848059512196896,0.3481344104945211,22,18.966666666666665,0
normal03.mp4,38,23.774,25.025,2.4321524881864836,12.727922061357855,0.1800632630768144,0.7154142027324756,4.453495445695529,10.198039027185569,303.4769647141006,0.4678773880004883,0.0016950604040175676,8.439953090581866,-0.879162802175101,6.891081213758412,0.019213338397580874,168.6900675259798,23.01788561422724,4.453495445695529,0.35393962240929255,22,19.433333333333334,0
normal03.mp4,39,24.399,25.651,2.460655842561238,10.63014581273465,0.2085088699101504,0.7032329336855067,4.76393202250021,37.48332962798263,311.67697694419877,0.14569808542728424,0.0014542085118591785,8.756273354453356,-0.6244849580760212,9.366870906675473,-0.053160546359247746,180.0,23.63255158342206,4.453495445695529,0.343251192817914,21,18.466666666666665,0
normal03.mp4,40,25.025,26.276,2.5795413943731047,12.041594578792296,0.24632671806463804,0.7095086864406353,5.795175080364445,41.400483088968905,312.4686698034151,0.09665483236312866,0.0011726197553798556,12.448280494255243,-0.7252153457172492,9.366870906675473,-0.059394662086466904,180.0,23.451717875896097,5.795175080364445,0.36142507380504707,20,16.5,0
normal03.mp4,41,25.651,26.902,2.3666181083938755,12.041594578792296,0.33337538369296404,0.7047543652228888,5.795175080364445,1.4142135623730951,302.8092021270601,0.909031093120575,0.0014112468343228102,12.448280494255243,-0.6292647468238591,5.504921272181832,-0.04005318269483857,180.0,24.848413357798954,5.795175080364445,0.36751388309561983,19,16.066666666666666,0
normal03.mp4,42,26.276,27.527,2.161367804553952,12.041594578792296,0.17748833904457978,0.7288252532037105,4.280109889280518,0.0,292.0025665043892,0.9652889370918274,0.002469279570505023,7.914474265326305,-0.3989786374859483,8.062080236332548,-0.04090044677515293,180.0,25.60030881545317,3.4961281955905688,0.354616995110533,19,17.1,0
normal04.mp4,0,0.0,1.2,0.5820494361913112,2.23606797749979,0.20652921286339795,0.6171607977537873,2.23606797749979,0.0,352.7522160925437,0.987941324710846,0.017181294038891792,2.217921668004948,0.10509796990189217,2.8024070711671243,-0.005920114908592979,180.0,50.053624573524345,2.23606797749979,0.30718704550895803,13,12.5,0
normal04.mp4,1,0.6,1.8,0.5904332181946244,2.23606797749979,0.15912969849352265,0.6838596226670872,2.23606797749979,0.0,344.50466883096243,0.987941324710846,0.010395410470664501,2.217921668004948,0.10501689470167287,3.1566750193655935,0.0045344808360512434,180.0,69.65,2.23606797749979,0.3365620849267067,14,13.133333333333333,0
normal04.mp4,2,1.2,2.4,0.559611837646788,2.23606797749979,0.15716824940610355,0.6989132611794012,2.23606797749979,46.87216658103186,342.12681799838595,0.23514670133590698,0.006272189784795046,2.236067335348139,0.043299370538846534,3.1566750193655935,-0.013623834915274028,180.0,66.62500000804945,2.23606797749979,0.35071342318391635,14,12.766666666666667,0
normal04.mp4,3,1.8,3.0,0.5403348858532412,1.4142135623730951,0.15701958553768755,0.6630583957389964,1.4142135623730951,34.48187929913333,339.48837529090827,0.30514857172966003,0.007853488437831402,2.236067335348139,0.0023964420432652372,3.0958915128430817,0.00022095501951118537,135.0,64.95000000804946,1.4142135623730951,0.3385090482602736,14,12.3,0
normal04.mp4,4,2.4,3.6,0.6124785157998986,4.123105625617661,0.16672294747726332,0.669607301672277,4.123105625617661,16.0,332.81117429323353,0.5961980819702148,0.010102814063429832,4.066222656500898,0.008559259478706819,5.062589717539211,0.0042265744509784086,180.0,77.43862548934771,1.8870376481178708,0.3324851968863769,14,12.5,0
normal04.mp4,5,3.0,4.2,0.6424202006886092,4.123105625617661,0.14575667905619422,0.6923503297644776,4.123105625617661,0.0,332.8070911537458,0.9900881052017212,0.013612487353384495,4.066222656500898,0.013107923155797294,5.062589717539211,-0.017162483267723423,180.0,76.36120910699816,2.23606797749979,0.3465946902001581,15,12.933333333333334,0
normal04.mp4,6,3.6,4.8,0.6124679580180277,2.23606797749979,0.1095703281927971,0.6630250906391477,2.23606797749979,0.0,325.23645934019004,0.9900881052017212,0.014431437477469444,2.5319587311067266,-0.019970156124065958,3.278099012794172,-0.013836910809765726,180.0,73.40808533361486,2.23606797749979,0.33455938379058636,15,12.6,0
normal04.mp4,7,4.2,5.4,0.6723354552013986,7.0710678118654755,0.1763937960141304,0.6901244969562464,5.656854249492381,32.7566787083184,321.8409607112475,0.29834383726119995,0.012227248400449753,2.8823781152549657,-0.059188518020782295,6.962367688926747,0.006319844794785547,180.0,77.81942323949936,4.0710678118654755,0.3433625766594785,13,11.333333333333334,0
normal04.mp4,8,4.8,6.0,0.6266764496161173,7.0710678118654755,0.22263698792458375,0.7068458273574207,5.656854249492381,37.44329045369811,329.9406849473995,0.2604038417339325,0.010521774180233479,2.8823781152549657,-0.04454696085559461,6.962367688926747,0.0004402552424700649,180.0,70.88392153695071,4.0710678118654755,0.35061184992907424,12,10.833333333333334,0
normal04.mp4,9,5.4,6.6,0.538833311364824,3.0,0.18046199406742378,0.623179276939086,1.4142135623730951,18.027756377319946,332.24330073505445,0.5488888025283813,0.009431556798517704,2.644343049389306,-0.019877352979253613,2.9755407230298943,-0.0015102798419598846,180.0,63.50000001341576,1.4142135623730951,0.3115343477078013,12,10.7,0
normal04.mp4,10,6.0,7.2,0.5385334804272355,3.0,0.15295293122215786,0.5875567626884816,1.4142135623730951,18.027756377319946,332.6798363339334,0.5488888025283813,0.009187058545649052,2.644343049389306,-0.023225097856097374,3.1375868380769134,-0.0028428271643347602,180.0,69.25,1.4142135623730951,0.2964213587402856,12,10.4,0
normal04.mp4,11,6.6,7.8,0.5449412266502364,2.0,0.1491668835009454,0.6540775722759409,2.0,1.0,335.89357589787886,0.9685092568397522,0.011155231855809689,2.3135062144240237,0.019728421389587168,3.1375868380769134,0.0052242182381681684,180.0,72.75,2.0,0.32317837018901563,13,10.866666666666667,0
normal04.mp4,12,7.2,8.4,0.5479228721010675,2.0,0.1780262403091152,0.7207531155566155,2.0,1.0,328.66598222024066,0.9685092568397522,0.01279097143560648,2.3135062144240237,0.06220273329211702,3.123987039900044,0.009993266774885243,180.0,68.75,2.0,0.35750056517666917,14,11.3,0
normal04.mp4,13,7.8,9.0,0.5380842059372647,2.0,0.15060626996697804,0.6699484567191794,1.4142135623730951,38.600518131237564,316.72546488585033,0.3166821599006653,0.012319723144173622,2.2320633467717244,0.013293213478878812,3.097928281206464,-0.018298563850030074,180.0,73.375,1.4142135623730951,0.3315996170882612,14,12.066666666666666,0
normal04.mp4,14,8.4,9.6,0.5311303851564503,1.4142135623730951,0.13549130807258197,0.6353184382328748,1.4142135623730951,18.110770276274835,312.9236411608293,0.6532561779022217,0.01303299330174923,2.221379708756757,-0.014754477891405,3.99796099830985,0.0016244169585796831,180.0,77.825,1.4142135623730951,0.3175732196567748,15,13.233333333333333,0
normal04.mp4,15,9.0,10.2,0.5316620996157853,5.830951894845301,0.195029249837017,0.6746482808374987,5.830951894845301,9.899494936611665,318.05588744985965,0.7134700417518616,0.012881362810730934,5.006586952407986,0.027245660238025615,5.006586952407986,0.008959253551103741,180.0,71.57429987115772,3.0579223926264847,0.3443374137397487,15,13.1,0
normal04.mp4,16,9.6,10.8,0.5610748638848002,5.830951894845301,0.16947171693756694,0.6561155696593554,5.830951894845301,0.0,324.6404624510996,0.9818864464759827,0.012660874985158443,5.006586952407986,0.014916172559857608,5.006586952407986,-0.013481841495182667,180.0,69.39415106528953,3.0579223926264847,0.32677857493622603,15,13.133333333333333,0
normal04.mp4,17,10.2,11.4,0.5527722295962061,2.23606797749979,0.1275758638705601,0.6089536020117738,2.23606797749979,0.0,333.33016977492656,0.9818864464759827,0.01190086081624031,2.680336222479127,-0.014227928613728015,3.5754928277432327,-0.011107546025740498,180.0,76.56985119413181,1.4142135623730951,0.30404127564367467,15,13.6,0
normal04.mp4,18,10.8,12.0,0.5173115916864842,2.0,0.15617548066383838,0.6263125641368615,1.4142135623730951,34.655446902326915,344.3102336166374,0.26877790689468384,0.011442313902080059,2.680336222479127,0.04720448332213676,3.5754928277432327,0.008090659363916427,180.0,71.8,1.4142135623730951,0.31462450410687626,15,12.833333333333334,0
normal04.mp4,19,11.4,12.6,0.5188606923999851,1.4142135623730951,0.14664029628965952,0.6645809526273582,1.4142135623730951,33.37663853655727,337.65158358704167,0.2510713040828705,0.011909309774637222,2.4027425455925027,0.06874826106960209,3.1420500081929674,0.009809560057896866,180.0,66.22500004024728,1.4142135623730951,0.33525899528918196,14,12.4,0
normal04.mp4,20,12.0,13.2,0.5814978939528711,3.1622776601683795,0.17604492781024217,0.6833150010495348,2.0,32.0624390837628,317.35922377437777,0.2570863664150238,0.012428674846887589,3.1621792458051345,0.06488294414261332,3.8605490353725713,0.011834714605966763,180.0,58.86050174614988,1.4142135623730951,0.33961661642064367,15,12.6,0
normal04.mp4,21,12.6,13.8,0.5754514597617956,3.1622776601683795,0.20119689147202127,0.6745379618964976,2.0,32.0624390837628,307.7254062912752,0.2963358163833618,0.011342470534145832,3.1621792458051345,0.07593496223732958,3.8605490353725713,-0.004961441454947672,180.0,52.2855017059026,2.0,0.338497738958339,15,13.066666666666666,0
normal04.mp4,22,13.2,14.4,0.5075695065062508,2.23606797749979,0.19926140809939952,0.6098446876624226,2.23606797749979,31.400636936215164,300.5273237338023,0.3101341426372528,0.008819473907351494,2.873917052755587,0.04427205240207858,3.8328283276803887,-0.02167675091894303,180.0,54.67137542647565,2.23606797749979,0.3098693417250557,15,13.0,0
normal04.mp4,23,13.8,15.0,0.49185764915162034,3.0,0.18262544097903968,0.5940511283893289,2.23606797749979,31.0,300.5325074377335,0.3101341426372528,0.008342614397406578,3.137146193814715,0.03551149873376437,3.625726541880965,-0.006557121114737603,180.0,54.72137542647565,2.23606797749979,0.28688630465069576,15,12.533333333333333,0
normal04.mp4,24,14.4,15.6,0.4915030044666144,3.0,0.15381943038109747,0.6350359150467504,2.0,2.0,306.8978103016512,0.9675100445747375,0.01075957715511322,3.137146193814715,0.004967106050797419,3.625726541880965,-0.006620151914436922,180.0,68.975,1.4142135623730951,0.3158534015378489,13,12.633333333333333,0
normal04.mp4,25,15.0,16.2,0.512919414721174,1.4142135623730951,0.20835917702854928,0.6527665661224124,1.4142135623730951,0.0,312.7746522095737,0.9892420768737793,0.01628769375383854,2.013579194193028,-0.017656637956344985,2.8236267854344987,0.007361349495554067,180.0,66.9,1.4142135623730951,0.32633754652885494,13,11.2,0
normal04.mp4,26,15.6,16.8,0.5066265108900141,2.0,0.20532494890045294,0.6832164706083219,2.0,0.0,333.1079303907755,0.9892420768737793,0.013344135135412216,2.013579194193028,-0.012697891051418128,2.985369944198652,0.017747606870727812,180.0,62.125,1.4142135623730951,0.34031067880942556,11,10.1,0
normal04.mp4,27,16.2,17.4,0.5354317926052327,9.433981132056603,0.22427168470695288,0.7390041668324232,8.433981132056603,0.0,345.3718643837996,0.9901365041732788,0.017574531957507133,1.6872657516115481,-0.06586472420079667,6.3093960093902695,0.009256256942899114,180.0,61.760501746149885,6.271703471888223,0.3707553527530924,11,10.2,0
normal04.mp4,28,16.8,18.0,0.6446294108596605,10.816653826391969,0.3571828223988848,0.7770602100771236,10.816653826391969,0.0,334.53141014417577,0.9901365041732788,0.024695685133337975,9.45349618418527,0.001003003078260351,9.45349618418527,-0.008715414513277519,180.0,64.49508214548499,6.574013139272684,0.3840559097721032,11,9.3,0
normal04.mp4,29,17.4,18.6,0.644229248220381,10.816653826391969,0.33896116135141074,0.7094345867338158,10.816653826391969,1.0,328.8131114672789,0.9732733964920044,0.015300012193620205,9.45349618418527,0.011696314716789561,9.45349618418527,-0.032346491030572175,180.0,67.3595803993351,6.574013139272684,0.3457211408929034,10,8.133333333333333,0
normal04.mp4,30,18.0,19.2,0.5541412587623494,2.23606797749979,0.1977728188942904,0.668363686086918,2.23606797749979,2.23606797749979,321.56465794301187,0.9023504853248596,0.009629148989915848,3.1072209394983474,-0.053655534240823144,3.3034120844907306,0.02253835224550405,180.0,63.875,1.4142135623730951,0.3300102030067354,11,8.633333333333333,0
normal04.mp4,31,18.6,19.8,0.5259248165371754,2.23606797749979,0.15219576391284667,0.6870312549125639,2.23606797749979,1.4142135623730951,318.616044072578,0.9039442539215088,0.013762768357992172,3.1072209394983474,-0.07993899915436399,3.3034120844907306,0.025393755861636117,180.0,73.55566894120348,2.23606797749979,0.35765598140652693,11,9.566666666666666,0
normal04.mp4,32,19.2,20.4,0.6242671257936404,4.47213595499958,0.18660826119726948,0.6567848642148862,3.0579223926264847,1.4142135623730951,320.37615206177435,0.9039442539215088,0.019910069182515144,3.7847949117793576,-0.15665801328181356,4.102714508414806,-0.02033295565585713,180.0,66.2991638335575,3.0579223926264847,0.32655412986729415,11,9.133333333333333,0
normal04.mp4,33,19.8,21.0,0.6530896831996217,4.47213595499958,0.18100974526363522,0.6130525494203306,3.0579223926264847,13.038404810405298,320.1483133013337,0.5789965987205505,0.02289385348558426,3.7847949117793576,-0.15581627356923997,4.102714508414806,-0.008028973891553218,180.0,60.42574403940272,3.0579223926264847,0.296988942885481,10,8.8,0
normal04.mp4,34,20.4,21.6,0.5976121767467603,2.23606797749979,0.18056958097273004,0.6194417619249218,1.4142135623730951,6.4031242374328485,332.1165521824093,0.5789965987205505,0.021770870313048363,2.42227753265513,-0.09482642950307356,2.659232195689839,0.003627932279410375,180.0,54.63708192180965,1.4142135623730951,0.3066554801760551,10,8.933333333333334,0
normal04.mp4,35,21.0,22.2,0.6034758452576364,3.0,0.22862410670805589,0.7258276002345347,2.23606797749979,6.4031242374328485,323.73180916653234,0.5359072685241699,0.015414700843393803,3.1413068674686997,-0.09948696846113277,3.7020200027045007,-0.030065698250277707,180.0,43.569331088982,2.23606797749979,0.3530668356646275,10,8.166666666666666,0
normal04.mp4,36,21.6,22.8,0.5740465717724182,3.0,0.20538064691276003,0.739836389526579,2.23606797749979,17.08800749063506,298.08705526896324,0.3620857298374176,0.012267324142158031,3.1413068674686997,-0.09762233045700276,3.7020200027045007,-0.02093668753447509,180.0,57.23949831422104,2.23606797749979,0.3693239830932123,10,7.766666666666667,0
normal04.mp4,37,22.2,23.4,0.5245083829312605,2.0,0.22601645634672263,0.7008051342644953,2.0,44.40720662234904,296.0792173758384,0.28125929832458496,0.01552573125809431,2.1327772409324552,-0.004240295308769012,2.8514852081847266,0.003957644587937198,180.0,52.375,2.0,0.34644964076745666,9,7.366666666666666,0
normal04.mp4,38,22.8,24.0,0.5256491099711982,1.4142135623730951,0.237696455443043,0.7117665512307318,1.4142135623730951,36.069377593742864,307.8403989569544,0.26451414823532104,0.01396825723350048,1.408226587298259,0.0412058961389159,2.809534907114596,-0.01771175815161502,180.0,55.75,1.4142135623730951,0.3466097347452175,11,7.666666666666667,0
normal04.mp4,39,23.4,24.6,0.5473288354405582,2.23606797749979,0.19199708057528722,0.6337591629567174,1.4142135623730951,36.069377593742864,307.8687341434072,0.23861904442310333,0.011339792050421238,2.1056134889878138,0.02892683569607193,2.954380630203133,-0.005320551936671218,180.0,61.5,1.4142135623730951,0.31783531941454135,11,8.566666666666666,0
normal04.mp4,40,24.0,25.2,0.552921384323655,3.0,0.18749970617961437,0.6101363994325051,2.8284271247461903,39.20459156782532,307.75725776273015,0.22467967867851257,0.010881884023547173,2.999781623628678,0.0010527203180830799,4.357681383588158,0.013898524446068476,180.0,48.317750852951306,2.8284271247461903,0.31325945419521134,9,8.6,0
normal04.mp4,41,24.6,25.8,0.5733476174046123,3.1622776601683795,0.17199844553132046,0.6446534880243792,2.8284271247461903,47.70744176750625,306.509646571316,0.18749365210533142,0.008104411885142326,2.999781623628678,-0.005065178853584159,5.381496876204039,-0.0003451766855015877,180.0,54.40808532355303,2.8284271247461903,0.32037900939126984,10,8.733333333333333,0
normal04.mp4,42,25.2,26.4,0.6270928143113148,5.0,0.18850654013402915,0.6669342900743845,4.0,48.877397639399746,299.5623235272565,0.147445410490036,0.004554118029773235,4.063095716814473,0.000276607442526428,5.892585223186188,-0.0006444188103138594,180.0,64.99656617995664,3.0,0.3292315774441724,10,8.133333333333333,0
normal04.mp4,43,25.8,27.0,0.6929618868089893,5.0,0.2656311981327941,0.6857323892033741,4.123105625617661,46.647615158762406,288.4569244845689,0.1553090214729309,0.004562019370496273,4.063095716814473,-0.028479008361909124,7.208450997850264,-0.01857503682581841,180.0,68.02260654594907,3.1231056256176606,0.3464262657444535,9,7.033333333333333,0
normal04.mp4,44,26.4,27.6,0.8133878076272729,16.1245154965971,0.4649662486338879,0.8311751692553937,10.04987562112089,26.076809620810597,264.8816399243582,0.38052183389663696,0.010265440680086613,10.047934782792765,-0.07847865200579586,9.64658912667312,-0.005526356918390796,153.434948822922,68.02620129793092,10.04987562112089,0.42137472436380846,10,7.133333333333334,0
normal04.mp4,45,27.0,28.2,0.774050833390549,16.1245154965971,0.46898309053788195,0.9339572404655784,10.04987562112089,26.076809620810597,245.607954440526,0.45025166869163513,0.014203052967786789,10.047934782792765,-0.09066011098658233,9.64658912667312,0.032124241553812695,180.0,62.29624245670659,10.04987562112089,0.48586898344139284,10,8.366666666666667,0
normal04.mp4,46,27.6,28.8,0.6479938443087148,11.40175425099138,0.39926311984536483,0.8338248134030793,10.40175425099138,37.73592452822641,254.76552206123102,0.45025166869163513,0.012723102234303951,11.216081183614165,-0.06311261307905243,20.194136314125387,0.027637148684379158,180.0,56.70318272823088,9.124515496597098,0.4154519728005396,12,9.733333333333333,0
normal04.mp4,47,28.2,29.4,0.6454391020319655,11.40175425099138,0.3503809498880393,0.7397652590587079,10.40175425099138,14.317821063276353,277.10074572705895,0.5681661367416382,0.011760835535824299,11.216081183614165,-0.05579876659747198,20.194136314125387,0.01800059297868934,180.0,67.99297492403585,2.857750505673849,0.3526066199882805,12,10.233333333333333,0
normal04.mp4,48,28.8,30.0,0.7133996799659353,16.55294535724685,0.3104509664351902,0.7554389177138927,12.080809402247269,14.317821063276353,289.9721425870381,0.5681661367416382,0.015388444066047668,6.4628562818053865,-0.1813541179256439,12.303503130193008,0.08989547396208178,180.0,69.47996951017684,12.080809402247269,0.40386373850676077,13,10.866666666666667,0
normal05.mp4,0,0.0,1.001,0.6667691836844504,6.0,0.319132214981583,0.609940257373413,4.0,21.470910553583888,303.6799871561294,0.3511650860309601,0.00967201218008995,6.081893207554387,-0.27139423618416475,5.0928224884440425,-0.027282331115354212,180.0,42.633977513806045,3.0,0.3122312502883649,13,10.133333333333333,0
normal05.mp4,1,0.501,1.502,0.6440313093102631,6.0,0.2613406558707376,0.6414726996836306,4.0,22.80350850198276,284.68405253482194,0.3511650860309601,0.015487642958760262,6.081893207554387,-0.1897225216089147,5.0928224884440425,-0.01969093561773317,180.0,51.503252572269666,3.0,0.3227205085043753,13,10.633333333333333,0
normal05.mp4,2,1.001,2.002,0.6230658601338003,3.0,0.21708904237068363,0.6917214518103021,2.23606797749979,27.202941017470888,282.976740090179,0.32856255769729614,0.013160508126020432,2.9998632977153648,-0.22677469165770123,4.006960818923659,-0.02980274866208748,180.0,43.742378851696614,2.23606797749979,0.3359793410707372,13,9.766666666666667,0
normal05.mp4,3,1.502,2.502,0.7607154183081791,3.1622776601683795,0.22685360023766613,0.7338723338110837,3.0,29.206163733020468,275.58149904196125,0.26503145694732666,0.011650974862277508,3.133071770609064,-0.2892851592604989,4.006960818923659,-0.024776357661239864,135.0,30.958241929863313,2.23606797749979,0.36171804180439143,12,9.233333333333333,0
normal05.mp4,4,2.002,3.003,0.8251944009167723,3.1622776601683795,0.17590602138780118,0.6985056297657813,3.0,34.48187929913333,259.86518950062015,0.22932852804660797,0.014798719435930252,3.133071770609064,-0.3110734468048136,3.991519429319908,-0.00777607133433543,135.0,30.665491076912016,2.23606797749979,0.35659724769915374,12,9.0,0
normal05.mp4,5,2.502,3.504,0.9105182464096289,6.0,0.34486719405234184,0.7316177062398027,5.0,31.89043743820395,253.4211390995095,0.26371875405311584,0.015063759870827198,5.998077462644858,-0.43206507365970637,9.029705487345971,-0.013859940592025905,180.0,38.60035944446493,5.0,0.3608666122539312,12,9.2,0
normal05.mp4,6,3.003,4.004,0.8667367663929341,6.0,0.3747756834476152,0.8085653925065688,5.0,31.89043743820395,259.7156245895813,0.26371875405311584,0.009177741594612598,5.998077462644858,-0.4847190810495868,9.029705487345971,-0.02071980841775066,180.0,34.614485733953686,5.0,0.40308892158574966,12,9.866666666666667,0
normal05.mp4,7,3.504,4.505,0.7367686194312099,3.0,0.25873486381702987,0.7067353712504604,2.23606797749979,34.66987164671943,283.0279127659798,0.231523796916008,0.0048228600062429905,2.22377808630182,-0.3861853658796447,3.339104442215671,-0.017061319858593504,180.0,31.93276930049526,2.0,0.34748077942075145,12,8.533333333333333,0
normal05.mp4,8,4.004,5.005,0.7385191814583859,4.123105625617661,0.2594641354009967,0.6522300984611761,2.7088920632445657,37.107950630558946,294.5673649858494,0.1815890222787857,0.0062294634990394115,4.122838086314715,-0.22593929649277056,4.4332039080491725,0.0354980213180688,180.0,41.7806007667097,1.5857864376269049,0.3198744450585592,12,8.466666666666667,0
normal05.mp4,9,4.505,5.506,0.7676079959757328,14.035668847618199,0.4713323111250105,0.7409380852789622,11.035668847618199,35.34119409414458,286.07309984941753,0.1815890222787857,0.010186752304434776,4.122838086314715,-0.29185530460804643,4.4332039080491725,-0.08819218386723002,180.0,49.387300515751484,1.5857864376269049,0.3464013863023582,12,8.633333333333333,0
normal05.mp4,10,5.005,6.006,0.8519782380349743,14.035668847618199,0.4937071444166439,0.8116979187929123,11.035668847618199,35.34119409414458,283.2001197774984,0.17718790471553802,0.01056243572384119,6.922738858211687,-0.2971306356786418,9.054600032114138,-0.14680669832872542,180.0,59.57355846003681,6.0710678118654755,0.3795224570647393,11,8.333333333333334,0
normal05.mp4,11,5.506,6.506,0.7589067694297896,7.0710678118654755,0.31335934305179547,0.7495885666206341,7.0710678118654755,25.80697580112788,283.7157996204145,0.30874332785606384,0.010249030776321888,6.922738858211687,-0.07821396693532608,9.054600032114138,-0.014498994314419807,180.0,63.28855018400602,6.0710678118654755,0.3825569477428618,12,9.366666666666667,0
normal05.mp4,12,6.006,7.007,0.6055739445271716,2.23606797749979,0.2237560441332321,0.6544358138948461,1.4142135623730951,25.80697580112788,270.88497833649194,0.30874332785606384,0.012852022424340248,2.0356836664728917,-0.075251973195734,3.065095703859811,0.008458627210379788,180.0,58.7153344840175,1.4142135623730951,0.3283454274321594,12,9.433333333333334,0
normal05.mp4,13,6.506,7.508,0.6929459902877511,2.23606797749979,0.2344262302175889,0.6295897202552779,2.23606797749979,18.439088914585774,273.11530440798293,0.40909069776535034,0.01567237079143524,2.9887901460322723,-0.1791494885902168,3.1093259561509896,-0.019341208140982686,180.0,51.61588142312896,2.23606797749979,0.30314112722271286,12,8.8,0
normal05.mp4,14,7.007,8.008,0.8026906124329355,3.0,0.2468132217873542,0.595932790978169,3.0,18.439088914585774,297.7210642085403,0.40909069776535034,0.016473498195409775,2.9887901460322723,-0.24993659379075392,3.1093259561509896,-0.0046469160875308195,180.0,44.265881429836845,2.23606797749979,0.29931265732778095,11,8.433333333333334,0
normal05.mp4,15,7.508,8.508,0.770930935909675,3.0,0.23114693040133835,0.5855173404730126,3.0,29.614185789921695,310.723415203183,0.2728450894355774,0.014849070459604263,2.093582856967714,-0.3061116219809349,5.037521798413991,0.019641454062597118,180.0,36.90000000670788,2.0,0.29561033980943635,10,7.9,0
normal05.mp4,16,8.008,9.009,0.7737568262280509,3.0,0.19720198336251366,0.6204367885417063,2.23606797749979,22.80350850198276,293.8744259662916,0.3599354326725006,0.016396019607782364,2.093582856967714,-0.40205989751693405,5.037521798413991,-0.005364056966277257,153.434948822922,37.5177508529513,2.0,0.29630146327606216,12,8.666666666666666,0
normal05.mp4,17,8.508,9.51,0.7734542209236207,3.0,0.1993683532666009,0.666876354715035,3.0,21.93171219946131,279.7668785697112,0.3763262629508972,0.02095877379179001,2.999992442135067,-0.44010242785493064,4.247692336019611,-0.007694135616365128,153.434948822922,38.21133788240694,3.0,0.3338487147967734,12,9.1,0
normal05.mp4,18,9.009,10.01,0.7556857928237387,3.0,0.17844728687594788,0.6531773113876124,3.0,21.93171219946131,278.0061435920887,0.3763262629508972,0.024928756058216095,2.999992442135067,-0.3150515060412573,4.247692336019611,0.054949890347222884,180.0,38.136337882406934,3.0,0.33380841629088726,10,8.5,0
normal05.mp4,19,9.51,10.511,0.7533151092858508,2.23606797749979,0.20820347398619518,0.6340736447635568,2.0,24.698178070456937,281.6332031813429,0.3064054250717163,0.025487814098596573,2.9991200163578924,-0.19725613483966223,3.6031478600764757,0.04257134653441976,180.0,49.69275085965918,2.0,0.316595728240403,10,8.066666666666666,0
normal05.mp4,20,10.01,11.011,0.7423246154125714,2.23606797749979,0.20663496964320735,0.5898883167544503,2.0,18.027756377319946,295.7101132194336,0.387401819229126,0.02184932865202427,2.115486378968626,-0.24724112865110617,3.0962236522469198,-0.02956272612422545,180.0,53.74841980086265,1.4142135623730951,0.30905668198355757,10,6.866666666666666,0
normal05.mp4,21,10.511,11.511,0.676489941930668,3.0,0.19916039933855254,0.5907735980902165,2.0,18.027756377319946,287.87824986724246,0.38969558477401733,0.02097601629793644,2.115486378968626,-0.29632556810034444,2.9014258503092947,-0.019869626688193424,180.0,48.37341980757052,2.0,0.3152602243260528,12,7.366666666666666,0
normal05.mp4,22,11.011,12.012,0.6361949265127887,3.0,0.2761346140341378,0.6133415493887019,2.0,18.681541692269406,271.38997640896554,0.38969558477401733,0.018150638788938522,3.135056646064747,-0.23785239044868728,2.9850174769983653,0.00011271796272706395,180.0,43.12710035459627,2.0,0.3042900239301114,12,8.033333333333333,0
normal05.mp4,23,11.511,12.513,0.6988288295808818,6.082762530298219,0.2766010439407326,0.6276326047478847,4.0,5.0990195135927845,273.9785552544928,0.6188046932220459,0.014799014665186405,3.135056646064747,-0.2775700376552464,4.731326108311606,-0.007679737322861381,180.0,45.365778814656885,4.0,0.31055775047148365,11,8.633333333333333,0
normal05.mp4,24,12.012,13.013,0.6804485740684457,6.082762530298219,0.21412059902748626,0.6729178397673105,4.0,5.0990195135927845,281.9559531904021,0.6188046932220459,0.014867658726871014,3.9993069735799622,-0.21354743276707566,5.0704929128618375,0.01590376323917643,180.0,55.395555585730975,4.0,0.3360275165308177,11,9.5,0
normal05.mp4,25,12.513,13.514,0.6024366588874316,4.123105625617661,0.19943448732928554,0.6447087179991099,3.0,28.284271247461902,266.833801373767,0.2961694002151489,0.013554702512919903,4.121581333077351,-0.13185370767634702,5.0704929128618375,0.01188298335002344,180.0,54.89877589762684,3.0,0.3135408228873671,10,9.233333333333333,0
normal05.mp4,26,13.013,14.014,0.6059485925171575,4.123105625617661,0.15571013801700806,0.6305206877229218,2.0,21.2602916254693,245.17038833663275,0.33741265535354614,0.01399952732026577,4.121581333077351,-0.16305106108810383,2.9738209340731814,-0.012069524037219753,180.0,54.89189879543404,2.0,0.313002428399413,11,9.666666666666666,0
normal05.mp4,27,13.514,14.514,0.5518730114897402,2.0,0.175261160061822,0.6569544996617672,2.0,21.2602916254693,244.2479162752099,0.33741265535354614,0.015145228244364262,2.1548946879927087,-0.16133982468449562,3.4023649328244687,-0.005260495210809624,180.0,54.15000001006182,1.4142135623730951,0.3314519204787392,11,9.833333333333334,0
normal05.mp4,28,14.014,15.015,0.49489414829124656,2.23606797749979,0.16424425022405292,0.6764750580762253,2.0,29.832867780352597,241.1707513571901,0.27392977476119995,0.016366364434361458,2.159411101514678,-0.16518581330108853,3.4023649328244687,0.004812254551875372,180.0,55.50000001341576,2.0,0.3536359811427253,13,10.166666666666666,0
normal05.mp4,29,14.514,15.515,0.5911207765885301,6.0,0.16585123709493985,0.6565211188305438,2.0,25.45584412271571,235.56028200307568,0.35465675592422485,0.016328107565641403,5.990082653076996,-0.23228786108886065,3.233093746699126,0.01927584792405831,180.0,52.61654267519228,2.0,0.3383215875322901,13,10.566666666666666,0
normal05.mp4,30,15.015,16.016,0.6261722253534424,6.0,0.19625021458648884,0.6797936094958579,2.8377223398316205,24.758836806279895,249.76706394877849,0.368170827627182,0.011488980613648891,5.990082653076996,-0.28961846167061994,3.1473696515461995,0.01183715024504643,180.0,41.039442320595995,2.8377223398316205,0.34785744291027176,13,9.866666666666667,0
normal05.mp4,31,15.515,16.517,0.6357849845063283,5.0990195135927845,0.2496465349882392,0.7199004773148776,4.0990195135927845,24.758836806279895,260.864174047615,0.368170827627182,0.009540176019072533,2.9395377767799857,-0.28685759243820697,3.3801550962144233,-0.009302342310291787,180.0,48.445940421203524,3.0990195135927845,0.3629435036014274,12,8.666666666666666,0
normal05.mp4,32,16.016,17.017,0.6148697796090493,5.0990195135927845,0.23390703265806836,0.6334217906592402,4.0990195135927845,31.144823004794873,251.44887306714335,0.19923655688762665,0.011726831085979939,2.9395377767799857,-0.19364637955192793,3.3801550962144233,0.011125499144452088,180.0,65.64804076238404,3.0990195135927845,0.30603336808553433,10,8.366666666666667,0
normal05.mp4,33,16.517,17.518,0.6457065131927128,3.1622776601683795,0.1913289210460404,0.5764431140892406,1.7480640977952844,28.319604517012593,246.57515963092555,0.322637677192688,0.011730692349374294,2.1842105028847243,-0.16800292935191344,4.1153335619378595,0.02460028431287333,180.0,68.23555771763891,1.4142135623730951,0.28784255529837943,13,9.7,0
normal05.mp4,34,17.017,18.018,0.7176401218339831,4.0,0.21369554764079615,0.5690398802462918,2.585786437626905,28.319604517012593,264.6403279003977,0.322637677192688,0.014760351739823818,2.1842105028847243,-0.3610131174809497,4.1153335619378595,0.006911262206922287,180.0,56.17988879655909,1.4142135623730951,0.28513180582481745,13,8.8,0
normal05.mp4,35,17.518,18.518,0.6382093998582922,4.0,0.2542739073104649,0.6093515666648026,3.1622776601683795,38.3275357934736,279.90725370384433,0.29880291223526,0.015717754140496254,1.9319816328468278,-0.28865358129024793,4.074729505662162,0.016966447174479444,180.0,51.659665549521904,3.1622776601683795,0.30889230828755,8,6.6,0
normal05.mp4,36,18.018,19.019,0.6506297454564991,3.1622776601683795,0.25669472005792715,0.719580137366321,3.1622776601683795,43.139309220245984,282.75901729991466,0.14279602468013763,0.01017888356000185,1.9999188422852399,-0.26578346877309694,4.074729505662162,0.04348900542077532,180.0,44.669479179461376,3.1622776601683795,0.37203777924507586,9,7.0,0
normal05.mp4,37,18.518,19.52,0.7055960011897263,3.0,0.21752555360232068,0.7253893923565208,3.0,24.166091947189145,284.9344769345134,0.3875867426395416,0.010127928107976913,2.9995283655131857,-0.38142863601107135,4.999214562539237,0.012886073287175105,180.0,38.532397267713534,3.0,0.35966893501971847,11,8.133333333333333,0
normal05.mp4,38,19.019,20.02,0.7044057886462495,3.0,0.18624743630338048,0.6737184842942538,2.23606797749979,24.166091947189145,286.7893839872913,0.3875867426395416,0.011751098558306694,2.9995283655131857,-0.33072551062279654,4.999214562539237,-0.013502363676000521,180.0,47.24841979415476,2.0,0.33131430600484696,11,7.9,0
normal05.mp4,39,19.52,20.521,0.7586152260542279,4.0,0.3144600416101834,0.6929500604214363,2.23606797749979,43.174066289845804,272.14130824672174,0.16007272899150848,0.00761451106518507,3.990793575461595,-0.2437665719304279,4.106988360980374,-0.011982218654353756,180.0,42.12341979415476,2.0,0.3607202809865647,8,6.5,0
normal05.mp4,40,20.02,21.021,0.7209006732838167,4.0,0.3364059417154532,0.7221249038332215,2.0,51.03920062069938,272.9331999340656,0.11632001399993896,0.002950682770460844,3.990793575461595,-0.16795104889175072,2.8933180671851346,-0.003093484245304338,180.0,26.3072491470487,2.0,0.3709950517257443,7,5.233333333333333,0
normal05.mp4,41,20.521,21.521,0.6238833945046297,3.1622776601683795,0.269229228968651,0.7386893283506091,2.1622776601683795,28.635642126552707,307.3592505737804,0.32312044501304626,0.0016726907342672348,1.997347972104052,-0.20966592637749462,2.4911835204528927,0.012526924513402276,90.0,21.0934948822922,2.0,0.35845827723328416,7,5.533333333333333,0
normal05.mp4,42,21.021,22.022,0.8527770708043416,7.0,0.42615267619259106,0.8239853352491155,6.0,28.635642126552707,307.513259960101,0.32312044501304626,0.0031958594918251038,2.858978850609958,-0.22792194039634345,6.330305789498851,-0.004575021670238527,180.0,45.91087368032577,2.8768943743823394,0.38829267229240055,7,6.433333333333334,0
normal05.mp4,43,21.521,22.523,0.9285983087903418,7.0,0.36249239781536274,0.8061534486722326,6.0,40.496913462633174,256.1138660325882,0.20653143525123596,0.0060823517851531506,2.858978850609958,-0.22791921139234902,6.330305789498851,0.0019185604554307826,180.0,60.62431190391322,2.8768943743823394,0.3864323292798003,8,6.766666666666667,0
normal05.mp4,44,22.022,23.023,0.7243786056364977,9.055385138137417,0.3327706014132953,0.693997526438826,9.055385138137417,40.496913462633174,219.35354813501678,0.20653143525123596,0.0050680735148489475,1.9628748316655518,-0.3424943412669699,3.0597972840527348,0.02999751753479962,153.434948822922,41.65107106459534,4.932279512519757,0.3567160188392425,9,6.766666666666667,0
normal05.mp4,45,22.523,23.524,0.7522491550962543,9.055385138137417,0.3744379418670228,0.6778207688540796,9.055385138137417,19.209372712298546,222.093787522035,0.3643759787082672,0.006446087267249823,2.799993793686639,-0.5315491411194719,2.992982521912637,0.01304859602887332,180.0,32.083636252813086,4.932279512519757,0.33396337703471646,9,6.2,0
normal05.mp4,46,23.023,24.024,0.8469425652690618,8.06225774829855,0.3380988235462043,0.7396925035961137,8.06225774829855,19.209372712298546,220.14872838445768,0.3643759787082672,0.011255372315645218,8.813297484731777,-0.5526619408476601,9.205527442267396,0.0296419048842708,180.0,47.51866865096866,4.062257748298549,0.36526769125532005,10,6.766666666666667,0
normal05.mp4,47,23.524,24.524,0.839137061892493,8.06225774829855,0.29572205376998173,0.704941898403632,8.06225774829855,23.323807579381203,217.5037171260281,0.34226733446121216,0.011254489421844482,8.813297484731777,-0.4409267351983532,9.205527442267396,-0.001474239984186996,180.0,53.44487686226709,4.062257748298549,0.35472614328805196,10,7.6,0
normal05.mp4,48,24.024,25.025,0.8544128604689998,4.242640687119285,0.27936844637480485,0.6178043372833354,4.242640687119285,20.808652046684813,224.56870713233056,0.3852041959762573,0.011410584673285484,3.6163908581190185,-0.31952356327170045,6.205287141923311,-0.02648503129069933,180.0,41.96438638734187,2.23606797749979,0.3018431659292906,10,7.0,0
normal05.mp4,49,24.524,25.526,0.990107333832648,9.0,0.36536947162825206,0.6817657694730284,9.0,20.808652046684813,250.19900096785827,0.3852041959762573,0.009106410667300224,9.4905810306185,-0.293029244927416,16.43747852453533,-0.014673779289494766,180.0,39.91858707775236,2.23606797749979,0.317934750332172,8,6.1,0
normal05.mp4,50,25.025,26.026,0.9327873678221283,9.0,0.3549152661618098,0.6821259053944111,9.0,7.211102550927978,273.87849493342253,0.6156906485557556,0.009710291400551796,9.4905810306185,-0.26901771715072126,16.43747852453533,-0.004548140728240884,180.0,42.23728604750293,2.0,0.3231707210670545,9,6.333333333333333,0
normal05.mp4,51,25.526,26.527,0.939605311497278,7.0,0.32813784140605556,0.6470929592348778,4.0,7.211102550927978,266.40367138459953,0.6156906485557556,0.009796184487640858,6.9861485235257135,-0.08300873009371115,4.989924882337789,-0.01977862978332291,180.0,47.646552020366514,3.0,0.3328201678014921,11,7.666666666666667,0
normal05.mp4,52,26.026,27.027,1.038518473173963,7.0,0.35703107099984455,0.7546158416957631,4.0,22.20360331117452,267.21826148484894,0.2964498698711395,0.0040887449868023396,6.9861485235257135,-0.0422821212104657,4.989924882337789,-0.034538337949832,180.0,44.6145676184636,3.6848059512196896,0.376147322896151,11,7.7,0
normal05.mp4,53,26.527,27.527,0.9626697674877955,5.0990195135927845,0.3250875245665018,0.7368776775713357,3.6848059512196896,22.20360331117452,287.4136623633168,0.2964498698711395,0.0034826502669602633,4.4673079661253325,-0.17598757125872622,5.008323757261394,0.039728330429905374,180.0,38.5966401850372,3.6848059512196896,0.39332819863111385,10,6.233333333333333,0
normal05.mp4,54,27.027,28.028,0.9325485847419746,3.1622776601683795,0.2806736066974571,0.7218436111798926,3.1622776601683795,26.076809620810597,287.22830301739407,0.3426060974597931,0.008770343847572803,3.9997859760837855,-0.26418032668541414,5.008323757261394,0.062216827782551845,180.0,52.43745392641828,3.1622776601683795,0.3793117060685763,12,6.6,0
normal05.mp4,55,27.527,28.529,0.8346992967644944,4.123105625617661,0.3476370775844339,0.7216888515177947,3.1231056256176606,10.04987562112089,248.44471067463783,0.6456954479217529,0.01171127613633871,4.470759702851325,-0.03727582616584245,4.933942949524393,0.07264179890608692,180.0,56.84150386715596,2.0,0.3633846281263846,12,8.266666666666667,0
normal05.mp4,56,28.028,29.029,0.7626621263435768,4.123105625617661,0.3062698766912175,0.6462813724838828,3.1231056256176606,9.219544457292887,216.0937774788585,0.6712559461593628,0.013334219343960285,4.470759702851325,0.07048870557858436,4.933942949524393,0.021867191133898418,180.0,44.76098304661732,2.0,0.32015592909470275,12,9.166666666666666,0
normal05.mp4,57,28.529,29.53,0.7441158615375137,3.1622776601683795,0.2209155467194679,0.6706006060790773,2.23606797749979,9.219544457292887,213.70025594594833,0.6712559461593628,0.014301910065114498,2.9890306266805737,0.04789494105302377,3.227621577977125,-0.045423044667446136,180.0,48.885185664733555,2.0,0.3254695702749427,12,9.433333333333334,0
normal05.mp4,58,29.029,30.03,0.7288241530155312,3.0,0.19271765054612922,0.6775768645018848,2.23606797749979,29.068883707497267,209.60416905172116,0.3039165735244751,0.01198003813624382,2.9999553315515755,0.11552320295670918,3.5148031079454682,-0.0068976029888835584,180.0,58.11012968318269,2.0,0.34040041397405585,12,9.866666666666667,0
normal05.mp4,59,29.53,30.53,0.7988363092990808,3.0,0.16831461664394679,0.6323857955241172,2.23606797749979,31.76476034853718,207.82349982677553,0.1997939646244049,0.00759082892909646,3.050383773212957,0.05638665132029228,3.5148031079454682,0.022335122024174547,180.0,57.03534227104384,2.0,0.3099512940338105,12,9.7,0
normal05.mp4,60,30.03,31.031,0.7991898191217006,3.0,0.19042987076840856,0.6420716093582521,2.0,29.614185789921695,215.78250023644446,0.1997939646244049,0.005850120447576046,4.1115858348566405,-0.0035291608229126832,4.279520084290482,0.008033055199929006,180.0,53.21144703037592,2.0,0.31919197979514824,12,9.466666666666667,0
normal05.mp4,61,30.53,31.532,0.7720386495778654,4.0,0.19804105324572147,0.6535790047708369,2.8284271247461903,11.661903789690601,208.96812168132112,0.6186796426773071,0.012193499132990837,4.1115858348566405,-0.10371368498845553,4.279520084290482,0.014861423002193869,180.0,51.53985905092011,2.8284271247461903,0.33035125622117634,12,9.666666666666666,0
normal05.mp4,62,31.031,32.032,0.7912704125366318,4.0,0.17161951694696956,0.618557956052248,2.8284271247461903,11.661903789690601,202.50424423487846,0.6186796426773071,0.018232768401503563,3.9270482212854034,-0.08723044813292703,3.968543778048897,0.04521332651475227,180.0,53.885501770969036,2.8284271247461903,0.3176653576203204,12,9.466666666666667,0
normal05.mp4,63,31.532,32.532,0.7354578012312238,3.1622776601683795,0.21449647158720112,0.6442796273039909,2.23606797749979,12.041594578792296,209.1162963354057,0.5290250778198242,0.017291869968175888,3.0126363044192317,-0.11004890008683517,3.968543778048897,0.02611752517679893,180.0,52.00204439786457,2.23606797749979,0.3233637918168469,11,8.6,0
normal05.mp4,64,32.032,33.033,0.799465569678309,3.1622776601683795,0.26322084993569644,0.6670352861919563,2.1622776601683795,31.016124838541646,193.3921391217937,0.2610984742641449,0.017864402383565903,2.534810528857946,-0.31607432993848644,3.0501390131096286,-0.02515905227179347,180.0,45.518959105838576,2.1622776601683795,0.3276703968598655,10,7.733333333333333,0
