video,window_id,window_start_sec,window_end_sec,mean_speed,max_speed,speed_std,mean_acceleration,max_acceleration,min_pair_distance,mean_pair_distance,max_iou,mean_iou,max_approach_rate,mean_approach_rate,max_approach_acceleration,mean_approach_acceleration,max_direction_change,mean_direction_change,max_speed_drop,mean_speed_drop,max_vehicle_count,mean_vehicle_count,label,probability
accident01.mp4,0,0.0,1.0,0.4110711337524509,3.363030366806447,0.2300354288692315,0.2636422535795375,1.7507939282813072,0.1841219168236228,548.5628909666742,0.969351589679718,0.0164457549806684,2.195797962995357,-0.0603608575908366,2.4420508023624734,0.0009268506410145,179.91460671508736,50.52888708577223,1.6209554464447722,0.1453143289373977,8.0,6.566666666666666,0,0.6406807273539635
accident01.mp4,1,0.5,1.5,0.3391592902257793,1.9221995770642928,0.1329692724454821,0.2077466109952984,1.499077912562166,1.392942030017787,226.2316402812949,0.969351589679718,0.0102229434996843,2.051683130647234,-0.0476938913770632,2.171525908933773,-0.0075916537657569,179.91460671508736,61.2850734948827,1.2231018496490964,0.1104475384481299,8.0,6.5,0,0.5342653105412688
accident01.mp4,2,1.0,2.0,0.3308887636168384,2.1689340950969083,0.1346428782377675,0.1962009263951078,1.947361822810605,42.90438966853032,231.17039018302285,0.0296540819108486,0.0014175464166328,2.3032906823041515,0.0548207150392231,2.2211311764073685,-0.0007332794543363,179.4488664308289,55.94384348529549,1.947361822810605,0.1005466858375929,8.0,6.133333333333334,0,0.6443140832922438
accident01.mp4,3,1.5,2.5,0.3931507078948814,2.1689340950969083,0.2108773217754549,0.2475470400531221,1.947361822810605,43.10074774832056,246.3546440012636,0.0275347586721181,0.0006149038672447,2.90679640371593,0.1776771406036013,2.2211311764073685,0.0297499799732112,179.4488664308289,46.279981616781775,1.947361822810605,0.1162732053862473,8.0,5.666666666666667,0,0.7528302248026748
accident01.mp4,4,2.0,3.0,0.506269353960702,2.1476145476363384,0.2295738418632233,0.275744165263465,1.2898558755847271,43.38919671527046,266.70769078423825,0.0275347586721181,4.3705967982532457e-05,2.90679640371593,0.4222582871961157,1.7759572457528634,0.0079693249024482,178.61856503497086,38.47518314598252,1.2898558755847271,0.134797535955531,7.0,4.433333333333334,0,0.8016881520431187
accident01.mp4,5,2.5,3.5,0.6671487084772733,2.628176779608037,0.2262154560011934,0.3113508607405369,1.91549215413021,6.619589009175821,263.1305738045578,0.6610732674598694,0.0035366292577236,3.603028942273397,0.630100115972675,2.2323887471089847,0.0095384630631884,173.40719781950455,33.20349660681672,1.5214476830958623,0.1542520899214617,6.0,4.3,1,0.4326653352375154
accident01.mp4,6,3.0,4.0,0.8329695190609929,3.163888608347025,0.2900264715159529,0.4181483315447424,1.9465662187231536,6.619589009175821,252.91300346158832,0.6610732674598694,0.0041298856958746,3.853095550286298,0.7007332043491263,2.351287881562655,0.0231580450921446,173.40719781950455,38.12728174408093,1.9465662187231536,0.2022784276149858,6.0,4.966666666666667,1,0.5243253702789816
accident01.mp4,7,3.5,4.5,1.2160406530777637,12.85391578798077,0.7025971032986679,0.5642780293194466,8.526925002533883,0.844190452218092,242.55761197175104,0.9892852902412416,0.0026399448979645,15.392442916327695,0.9682850063366004,8.837837650341683,0.0280082654766544,167.71601051337504,38.6143000823188,6.15984328589089,0.2645254526040191,8.0,6.0,1,0.3283557911824374
accident01.mp4,8,4.0,5.0,1.0805761529249618,12.85391578798077,0.7745925609811029,0.5079466012095528,8.526925002533883,0.844190452218092,234.80048110973345,0.9892852902412416,0.0039335559122264,15.392442916327695,0.7387188924893925,8.837837650341683,0.0204649750458302,176.40002901080308,40.11980675378137,6.15984328589089,0.2471346035150578,8.0,6.366666666666666,1,0.375978687581588
accident01.mp4,9,4.5,5.5,0.662168773762319,5.454442918151956,0.2980064418275759,0.4014635789327117,3.887396469698088,2.823472854569844,225.1945963070069,0.6786849498748779,0.0038765536155551,5.0430692366304015,0.1643522885850686,7.452702422423329,-0.0305049218785969,176.40002901080308,49.52513345827307,3.569123249967647,0.2232463039405915,9.0,6.7,1,0.40009350159150286
accident01.mp4,10,5.0,6.0,0.5455018737036258,5.454442918151956,0.2908252105957169,0.3181301770007894,3.887396469698088,2.823472854569844,212.9603882243125,0.6786849498748779,0.0038068746216595,6.0157818071988345,0.0840972039850982,7.452702422423329,-0.0334094151752255,176.66688709881973,58.67466683113184,3.569123249967647,0.1683349537320451,9.0,7.4,1,0.3927311605860507
accident01.mp4,11,5.5,6.5,0.316767170711314,5.241936760824919,0.2113038402267278,0.1737691665117255,1.46237269028585,3.2430494383038395,220.781670288578,0.6117008924484253,0.0029008775018155,6.0157818071988345,0.0140217729113148,4.641157905628717,-0.0147544237109971,178.05154373756193,53.86469433799561,1.46237269028585,0.0894974236824764,9.0,6.766666666666667,1,0.4091347189760191
accident01.mp4,12,6.0,7.0,0.2180084428871464,2.1591025529267966,0.1214492379126884,0.1227065497840367,1.924425689078913,38.248084388296895,231.4859334068284,0.0296746883541345,0.0022213908378034,1.8347464506600768,-0.0773812163653219,1.8777302914462268,0.0011101138539712,178.05154373756193,55.48122937653602,0.7860960482898118,0.0571601224533879,8.0,5.866666666666666,0,0.6369419833833951
accident01.mp4,13,6.5,7.5,0.198221757831313,2.1591025529267966,0.1099059390717595,0.1055833293106439,1.924425689078913,38.248084388296895,226.76790132537343,0.0302875488996505,0.0020299358293414,1.9258819731080048,-0.110063738394731,3.1512697090226425,0.0064989635736546,176.9572484799558,63.39527051588439,0.8915481395886682,0.055452285960118,7.0,6.0,0,0.5460482726546474
accident01.mp4,14,7.0,8.0,0.1674785022088187,2.036475819173861,0.0866780124331376,0.0919038410598713,0.8915481395886682,39.296921680106,217.9847108678129,0.0302875488996505,0.0015576030127704,1.9258819731080048,-0.1008760166083968,3.1512697090226425,-0.0053185748459113,179.79726974453862,65.97939309924716,0.8915481395886682,0.0517181345839833,7.0,6.633333333333334,0,0.5525587859389235
accident01.mp4,15,7.5,8.5,0.1548507813585722,1.1063501737413006,0.0502653660839688,0.083547825707106,0.8222524387878849,45.506569118311866,201.6151568925396,0.0279662255197763,0.0007064555538818,1.059381956293933,-0.1167388726160402,0.8307839418318395,-0.0058401825858565,179.79726974453862,58.42600105359536,0.8222524387878849,0.0400796862899326,7.0,6.5,0,0.6175814494365732
accident01.mp4,16,8.0,9.0,0.1446894913154655,1.0280022425002289,0.0539017562394252,0.075887179231482,0.8222524387878849,44.73764845951408,191.74558196058013,0.0258842781186103,4.108615758013912e-05,0.955063178516049,-0.0801783073351012,0.8307839418318395,0.0044515125785137,176.58783637765706,50.67340956434847,0.8222524387878849,0.0372680486615296,7.0,5.8,0,0.6546916150720822
accident01.mp4,17,8.5,9.5,0.188581938981474,1.750006870768914,0.1122969317712908,0.1096776066641606,1.5920229747223005,35.074667870780075,202.8907386789044,0.0269511006772518,9.998727182392032e-05,2.1713404713522664,-0.0254485970889081,1.9345365716983167,0.0177508991903349,179.3010336407063,52.01917130857589,1.0570806256793277,0.0522373779576357,7.0,5.766666666666667,0,0.5539183583830993
accident01.mp4,18,9.0,10.0,0.2693654419420639,1.750006870768914,0.1047742726827562,0.1642188998942204,1.5920229747223005,29.1436561733366,200.63839772723685,0.0269511006772518,0.0001288684870814,2.1713404713522664,-0.0706342206345433,1.9345365716983167,-0.0084846960015685,179.3010336407063,49.36203234996774,1.0570806256793277,0.0787488245494931,7.0,6.266666666666667,0,0.5229021001304719
accident01.mp4,19,9.5,10.5,0.2718849066046346,1.9775068572447831,0.1015318511729169,0.175388274465232,1.1223187466375302,22.72661665298992,202.638656905467,0.0330295749008655,0.0004884769441559,2.0121214151647564,-0.0215435995646989,1.6570137716679127,-0.0084732918661601,179.25501165524372,47.65813641330649,0.9913263721237212,0.0908065413259548,7.0,6.366666666666666,0,0.5378723951000955
accident01.mp4,20,10.0,11.0,0.2369577341106391,3.4544103729820974,0.1384690989446819,0.1852752598975253,2.953970673736326,21.99035137324897,224.745366364168,0.0330295749008655,0.000494577572681,3.338682053181884,0.1072187385252318,2.751576334375642,0.0206018850454759,179.25501165524372,56.78129247067493,2.953970673736326,0.0921005272977488,7.0,5.466666666666667,0,0.4579757768504559
accident01.mp4,21,10.5,11.5,0.2190954169191506,3.4544103729820974,0.151083168430647,0.2010518035708456,2.953970673736326,21.99035137324897,225.72357442136743,0.0220385231077671,3.498178193694912e-05,3.338682053181884,0.0931901875108936,2.751576334375642,0.0134111764355371,177.82511972848295,63.30769926579296,2.953970673736326,0.0977035487018505,7.0,4.866666666666666,0,0.4773927131418971
accident02.mp4,0,0.0,1.0,0.3591572642922743,2.9524101721531872,0.1908263304600413,0.1901263346854654,2.629180731204729,36.71838843189501,184.460131293605,0.0,0.0,3.294596293898365,0.3016898513803331,3.0700524150889805,-0.0144864824906974,166.06665621334238,45.05209087423044,1.3594916613619097,0.098372311137565,5.0,4.2,0,0.629347479782191
accident02.mp4,1,0.5,1.5,0.3265934459723246,2.9524101721531872,0.191927534517476,0.1978003646542201,2.629180731204729,33.156778107398644,203.14754933800205,0.0,0.0,3.294596293898365,0.184214519466257,3.0700524150889805,-0.0215155802201749,179.35000236055637,54.45387940265469,1.3594916613619097,0.098786247407058,6.0,4.566666666666666,0,0.487280946576874
accident02.mp4,2,1.0,2.0,0.7047293655404053,9.54341857098346,0.5375764166563418,0.242623514220516,2.4345533670408086,3.511650200177141,207.82916748473053,0.7169216871261597,0.0084391022101044,9.483272073587727,0.6924996779990117,2.767322017198097,-0.0447942279238907,179.35000236055637,52.551618282283336,2.4345533670408086,0.1311565548468972,7.0,5.433333333333334,0,0.5739827135175808
accident02.mp4,3,1.5,2.5,1.45585255789867,14.611921508605462,0.9088565666522254,0.4055652400367355,7.101423248623697,1.949915018662338,195.04379668219437,0.848436176776886,0.0131562100723385,15.039450542871208,1.8531061526514012,6.688815842977846,0.0084640291073731,176.02108524254345,53.8517085013406,7.101423248623697,0.1909026970174007,7.0,5.866666666666666,0,0.5752408459908224
accident02.mp4,4,2.0,3.0,1.7963001603456956,14.611921508605462,0.8277395094374325,0.4402775227779892,7.101423248623697,1.949915018662338,199.51638666013383,0.848436176776886,0.0077671585604548,15.039450542871208,1.8468178202565373,6.688815842977846,-0.026151151671273,176.02108524254345,51.16146920207733,7.101423248623697,0.2106312296524445,6.0,4.933333333333334,0,0.7007704908636201
accident02.mp4,5,2.5,3.5,1.7134493557605266,7.577926191599135,0.4740949335942907,0.4820792718705753,4.238631270094849,34.874930874026376,213.6458361336788,0.0702813491225242,0.00500372890383,7.723838004302138,1.1949071836404646,2.554270847767434,-0.0738654274466914,171.437183360658,41.40112575969387,3.751289363513377,0.2246646944242941,7.0,4.7,0,0.6448363731653894
accident02.mp4,6,3.0,4.0,2.009418697033098,6.276843244977671,0.7109455286572421,0.563667069741139,4.238631270094849,46.448927585541234,556.2613034861006,0.0702813491225242,0.0020834720654723,7.766994715401893,2.049280066388464,2.554270847767434,-0.2818197686432549,171.437183360658,31.251424654357088,3.751289363513377,0.2763249504556244,7.0,4.166666666666667,0,0.43114390238691774
accident02.mp4,7,3.5,4.5,2.4225958924517093,7.5653520797655505,0.6352861793660546,0.4968470774984178,2.8453653794739093,53.55566645205267,596.7229592513488,0.0233629923313856,0.000129794399254,7.766994715401893,2.9087234088366727,3.5810326614232797,-0.1325554509186058,159.2442630666483,28.29746890005539,2.8453653794739093,0.2739185594366072,5.0,3.4,0,0.2493209030328675
accident02.mp4,8,4.0,5.0,2.606878502191054,8.455966007782798,0.5655559722957629,0.5010126969043983,7.457470131095909,52.088563203984,249.97623173142205,0.0,0.0,13.527442789600856,2.906420193582126,8.361870704717262,0.0414887913016759,176.13999771079273,32.52001737393382,3.3447056957809203,0.2442377760582466,6.0,4.133333333333334,1,0.3840150178373222
accident02.mp4,9,4.5,5.5,2.003397535110498,8.455966007782798,0.8746847180428755,0.3992197631468747,7.457470131095909,41.270307150649806,204.88560505044356,0.1343625485897064,0.0006817794637754,13.527442789600856,2.1075530747425133,8.361870704717262,-0.1281084608166597,176.31679578709023,36.95325706928136,3.3447056957809203,0.2035819114167458,7.0,4.8,1,0.5324382181603725
accident02.mp4,10,5.0,6.0,1.1507890914528671,4.656036110976439,0.2941002325651449,0.2658018547981353,1.617341122532517,0.1453885231104423,204.32575675990404,0.9710394740104676,0.0058959191665053,4.620513555888692,1.084766572340444,1.4273216532415631,-0.0491413499166604,176.31679578709023,36.95629310471533,1.617341122532517,0.146960806726463,7.0,5.233333333333333,1,0.7756326218457081
accident02.mp4,11,5.5,6.5,0.8893712491792267,3.1348175083899585,0.2430516964329575,0.2558748688225613,1.617341122532517,0.0613116315816386,196.2049884583874,0.9916295409202576,0.0249637756496667,2.7266335740234524,0.6916263141876638,1.5723661153869557,-0.0146058077894278,168.38169918505875,33.13812537615796,1.617341122532517,0.1366464962302676,8.0,5.833333333333333,1,0.405737192167561
accident02.mp4,12,6.0,7.0,0.7748146827431835,5.419228327612127,0.2337187085013013,0.2784064907658769,3.370754613955216,0.0613116315816386,193.8881757863991,0.9916295409202576,0.0424146987497806,5.2677734343319855,0.442498485778227,2.2111540392495925,0.0084524907039106,179.71074985980758,41.75266175797726,3.370754613955216,0.1416612969667398,9.0,6.6,1,0.5433573483479313
accident02.mp4,13,6.5,7.5,0.850173555797619,5.419228327612127,0.2683405791789925,0.3617032025469268,3.370754613955216,0.0128411300108912,211.53572022607088,0.9981393814086914,0.0430983491241931,5.769975081161533,0.5619223797809286,3.719922359505365,0.003939402620623,179.71074985980758,47.93623814454479,3.370754613955216,0.1801772939737307,9.0,6.933333333333334,1,0.5521713925245894
accident02.mp4,14,7.0,8.0,1.022495680098376,5.441832860262256,0.2632928351429192,0.3203741595833088,3.107842760748552,0.0128411300108912,216.9846234846522,0.9981393814086914,0.0233646668493747,5.769975081161533,0.8629261238827107,3.719922359505365,-0.0135577818410098,177.57523051540693,44.03439315477157,3.107842760748552,0.1673991672336067,8.0,6.566666666666666,1,0.6835616157180076
accident02.mp4,15,7.5,8.5,1.0774602176272572,5.441832860262256,0.2197406144533095,0.2645801836285639,1.2869324496537522,0.263536072126321,217.39124614501563,0.9721554517745972,0.0304711386561393,5.430676414537174,1.1181613505154018,1.1348799083665426,-0.0597848934970951,178.5715477802517,45.96222596994314,1.0738589462111618,0.1411758452588345,7.0,5.533333333333333,1,0.5292163762571515
accident02.mp4,16,8.0,9.0,0.9530021526992476,5.428519552179078,0.2375070272505461,0.3119922704864514,3.4891415383491995,0.263536072126321,228.9346684632185,0.9721554517745972,0.0282767172902822,5.24124927975447,0.7754736518633003,8.683950795796775,-0.0423756334224198,178.5715477802517,50.95154068311128,3.4891415383491995,0.1696046120999803,7.0,4.833333333333333,1,0.5537995361418375
accident02.mp4,17,8.5,9.5,0.8636313279883574,5.428519552179078,0.243128702957743,0.3191120263702858,3.4891415383491995,2.99369313603155,170.4393873359382,0.7064498066902161,0.002306843874976,5.24124927975447,0.5505672951420514,8.683950795796775,-0.0094333138342557,179.3801941066827,42.28384220985694,3.4891415383491995,0.1678400296967609,7.0,4.633333333333334,0,0.6595551612774657
accident03.mp4,0,0.0,1.0,4.145019115752229,13.438346306633502,1.7000550652603437,1.7103301535977735,8.466499751160221,12.494350051772027,231.8875756644555,0.602837324142456,0.1277621388435363,8.492191865460995,0.4610641237341392,8.072388019600353,0.1292592703803983,131.09459592415436,16.788328709756392,8.466499751160221,0.8269994044229293,7.0,5.033333333333333,0,0.05089419716758579
accident03.mp4,1,0.5,1.5,2.6662480087637186,12.010318593147591,2.3785260254426714,1.183822483427479,7.959219347088754,12.494350051772027,1837.7265207095568,0.602837324142456,0.0707073012987772,5.878229076695504,0.0566988675201619,7.4675787542308285,-0.0086804968165112,160.251717469379,28.26215658630007,7.869187558114852,0.6089157770184965,7.0,4.133333333333334,0,0.04924773780335611
accident03.mp4,2,1.0,2.0,0.7955819338234991,7.535452434445081,1.1221190665272234,0.5563119613670529,5.442582593805559,16.648437983242342,1782.289423538367,0.5837041139602661,0.01269313270847,5.038222984253689,0.6385413190013314,7.4675787542308285,0.0403679355035381,160.251717469379,33.627263437152,4.634279911201103,0.2844658264594536,6.0,2.2,0,0.2574921926882163
accident03.mp4,3,1.5,2.5,0.7335156971387483,3.0117624356744863,0.4390338959160443,0.4540764469176283,2.102317955038596,0.1459602141227881,154.1616202444453,0.8218275904655457,0.0090468907728791,3.913701777887184,1.1042471454336455,2.349797883282349,0.0196315037054331,122.12448833856736,19.52578588719725,2.102317955038596,0.2157845061933643,4.0,2.2333333333333334,0,0.3231968924652965
accident03.mp4,4,2.0,3.0,1.0200704423596283,4.637801717983189,0.5387913697160609,0.5045096329727486,3.2075331627622647,0.1459602141227881,234.12982792023436,0.8218275904655457,0.0090468907728791,5.445709672240866,1.4543017003144485,3.572373564008558,-0.0623487822503966,49.817727817412816,13.159715950591831,3.2075331627622647,0.2623144216945914,4.0,2.6666666666666665,0,0.28732908458526063
accident03.mp4,5,2.5,3.5,1.5670764062101523,7.955481899840834,1.0874866156768468,1.094158841027464,7.316286216749282,62.42760635003032,283.8557328036948,0.0019685218576341,2.1872465367778204e-05,10.33260253082392,2.051204860666195,9.47846575095258,0.1137207761777895,49.817727817412816,13.747509331301057,3.617647252140168,0.5025784650021565,3.0,2.933333333333333,0,0.19834372761831104
accident03.mp4,6,3.0,4.0,2.232500968186895,7.955481899840834,1.3167476133908238,1.5444709400195735,7.316286216749282,56.12651339766786,267.0023205672463,0.0019685218576341,3.0195760700735264e-05,10.91625733662653,2.5177525091764488,10.027889841374986,0.0011606108605496,45.08541432169904,7.940890570968496,3.7754066957102888,0.7562239747907188,3.0,2.933333333333333,0,0.18143846675002037
accident03.mp4,7,3.5,4.5,2.653931651480917,7.615330305163161,1.1483507681539034,1.387076135932915,7.027098829662449,56.12651339766786,260.7491210543399,0.0007490966236218,8.323296242451761e-06,10.91625733662653,1.8234566769216785,10.027889841374986,-0.1543597104557559,55.087296063155634,5.488297266829172,3.7754066957102888,0.7116052712882351,4.0,3.2666666666666666,0,0.17020372369929745
accident03.mp4,8,4.0,5.0,3.173108624489168,12.33135756628146,1.5026490179005827,1.7494292118240478,11.30622864508574,65.57061412207759,268.02615439075583,0.0,0.0,12.000820892137485,1.4817300612847293,10.39170473275911,-0.1483833338847739,123.6417339794146,10.183880521475574,9.332087418865022,0.8290173036673084,4.0,3.533333333333333,0,0.17631763638973322
accident03.mp4,9,4.5,5.5,4.254872134895369,15.551500404636531,1.9717005724344567,2.385563809457172,11.57873008615556,122.73683405299818,269.5881773594366,0.0,0.0,14.585820022686704,1.1617699025124852,11.803394777839202,-0.2341800793578134,123.6417339794146,10.982996429566263,9.332087418865022,1.184779665449752,4.0,3.6,0,0.2332692178289536
accident03.mp4,10,5.0,6.0,4.882980944672429,15.551500404636531,1.9050664332297975,2.1156642861850457,11.57873008615556,122.90553530018072,229.72249120324375,0.0,0.0,14.585820022686704,1.5801260058329618,11.803394777839202,-0.1962328256852082,44.71331482527828,6.126374043957684,7.203186603072799,1.0870668574935107,4.0,3.3666666666666667,0,0.23218566746841368
accident03.mp4,11,5.5,6.5,5.5048763132154965,26.764113845442026,2.941397752433164,2.9268859096358564,22.639440715250696,0.3991397136265868,182.8326445527609,0.9676337242126464,0.0223239306360483,25.14542430971613,3.008181050412541,22.648603899129256,-0.862156169225869,132.05360175962556,9.943472502028952,22.639440715250696,1.4345923873384927,4.0,3.2666666666666666,0,0.1872539122741252
accident03.mp4,12,6.0,7.0,5.005141228208089,26.764113845442026,2.9547800229586296,3.0343619382230007,22.639440715250696,0.3991397136265868,175.97855851891816,0.9676337242126464,0.0243800710886716,25.14542430971613,2.4157985094492345,22.648603899129256,-0.89653151868095,132.05360175962556,14.20505430155572,22.639440715250696,1.525062204804326,4.0,3.8,1,0.18501895804076182
accident03.mp4,13,6.5,7.5,3.147384728724161,14.856365697540255,1.3551704974731456,1.58709215861347,11.681772181753622,59.9867260307875,149.28975181538772,0.1418888866901397,0.0021683003287762,14.145595132291676,0.9371835524948804,10.797486374158552,-0.1943770730926224,175.05973739718,15.153639196486296,8.207734808075317,0.8516526604121407,5.0,3.7666666666666666,1,0.22489982925883337
accident03.mp4,14,7.0,8.0,2.1291248433189027,7.664326411410617,0.910008418202898,1.1334753672449742,5.434646479464113,0.4951869326160132,114.36096042653894,0.9562287926673888,0.0212580859661102,8.727525904522508,-0.1565204162883855,10.797486374158552,-0.0611098915938086,175.05973739718,14.530344056515144,4.70958896928523,0.590580161435713,5.0,3.3666666666666667,1,0.05683400417498332
accident03.mp4,15,7.5,8.5,1.342608964893288,5.28393625456272,0.76985479385624,0.7681190093742869,4.059190424659956,0.4892020924428762,109.01202640575428,0.974206805229187,0.037571832537651,4.695058254867519,-0.5986995759410959,5.53963550785474,0.0259346689410013,171.71054734894557,27.09880095716649,3.307167616898166,0.4160362607529436,4.0,3.1666666666666665,1,0.07192288144165712
accident03.mp4,16,8.0,9.0,0.8975629618787612,6.342437410218778,0.5634862269475468,0.5317202890712777,5.863263405304378,0.4019474400697787,124.4687577353885,0.974206805229187,0.0215654745697975,4.695058254867519,-0.667685884570598,5.53963550785474,0.0098999602737517,171.71054734894557,42.65261294646642,2.4307367476846373,0.2595894713343257,4.0,3.0,1,0.17807823752742888
accident03.mp4,17,8.5,9.5,0.7639924325167863,6.342437410218778,0.5560491444531552,0.4799682630423725,5.863263405304378,0.4019474400697787,145.57201247991642,0.9251224398612976,0.0051395688205957,3.2006099256676066,-0.442419237041151,3.378682243336925,-0.0174225913965999,178.1402017294676,56.923330071405616,1.0617728680708391,0.1840021912777723,4.0,2.933333333333333,1,0.1617801885098075
accident03.mp4,18,9.0,10.0,0.5705595048378236,5.148662383120764,0.4188026497886639,0.413427593842177,4.9728817993695005,80.83817776980105,158.33444748724645,0.0,0.0,3.2006099256676066,-0.089026796649576,3.378682243336925,-0.0062138062053227,178.1402017294676,57.59002462778541,2.725922153633185,0.2075072258872592,3.0,3.0,1,0.25286427755582574
accident03.mp4,19,9.5,10.5,0.4094970955705093,2.4227402294875797,0.2860347687078658,0.3336851367167845,2.725922153633185,90.25697769601088,160.5381263647138,0.0,0.0,2.2372029359251258,-0.1311738520094356,2.100812648788249,0.0264612349688259,173.8794478530365,50.96525031695396,2.725922153633185,0.2014609236106883,3.0,3.0,1,0.20767453031730787
accident03.mp4,20,10.0,11.0,0.3312372397859032,2.057967219243906,0.1796475900518234,0.2769064445994996,1.9097241737830748,100.91103549753645,162.30719199932358,0.0,0.0,1.754678601138096,-0.0838470451132606,1.853157821141593,0.0256140490571779,179.85189940573412,57.492727998847336,1.2979252138386497,0.139457363634674,3.0,3.0,1,0.17992866079161957
accident03.mp4,21,10.5,11.5,0.3543514191022578,2.057967219243906,0.1665344108356893,0.2528393329340473,1.9097241737830748,106.77126264931069,162.95417300414405,0.0,0.0,1.7184038333040803,-0.0395677134982517,2.724961240896107,-0.0027269026215967,179.85189940573412,59.567782790977695,1.0390353878936085,0.1221152410721281,3.0,3.0,1,0.1760489486302011
accident03.mp4,22,11.0,12.0,0.3222473034654701,1.7791983525989998,0.164297611956133,0.2264126173726261,1.0534964916411609,116.49636225114703,163.45437546305,0.0,0.0,1.3630062907641047,-0.014274307431908,2.724961240896107,-0.0001759830776537,179.2857175271769,48.31713152348098,1.0390353878936085,0.1161967257663398,3.0,3.0,1,0.1748674062704525
accident03.mp4,23,11.5,12.5,0.2474384565247248,1.118226201224919,0.1397605477209589,0.1766816759326491,0.7592113130281465,122.2591315368959,186.5329195604649,0.0,0.0,0.8951990880337064,-0.0527804109910882,1.271512484208813,-0.0388428150796738,179.3081574903215,42.81541049557815,0.5058241646487756,0.0841767055567639,3.0,2.566666666666667,1,0.13450336550943492
accident03.mp4,24,12.0,13.0,0.313595460467521,2.024611360203424,0.2484827936575165,0.2717616640692325,1.6058217110886084,128.54764098297508,192.664926936079,0.0,0.0,0.4993315448851092,-0.3158066853350012,1.819911654079988,-0.0517272741943761,179.3081574903215,44.84125303170217,1.6058217110886084,0.1240513066604083,3.0,2.5,1,0.1450373803537279
accident04.mp4,0,0.0,1.0,1.3653047794404334,10.405909816781664,1.5481328049360772,0.94524656621671,8.587457506718472,40.487355696671145,635.2165454114712,0.2933205962181091,0.0035504734143614,9.714510105231868,1.071353328552214,4.295056713616816,-0.0874037791045955,179.578312596526,35.0521416910724,6.835835356941905,0.4936814713982516,5.0,4.266666666666667,0,0.2757646789351127
accident04.mp4,1,0.5,1.5,0.8776095202294025,4.741374932270706,0.2844175732528772,0.3229556666817563,2.518119504411387,78.71138685891076,358.208821548172,0.0,0.0,4.862261164297763,0.7896539556152206,2.0381040684770824,0.0049497265188742,178.7090238695056,30.70715964134409,2.518119504411387,0.1639345177849832,5.0,4.333333333333333,0,0.2786383629555678
accident04.mp4,2,1.0,2.0,0.8825773469541472,3.28562837026428,0.2748971471589886,0.325360309570564,2.299755339007215,89.91031918553229,346.5544111477368,0.0151403276249766,0.000307890586555,4.880486289448527,0.8138282999515642,1.7574237567278033,0.0147199117973557,172.50380008089903,30.11964566058169,2.299755339007215,0.1583324340621347,5.0,4.166666666666667,1,0.2601545898622962
accident04.mp4,3,1.5,2.5,1.065246425963052,3.869946596668224,0.358360601239149,0.3979877794783484,2.451243455495717,133.8108653927108,332.6056875755011,0.0472614951431751,0.0029643438756465,5.770855138510683,1.0652194920308349,2.8976983622990247,0.0105785435526072,152.722647525998,31.337266819384315,2.451243455495717,0.1932989130499152,5.0,4.033333333333333,1,0.10186382347781071
accident04.mp4,4,2.0,3.0,1.3314931452235446,5.65092248231519,0.4176749815936375,0.455800305044262,2.828618763237099,133.8108653927108,313.86732129001444,0.0687203928828239,0.0075916391797363,6.723888383578128,1.3844148642602332,3.323843597179461,0.0102888177349961,164.49836310269873,28.8125247591223,2.828618763237099,0.2192933510582334,5.0,4.033333333333333,1,0.07287023484960899
accident04.mp4,5,2.5,3.5,1.589824199975011,9.79484803123738,0.5234050386241664,0.5184584215959808,4.524336427975621,47.770489634707936,311.0190966328128,0.2203882038593292,0.0091652832925319,14.202224199653983,1.4627803795382737,3.609935053091931,-0.0248361213822794,164.49836310269873,24.72551903060561,4.524336427975621,0.2648747414596871,7.0,4.766666666666667,1,0.05617602012434578
accident04.mp4,6,3.0,4.0,2.029479617653222,13.98152497963224,0.6927387498006583,0.6691800051339661,8.874167267213014,0.1956147144587426,318.0530112029975,0.9973949193954468,0.0185350906103849,18.596713621412448,1.7941960002538635,8.242553524151276,-0.061639420643018,166.624728216332,20.266163752394903,8.874167267213014,0.3440485013059125,10.0,7.233333333333333,1,0.09950016290377053
accident04.mp4,7,3.5,4.5,1.969055225037544,13.98152497963224,0.7572847862353375,0.7495462371957331,8.874167267213014,0.1956147144587426,306.9207247179825,0.9973949193954468,0.0169907510280609,18.596713621412448,1.6479688219445066,12.606894374857577,-0.0765210877468672,173.86640217674469,23.146357688381364,8.874167267213014,0.3920514343531356,10.0,8.633333333333333,1,0.07368002281755484
accident04.mp4,8,4.0,5.0,1.1342809352526844,11.006300313195029,0.6821587439793836,0.5745650261418519,7.688454692943187,73.31391945804323,289.12579737659496,0.1012217923998832,0.0065380367450416,13.89457858409753,0.7885396702267413,12.606894374857577,-0.0775071892015098,176.10866030627008,32.803802580068826,7.688454692943187,0.3270545989805579,9.0,8.333333333333334,1,0.24929612766818923
accident04.mp4,9,4.5,5.5,0.5610178070135342,3.531394718463727,0.2189755455542502,0.2834778714539714,6.034422895254195,0.295562069256494,288.8251375948544,0.9898499846458436,0.0079713575541973,6.088062447909493,0.3529058476188291,6.781263004211837,-0.0314790488504219,176.40138177093814,42.1641005438897,6.034422895254195,0.1661105219836073,10.0,8.733333333333333,1,0.14215838124457897
accident04.mp4,10,5.0,6.0,0.4268930640789478,3.2729821080973904,0.1184934005998925,0.1862563198951133,1.5747476310601225,0.295562069256494,294.7224862421482,0.9898499846458436,0.0070707323029637,3.2393464400927314,0.2834281127562856,1.8247175866172824,-0.0052144524622577,176.71168109218502,44.12750390655292,1.5708694357053163,0.0965866342349641,10.0,9.1,1,0.07827792621466378
accident04.mp4,11,5.5,6.5,0.3847312308089126,3.8258372184765097,0.1640243403053579,0.1743148778787997,1.8624522187755668,0.0712390830451969,292.3567135065895,0.9912703037261964,0.0083354106172919,3.783943204221828,0.2985233164972009,1.889828883676728,0.0203005941704268,177.64028584813988,48.81087833129562,1.5708694357053163,0.0750618347682672,11.0,9.333333333333334,1,0.12535208337237524
accident04.mp4,12,6.0,7.0,0.3814005272253394,3.8258372184765097,0.1614924193065725,0.168535136094008,1.8624522187755668,0.0641089802173708,288.3080532133495,0.9912703037261964,0.0111018484458327,3.783943204221828,0.2827268357069156,1.889828883676728,0.0199174302942315,177.64028584813988,53.48857949758135,1.6456706179695155,0.0721180898677903,11.0,10.0,1,0.10893544534400545
accident04.mp4,13,6.5,7.5,0.4110527110129938,3.954011403744426,0.140658720383715,0.1825263795766712,3.053617908934042,0.0641089802173708,285.5354171916634,0.9804739952087402,0.0092930970713496,3.94987403003222,0.2680338633959434,3.1122290307505978,0.0043295086150378,177.69554611503946,51.09948833992572,1.6456706179695155,0.0887701870094676,11.0,10.233333333333333,0,0.08647947074351617
accident04.mp4,14,7.0,8.0,0.406519432962916,4.5253543847228,0.1600894465312691,0.1855035238275026,3.053617908934042,0.1921849864862831,286.12322464778407,0.9804739952087402,0.0059356954880058,4.514788241152985,0.2286925840288744,3.1122290307505978,0.0047706780738614,178.6268599471246,46.8098256969854,1.393600731638016,0.0849759472837387,11.0,9.966666666666669,0,0.10872910619478476
accident05.mp4,0,0.0,1.0,1.0486425987963237,4.104298205652082,0.5390404164666373,0.4579660540544641,3.4629450251340854,0.7187358539642454,657.9997861769316,0.8905115127563477,0.0043524062881867,5.930061101696197,0.379069317553357,4.1682847781105465,-0.056752587124645,161.90615471076975,26.18698958390225,2.233461410965687,0.2112640461350669,5.0,3.0,0,0.2941035249402123
accident05.mp4,1,0.5,1.5,2.00314362246017,6.129150523490767,1.0070822548168636,0.6708669486082248,3.4629450251340854,0.5700080227523365,285.6147973356403,0.8905115127563477,0.0092237535864114,9.214530089008235,2.4912509305228783,4.194496449979994,0.1430200507216778,158.6330312800705,17.894692102750287,3.214400839974013,0.3040445424120228,5.0,3.5,0,0.28082190712463856
accident05.mp4,2,1.0,2.0,2.388834411738699,6.129150523490767,0.9513645601465992,0.8415965043290063,3.9192972129495214,0.2042915178113051,230.57273811353997,0.8780309557914734,0.0184488520026206,9.214530089008235,3.397943007373484,4.194496449979994,0.0748717671458326,149.78492381844652,11.012462243370427,3.9192972129495214,0.4183365019435781,5.0,3.466666666666667,0,0.233017564849113
accident05.mp4,3,1.5,2.5,1.8833666228813164,6.081412112625875,0.7981547165531924,0.981247037852335,3.982602830676553,0.2042915178113051,252.93458857402712,0.8780309557914734,0.0200447384268045,7.269651395198153,1.787348564787494,8.802851522854723,-0.1210801576687675,171.93891563027887,26.737650043444063,3.982602830676553,0.5243840286755822,6.0,4.266666666666667,0,0.4974256244662143
accident05.mp4,4,2.0,3.0,1.6849599530619523,16.32208287493069,0.9328850515606528,1.1170341136841444,12.480859175733151,13.186445820626666,252.74472982577,0.6249265670776367,0.0152726434171199,16.84288257517011,0.3107059971272579,18.5723789002937,-0.0442875969586208,175.6901522579562,39.22592036419767,10.829623773321972,0.5578674534119762,6.0,4.566666666666666,0,0.42141629024830396
accident05.mp4,5,2.5,3.5,1.4728901372058067,16.32208287493069,0.8867225436025066,0.8103025425053236,12.480859175733151,13.186445820626666,242.9304915765393,0.6249265670776367,0.0088054118677973,16.84288257517011,-0.13758299286306,18.5723789002937,0.0024581527005219,175.6901522579562,39.57241211121286,10.829623773321972,0.3947546424338075,5.0,4.166666666666667,0,0.40494782106104826
accident05.mp4,6,3.0,4.0,1.2146031747403505,5.998245015500327,0.3994866943949809,0.4744335587140737,3.811291787428008,84.32990020197826,247.17352180366012,0.0,0.0,3.570069572710395,-0.4605520469924192,3.2429123700696607,-0.0206179928682757,164.9925913267203,34.48404782099007,3.811291787428008,0.2326261218086805,4.0,4.0,0,0.600277450815873
accident05.mp4,7,3.5,4.5,1.0970344044645668,5.998245015500327,0.4042599374177467,0.4417454070418652,3.811291787428008,124.76720770394915,254.19142901375048,0.0,0.0,2.712430539534239,-0.4891498969001425,3.2429123700696607,0.0078785482231255,164.27239477355565,27.962698632900576,3.811291787428008,0.2421861464366743,4.0,4.0,0,0.4803092846364929
accident05.mp4,8,4.0,5.0,0.7707087969532004,4.595914812518028,0.3868020921740203,0.2931597738275437,2.6439651903898613,120.97914419607072,261.31139795938503,0.0,0.0,1.386170427334065,-0.3816375720704813,2.047835947134786,0.0216078180976235,174.57710759484593,36.237163288459215,2.6439651903898613,0.1654078536550453,4.0,4.0,0,0.6484027665351489
accident05.mp4,9,4.5,5.5,0.4583658234792908,3.229498768624705,0.2054608872122837,0.2051001949795916,2.3523613272007737,108.34121129798142,265.4486030033494,0.0,0.0,1.7520787095075576,-0.143749810359884,1.5762736439984335,0.0059602269617659,179.2525520264655,48.28033886117388,1.379787915835029,0.103979507281206,4.0,4.0,0,0.5710555209119721
accident05.mp4,10,5.0,6.0,0.4407918463300314,2.377676050763253,0.1591932258744475,0.197911048697737,1.3335838622320395,89.1699725538198,262.6860288099808,0.0650508552789688,0.0018570249667391,1.7700317602027695,-0.0657607257214724,1.0664601907620863,-0.001709263736071,179.2525520264655,54.48412605113337,1.284524157228374,0.0931068088091906,5.0,4.2,1,0.4647145161246274
accident05.mp4,11,5.5,6.5,0.5522373323372747,2.931132671917155,0.176633521681409,0.2024503097416257,1.6219651697165922,63.62084819625055,260.94372423772586,0.1202308908104896,0.0078368848189711,2.152582790096204,-0.1180118357462799,1.3970822779444632,0.0046833216890171,176.525139698766,48.86274399295485,1.452747169733691,0.0915556911622636,6.0,4.533333333333333,1,0.35153929588084504
accident05.mp4,12,6.0,7.0,0.5818360233006182,3.6423646492315735,0.1839130595430925,0.258450484461145,1.6219651697165922,52.74249835932872,283.3923598926812,0.1295099556446075,0.0095939673483371,3.676979941391778,-0.0099147657893581,1.968995679656473,0.0084201675274822,168.5180384013029,38.5259450207337,1.5809449319812452,0.1305235072426469,7.0,5.8,1,0.28676440948899695
accident05.mp4,13,6.5,7.5,0.5591232517876107,3.6423646492315735,0.1739634007623615,0.2662518811471474,1.7926152222403258,39.5754181303672,297.3330833493919,0.1295099556446075,0.0063035385683178,3.676979941391778,0.0209463694453587,1.968995679656473,-0.0120582434106846,175.08143370704755,37.592954122802205,1.7926152222403258,0.1315623816134767,8.0,7.333333333333333,1,0.2737893519394307
accident05.mp4,14,7.0,8.0,0.5644566468958381,3.9099884228221695,0.167436105749111,0.2191432292564374,2.5265485160529297,37.57803413730354,289.13438167792293,0.1208915561437606,0.0046624587848782,2.7875501290490945,-0.122567989877115,2.3574226735034927,-0.0092997618438804,176.72717973408504,35.71451148546445,2.5265485160529297,0.1149416512526956,8.0,7.866666666666666,1,0.09579903086075853
accident05.mp4,15,7.5,8.5,0.6271753638264109,4.686632193768102,0.1830509453505922,0.2277754065855183,3.2123693112765817,36.20667266758057,289.8455228370365,0.0797557160258293,0.0032749387901276,3.0164496353753805,-0.2540434095883812,3.0044777214190788,-0.0074209769012768,176.72717973408504,33.94271890221592,3.2123693112765817,0.114422812913717,8.0,8.0,1,0.08016036533902458
normal01.mp4,0,0.0,1.001,1.7244284341924436,8.993285717132531,0.5073982710731445,0.4196868933004454,3.751366309839788,44.75180578525961,173.01998686880336,0.0,0.0,2.487524287644732,-2.0334914160548787,4.299819084567503,-0.0395490309255266,160.17478786143906,23.333766270510264,1.522293541514247,0.1824551405358913,7.0,5.066666666666666,0,0.2447373975440887
normal01.mp4,1,0.501,1.502,1.851825224340072,9.724650985106232,0.6601169557586788,0.5204165527383886,4.288422568024415,53.24634453535543,197.1535227353427,0.0,0.0,2.487524287644732,-2.103196410923277,4.937030999496983,-0.0061845436389735,160.17478786143906,21.50133128231964,3.9895697673216057,0.2587076938309151,7.0,5.333333333333333,0,0.24086160496829417
normal01.mp4,2,1.001,2.002,1.6792313592783796,9.724650985106232,0.7084149740117838,0.5235424556181196,4.288422568024415,0.3912507159806211,170.2075175294528,0.978365123271942,0.0032612169161438,1.463996693046283,-1.609199209558789,4.937030999496983,0.0168609521092188,155.54232956162892,21.180454415303647,3.9895697673216057,0.2565797465208155,7.0,4.6,0,0.3919130484383718
normal01.mp4,3,1.502,2.502,1.6811493249127816,6.014030630463363,0.4841000271162787,0.6130553106652896,3.3486464870961545,0.3912507159806211,150.1252040076591,0.978365123271942,0.0056945458054542,0.9751785763452716,-1.3395039103784816,2.673268923938849,-0.0211326232475322,119.21231243527824,20.96094104015124,1.683409212174408,0.2757559068317258,6.0,4.3,0,0.3529393354281869
normal01.mp4,4,2.002,3.003,1.9653683519760972,7.44741226436341,0.4718153546620233,0.6076729187659315,3.3486464870961545,0.8762078825022515,176.3412823397421,0.9531397223472596,0.0054565859027206,2.0899508720519293,-1.7040187284183228,2.673268923938849,-0.0473284852478736,170.94722880356812,17.04440745403435,2.2652265327737653,0.2791180458713212,7.0,4.933333333333334,0,0.42488561846276307
normal01.mp4,5,2.502,3.504,2.3241307813730328,7.586955200687239,0.5343650135993806,0.4842016665972697,2.8350389780822045,0.8320702400384783,207.15151849513876,0.9524734020233154,0.00479501998052,2.0899508720519293,-2.3330341621012423,3.358516238163816,-0.1033486489026677,170.94722880356812,13.49785321835734,2.2652265327737653,0.2190641444741297,8.0,5.433333333333334,0,0.3278024068308199
normal01.mp4,6,3.003,4.004,2.757203218844689,8.67043999921747,0.5495793574239909,0.4869972692657817,4.35370382330903,0.7832786352424802,243.75425894476575,0.9841108918190002,0.0124233169481158,1.908433828496584,-2.652442521866412,4.949832991684161,-0.0424200314256921,47.81117191797716,10.500194106750463,4.35370382330903,0.2299115553456161,8.0,5.966666666666667,0,0.17840173405192303
normal01.mp4,7,3.504,4.505,3.316270099650277,13.308512046433078,0.5957335924938192,0.5384533336648066,4.35370382330903,0.7832786352424802,275.8579365964786,0.9841108918190002,0.0107652442529797,2.994764372436407,-3.0164990803729186,4.949832991684161,-0.0609958051510697,173.66160892157166,13.609073249853726,4.35370382330903,0.2479547996458501,9.0,7.133333333333334,0,0.30692943295170905
normal01.mp4,8,4.004,5.005,3.1750886549329733,13.308512046433078,0.7305017613443785,0.5995330591775407,4.237442484591321,32.38147321820195,283.06391546076526,0.0137277245521545,0.0001136897772084,3.770222284243261,-3.006944521027272,7.567076334030176,-0.0102990085904355,173.66160892157166,22.091550086213225,4.0853506071292776,0.2976890649075577,9.0,7.466666666666667,0,0.18570821964376927
normal01.mp4,9,4.505,5.506,2.52185253382504,11.720987525991095,0.5111584790707175,0.6181848999167665,4.237442484591321,27.286007643371903,264.9395649525492,0.0385366268455982,0.00012162981875,3.770222284243261,-2.5284355269353043,7.567076334030176,0.0455716847473253,176.8792754001802,28.174159648442867,4.0853506071292776,0.3089166774448844,12.0,8.466666666666667,0,0.0688036371369891
normal01.mp4,10,5.005,6.006,2.580207437540285,18.68034625479946,0.6781547134200715,0.7330364579199048,12.36098614042698,27.286007643371903,266.1189592996119,0.0385366268455982,0.0001513957395218,2.41676738955735,-2.8419742362866134,7.757379316220124,-0.0695950249124811,176.8792754001802,30.350905022459852,8.580189721560343,0.3496068202761874,12.0,9.8,0,0.10156918560676388
normal01.mp4,11,5.506,6.506,2.797125884126067,18.68034625479946,0.699756320013222,0.7702026886147314,12.36098614042698,30.120574235362717,268.2184141096979,0.0244841873645782,5.5316930229309946e-05,2.278263926701385,-3.2866596994433697,7.757379316220124,-0.1788436851252451,173.58182020433293,29.087917682661075,8.580189721560343,0.3490825405399279,11.0,8.766666666666667,0,0.15072989028873826
normal01.mp4,12,6.006,7.007,2.525692856393225,16.047521858791665,0.4885054251908666,0.589035519680105,6.399069647978381,34.42161278046063,210.62387820008723,0.0103857927024364,2.555102037149481e-05,1.9843039142536725,-2.9115900567012147,4.921834750998755,-0.1575641129417439,168.09117767284746,20.066057272377908,4.080920319527229,0.2475972990866558,9.0,6.933333333333334,0,0.1980088470995138
normal01.mp4,13,6.506,7.508,2.560199962604832,12.138975671210488,0.5481397818800439,0.5558827478633225,5.14334155824795,0.3605037060473868,189.59954219049624,0.912461519241333,0.0026518597733229,1.592519595128408,-2.944130313202933,4.60015005249511,-0.0942934168953061,153.68988118394483,18.512109248159828,3.65362140145684,0.2437370464481397,8.0,6.3,0,0.2769518040501989
normal01.mp4,14,7.007,8.008,2.935744412692377,12.138975671210488,0.5178204985675506,0.6763525195271655,5.14334155824795,0.3605037060473868,227.54121799621623,0.912461519241333,0.0037902856711298,1.592519595128408,-3.152350014679966,4.60015005249511,-0.0129009553318098,163.98693848308352,18.897724382296087,3.7534653336773625,0.3259563134151037,8.0,6.7,0,0.21470211336003925
normal01.mp4,15,7.508,8.508,2.96225458090904,14.575149003023991,0.667118067857678,0.8363534389454009,11.002151385579406,0.8855069341179382,235.22992362935972,0.9124188423156738,0.0017116405069828,1.9416660137545705,-2.803653370036071,7.304287509429855,-0.0716440606961921,171.5042396244879,17.391638702978007,6.647874619414415,0.388537802699033,9.0,6.833333333333333,0,0.30694589741143063
normal01.mp4,16,8.008,9.009,2.551114357037071,14.575149003023991,0.7807101883747884,0.6885955585601294,11.002151385579406,0.7735743208964656,227.78364283575124,0.94772207736969,0.0028162042144685,1.9416660137545705,-2.4239898699738096,7.304287509429855,-0.1733289476738299,171.5042396244879,23.243827930807736,6.647874619414415,0.2871061407703371,9.0,6.8,0,0.318633067381232
normal01.mp4,17,8.508,9.51,2.408901890875341,12.09667354616536,0.9706854635475972,0.5332480601603741,4.490851472600642,0.5629024258183336,243.95397030685868,0.9592890739440918,0.0094891907647252,2.423847474732156,-2.235617381913126,3.4772447215168825,-0.0766172894435848,167.74763639134693,27.4696513601192,2.228998037383443,0.2509752330112745,8.0,6.133333333333334,0,0.28230102092438436
normal01.mp4,18,9.009,10.01,2.1729004082562136,12.09667354616536,1.0283923060832614,0.5796440302405294,3.5048440400633725,0.5629024258183336,208.3044283879884,0.9592890739440918,0.0072487355209887,2.423847474732156,-2.184692851409804,3.354037280793648,-0.090333591860971,176.94797959763596,26.886306074195332,2.5513676499428253,0.2612744618551599,7.0,5.366666666666666,0,0.36857200768210147
normal01.mp4,19,9.51,10.511,1.8113343574106149,8.18059330109943,0.3401178927188222,0.4808299449179554,3.5048440400633725,32.3657409940128,183.4602989522392,0.017386944964528,0.0001391039550071,0.822940065007991,-2.0847094406128863,2.960461570922746,-0.0977723443111635,176.94797959763596,24.10109998059584,2.5513676499428253,0.2018684638534613,8.0,6.266666666666667,0,0.2786278769173737
normal01.mp4,20,10.01,11.011,2.623956065273941,14.539301190335546,0.8343364953310073,0.4628135606858375,3.298589703660204,32.30768537687126,236.94035398036124,0.0241822693496942,0.0003102514601778,2.346126656956613,-3.131746044611096,3.23303609447504,-0.1336666879673722,178.02826351762465,23.265740878910844,1.8214686629679024,0.2067559767796531,8.0,6.866666666666666,0,0.2031106150183913
normal01.mp4,21,10.511,11.511,3.357413509345863,14.539301190335546,0.554831081705739,0.6685662387901293,6.339192538257394,0.4346901214120859,277.8184629630852,0.9224896430969238,0.0013736543478444,2.4224650231890905,-3.9903549973445887,6.514047510574073,-0.0845089654569986,178.02826351762465,26.75486317861671,4.40948003818299,0.3183563288919277,10.0,7.266666666666667,0,0.21932294725318868
normal01.mp4,22,11.011,12.012,2.6621597346240438,16.544348481328097,1.2135753968934664,0.6439584778657892,6.339192538257394,0.4346901214120859,252.07617738985053,0.9224896430969238,0.0012217966141179,2.4224650231890905,-3.194176552718675,6.514047510574073,-0.0417693033593602,176.08609061367395,31.091210971793387,4.40948003818299,0.3060275511983026,10.0,7.4,0,0.23831362569380196
normal01.mp4,23,11.511,12.513,1.6530355114068664,16.544348481328097,0.9919424184031036,0.5057626989751128,4.754162186954339,4.397190551188114,166.25612684110465,0.6327947378158569,0.0014280347386375,2.416731650726049,-1.9439869384123252,3.297478834866609,-0.1956480766456055,174.96525123608433,32.711367797860845,2.6417839224623263,0.2044902132701762,9.0,5.766666666666667,0,0.3733742229388283
normal01.mp4,24,12.012,13.013,1.533745390969038,8.247648132899187,0.5406510439808968,0.523478255626124,4.754162186954339,4.394178076327687,127.51424471780427,0.6345912218093872,0.0034979896154254,2.416731650726049,-1.5082938380320767,3.297478834866609,-0.168063848555281,172.94187810759456,26.779443585189505,2.6417839224623263,0.2343276900380311,7.0,5.366666666666666,0,0.37555848089257077
normal01.mp4,25,12.513,13.514,1.883078229989627,9.601161142984072,0.5391470355954523,0.5199922066252066,2.4684499781869453,4.394178076327687,151.48001377769546,0.6726202368736267,0.0066333874128758,2.3486298857326915,-1.8786592379029732,4.908952152551905,-0.0832886039879714,172.94187810759456,21.66276934470498,2.4684499781869453,0.2444412081178228,9.0,6.966666666666667,0,0.3481341106401052
normal01.mp4,26,13.013,14.014,2.004411374416504,10.93983880722572,0.6127828901463876,0.635597033165571,5.915993989640214,5.4294506773484885,184.17837014383548,0.6726202368736267,0.0045595564879477,2.3486298857326915,-2.042377035907391,5.645410654219631,-0.1389341015500775,146.93357726815682,21.51210664413331,5.915993989640214,0.2896632485669504,11.0,8.2,0,0.12306405926263919
normal01.mp4,27,13.514,14.514,2.1661471429836032,12.858096391744954,0.61264307236831,0.6117401498903638,5.915993989640214,33.4710197062573,215.85164084207844,0.0238086897879838,0.0001835103903431,1.8381056573967385,-2.3567989756958587,5.645410654219631,-0.1313350152086584,157.71059273105314,20.437528083050854,5.915993989640214,0.2800209549735305,11.0,8.8,0,0.09429434875110262
normal01.mp4,28,14.014,15.015,2.390407251807255,13.297664682762036,0.3983769791030045,0.4908603624076312,3.591749652619693,35.73962674936959,234.47713384585705,0.0238086897879838,0.0002077419776469,1.8381056573967385,-2.8110131011476867,4.2172544284183004,-0.103400244252206,170.45827375918435,21.03685019088613,2.563855524437276,0.2097706296114361,11.0,9.433333333333334,0,0.07049078452377858
normal01.mp4,29,14.514,15.515,2.4130786765128707,13.297664682762036,0.3515112475580111,0.510263091202035,3.012655923784927,0.7895073061871342,250.22687226315125,0.9436088800430298,0.0008653518161736,2.66927078043608,-2.791597077542131,4.300932099979377,-0.0484485769080635,170.45827375918435,23.23846444189144,2.7384467971033173,0.2345484693422936,11.0,9.333333333333334,0,0.07060038973287859
normal01.mp4,30,15.015,16.016,4.608976655441143,17.13093174633146,3.7262982247040592,0.7875946204139901,3.554891004845181,0.7895073061871342,251.73153328216003,0.9436088800430298,0.0016591839957982,4.045380766204175,-2.358733177416337,5.674860768649296,0.0421533646267452,156.18988753547703,18.24951369568838,3.554891004845181,0.1886772948921248,11.0,7.866666666666666,0,0.1186068772784896
normal01.mp4,31,15.515,16.517,11.0263600887751,20.64593393484485,5.316831617725418,1.10593196284546,10.311349029507053,40.91816268169359,253.53930760251,0.059157021343708,0.0035379650071263,10.22540397993552,-1.7866410384180271,12.815314763234596,0.2797247447145461,103.77035310204164,7.225508723900085,10.311349029507053,0.3896566448960633,9.0,5.933333333333334,0,0.14113555385808163
normal01.mp4,32,16.016,17.017,12.120975083305767,20.64593393484485,3.743501922078897,1.2093785234198209,10.311349029507053,0.6345999897750438,620.2955176733398,0.8300261497497559,0.0056384935475459,10.22540397993552,0.2193193005771246,12.815314763234596,0.7825287286614148,19.24258759914067,4.8531542282723485,10.311349029507053,0.8120379720520998,6.0,4.4,0,0.15895340514096643
normal01.mp4,33,16.517,17.518,6.377132025990925,14.630924506826055,3.2950972520540853,1.0857774487107874,6.70481360948887,0.6345999897750438,1303.741813792781,0.8300261497497559,0.0150985307103837,8.772918395501222,2.252709213214068,6.921294190093022,0.5889952474872285,163.3933337397458,11.531204403607916,6.70481360948887,0.7629639616035099,6.0,3.066666666666667,0,0.14272729840457793
normal01.mp4,34,17.017,18.018,11.133325905672171,25.06297112480965,8.335155002626282,1.4495298423687637,6.322733072803313,10.07027355427754,1281.9715621645423,0.747661292552948,0.0198026108400275,10.431558674615076,1.4507046757474675,6.051875547783084,0.0550483562386705,163.3933337397458,10.162470218982495,4.059078023880918,0.4882603005566382,4.0,2.466666666666667,0,0.13413649695230118
normal02.mp4,0,0.0,1.251,4.075280664404515,10.33821057726397,0.8422417803168998,0.4627715563120099,3.1664292903995737,0.1127011567439989,301.47382029775923,0.9757483601570128,0.0183306373655796,11.762007880960256,0.8417163868950719,4.717627358132859,-0.0036906499875562,31.49328405146692,5.627087274888212,2.80708522757615,0.2439583180881744,13.0,10.266666666666667,0,0.12156174583454032
normal02.mp4,1,0.626,1.877,4.298030392984851,10.33821057726397,0.3291887706296094,0.5182174220306072,5.4295325301328985,0.148921345034955,291.98936714688136,0.938864290714264,0.0175900794565677,11.762007880960256,0.4191481899033051,8.491919655275225,0.0264108773317574,63.46470445490457,5.9842940861580605,5.4295325301328985,0.279319563149138,13.0,10.666666666666666,0,0.08486763869252606
normal02.mp4,2,1.251,2.502,4.1405979346653,14.249543558129666,0.3794736514471362,0.5588057524071193,7.5302838778370464,0.148921345034955,286.48487014841186,0.938864290714264,0.010718373581767,11.681452146697836,0.412874493328235,8.491919655275225,0.0248949960771461,138.74543432874825,6.536669451562024,5.4295325301328985,0.3066114168267793,14.0,10.666666666666666,0,0.0782266112088623
normal02.mp4,3,1.877,3.128,3.815831117591882,14.249543558129666,0.3305399456532751,0.5177276465621915,7.5302838778370464,0.8151286391793213,282.39127122412907,0.8861651420593262,0.0087968502193689,11.681452146697836,0.8152067765477822,7.382606084768213,-0.0342509416608897,175.18894462823283,9.157417058923423,4.797546570871695,0.2837699629551482,14.0,11.0,0,0.09971547293678958
normal02.mp4,4,2.502,3.754,3.795568069195944,8.194306152572988,0.3040425518385205,0.5327818870602633,3.459571670795279,0.0312780165253945,283.62317076017484,0.8306767344474792,0.0104319164529442,7.007202644382346,0.8019108564637822,4.436728711312412,0.0152939394877178,175.18894462823283,10.310123595549465,3.459571670795279,0.2789861306487544,14.0,10.966666666666669,0,0.12274908182314928
normal02.mp4,5,3.128,4.379,3.7642875012522015,7.631607650603354,0.3203358737106716,0.500603187533183,3.459571670795279,0.0312780165253945,283.4855192843542,0.9186885952949524,0.014985267072916,7.275001606868159,0.9481532779659329,4.436728711312412,0.0073129494463196,172.2478869569457,9.438799944489084,3.459571670795279,0.2677810458313616,13.0,10.7,0,0.12593716349363443
normal02.mp4,6,3.754,5.005,3.6000900083071827,9.28842976260155,0.2519797753670103,0.433796543068895,3.1126985662639326,0.1697402207834807,282.93938665285634,0.946585774421692,0.0162914041429758,8.50142960130762,1.3493758175227242,4.050385920013071,-0.0193125426314136,78.7956693161534,8.705696121222273,3.1126985662639326,0.2327350242749999,16.0,11.1,0,0.10872303554412514
normal02.mp4,7,4.379,5.631,3.96476545501936,9.72442854127808,0.4792063021077973,0.4978795728551162,4.194210900311588,0.096155794203034,273.23906655754183,0.946585774421692,0.0240909587591886,9.446814404613889,1.765042641423142,4.337849019699036,-0.0060062321732227,78.7956693161534,7.522396638730413,3.1126985662639326,0.2543061328847834,16.0,11.1,0,0.1298215035795118
normal02.mp4,8,5.005,6.256,3.877345230742976,9.72442854127808,0.560415620734269,0.5150650827621598,4.194210900311588,0.096155794203034,248.3201472798583,0.9383338689804076,0.0232065189629793,9.446814404613889,1.350730063992389,4.584016062311235,-0.0422329848690188,154.03214506499032,8.57002119319028,2.6564391783495016,0.2710356897762203,13.0,10.566666666666666,0,0.14946244622267368
normal02.mp4,9,5.631,6.882,3.3884378393383847,7.960685897506842,0.4133662136789502,0.5076828010537541,5.319591476428306,0.7969336564083377,246.2977450625561,0.9602003693580629,0.0107098324224352,6.0637020993240185,-0.1513911058456941,4.584016062311235,-0.0692351028916116,154.03214506499032,8.619714377913976,3.284711600556262,0.2719728502653291,13.0,10.0,0,0.008677778928557112
normal02.mp4,10,6.256,7.507,3.369428183313642,12.018673737770806,0.4111635051154088,0.6321368884684678,5.319591476428306,1.4537186314550783,277.32239591530646,0.9602003693580629,0.0071476255543529,10.55236964965468,-1.0590986202059969,5.480278294625521,0.0677976649996658,75.27223372981132,9.07235817554837,3.98572521509654,0.3316333956372141,12.0,9.6,0,0.013351904723102114
normal02.mp4,11,6.882,8.133,3.5127748779157613,12.018673737770806,0.3873680392538723,0.6368795297802794,4.61652947641632,1.3859801461950594,303.31160630143654,0.7543014287948608,0.0094832945615053,10.55236964965468,-0.0074892083096937,5.480278294625521,0.1433042734663307,75.27223372981132,9.86670596633888,3.98572521509654,0.3316365727030078,12.0,9.3,0,0.017117706921764432
normal02.mp4,12,7.507,8.759,3.853427374644311,8.51090188574207,0.4638115369922541,0.5620771783256966,5.719803658383606,0.3930483914624514,299.5404406984471,0.8653722405433655,0.0138156451284885,9.080588554380313,1.0635814031621555,6.948398264541652,0.0504259821737576,159.01861291269088,9.346655432107816,3.838145840696976,0.2914759565883736,12.0,9.466666666666669,0,0.10071626153954095
normal02.mp4,13,8.133,9.384,3.962190239412073,12.610570287040956,0.4022276692551043,0.6352382098233691,10.768486989116717,0.3930483914624514,294.55145602547793,0.9384926557540894,0.0125711224973201,10.214374252819766,0.9756673628897754,10.161937703270894,-0.0765846469412165,165.89947471522302,9.951231484836178,5.77463615788455,0.3229736976043748,13.0,10.433333333333334,0,0.12281070600895548
normal02.mp4,14,8.759,10.01,3.760640230285789,12.610570287040956,0.4171229273299875,0.6375429178400819,10.768486989116717,0.97789331642415,302.8770279301519,0.9384926557540894,0.0091672940179705,10.214374252819766,0.4994517565928694,10.161937703270894,-0.0609187170799332,165.89947471522302,8.79894713124848,5.77463615788455,0.3267605296343845,14.0,11.333333333333334,0,0.07919641604472372
normal02.mp4,15,9.384,10.636,3.5555910060723632,10.10452510522757,0.4298532039482484,0.6328433568889943,4.782766055360681,1.2234463583488149,313.5442628270464,0.6114369034767151,0.0074815223924815,11.480217544271454,0.766054099827922,9.21047402529166,-0.0095229923537775,176.61003495695155,12.860908091481708,4.782766055360681,0.3347575097671592,14.0,11.533333333333331,0,0.10041069628933336
normal02.mp4,16,10.01,11.261,3.789323894756458,12.648452271229903,0.552031133344399,0.6787799005994419,5.981676659113574,0.7667297067873828,304.2246727313468,0.7727633714675903,0.0102726453915238,11.480217544271454,1.2022868796908874,9.21047402529166,-0.0307424155545616,176.61003495695155,13.290873044100955,5.981676659113574,0.3564488097091018,13.0,10.5,0,0.12166372739023848
normal02.mp4,17,10.636,11.887,3.8977825044100096,12.648452271229903,0.4607052001157881,0.6282532064943271,5.981676659113574,0.1167186457532649,286.3637000820159,0.8624445796012878,0.0155875366181135,11.315582002740314,1.148095255261182,6.639648834154286,0.0131109796527449,48.845074209828645,7.685290274756039,5.981676659113574,0.3242419353061793,13.0,9.7,0,0.10798046718232487
normal02.mp4,18,11.261,12.512,3.638241640819684,11.73898152219901,0.4266249050083984,0.5353560954477387,9.545329971633793,0.1167186457532649,293.7189857261316,0.948281705379486,0.015541797503829,10.16243714700147,1.0707685061106076,10.035671136060955,0.0250103456035264,56.990114664351466,7.153248663743778,3.233775370430714,0.2584393068371236,13.0,9.6,0,0.13245645939573877
normal02.mp4,19,11.887,13.138,3.884252118459168,11.73898152219901,0.5127877239525487,0.5358447365403863,9.545329971633793,1.0918191769323309,295.05033867299494,0.948281705379486,0.0133769512176513,10.16243714700147,1.0363459891671736,10.035671136060955,0.0321674485284346,56.990114664351466,6.949191794741892,3.4668631631369102,0.2749832229002791,14.0,9.566666666666666,0,0.10355278056849401
normal02.mp4,20,12.512,13.764,4.127536956379214,10.282765003301009,0.3223215919898439,0.5634306180858697,5.76671350629778,0.3616118763560956,263.7449054438399,0.932819962501526,0.0238706562668085,9.7554041813696,1.136511295213615,7.898883577845197,0.0343905544971724,76.12036697690473,7.176668341220727,5.76671350629778,0.3065790101163632,14.0,9.366666666666667,0,0.12549868589338545
normal02.mp4,21,13.138,14.389,3.878621289915663,8.330550766838233,0.4305914928621069,0.5232299205979393,5.76671350629778,0.2083703874875288,260.1935040012412,0.9475970268249512,0.0337234772741794,9.886347651291205,0.5525080130726547,7.898883577845197,0.0465322904520185,76.12036697690473,7.752591011117548,5.76671350629778,0.2863305378722348,13.0,10.033333333333331,0,0.10504720704986666
normal02.mp4,22,13.764,15.015,3.6822941799908016,9.676078089117638,0.3797725143183377,0.6229231748891796,7.015387017679468,0.2083703874875288,292.45179203054994,0.9735535979270936,0.0231792014092206,9.886347651291205,0.4832344506559969,9.11858829095064,0.0772136581433467,125.79614298511952,10.148233450671048,5.629531930928758,0.318149555996179,13.0,10.4,0,0.10806685071861509
normal02.mp4,23,14.389,15.641,3.555543079134217,9.676078089117638,0.4206641498083658,0.7202134706555438,7.015387017679468,1.0295040683932857,294.6764157799958,0.9735535979270936,0.013237920589745,9.381785175816615,1.2072320745177978,9.11858829095064,0.1368292993083283,125.79614298511952,10.92019315296064,5.629531930928758,0.3522113748845939,12.0,8.7,0,0.13238300312778153
normal02.mp4,24,15.015,16.266,3.3356184654507697,11.476646181086162,0.4742611639725278,0.6402265132623929,6.417426847487761,0.2916132915000601,277.3943130014661,0.8412274122238159,0.0142877036705613,10.038682167258171,1.6397759492673472,5.601310016254274,0.0897262792882667,163.822359707844,9.94697431375602,4.655779475292329,0.3275719985775704,12.0,7.933333333333334,0,0.12290580688515794
normal02.mp4,25,15.641,16.892,3.566188541568984,11.476646181086162,0.5843468431160295,0.6368013840198459,6.423322569078787,0.0739831699164432,280.06153973708444,0.9705973267555236,0.0245416592806577,10.038682167258171,1.4222204723714102,8.63451732235228,-0.0131626339337696,163.822359707844,10.651345118072138,6.188141386983384,0.3297246466808283,13.0,8.966666666666667,0,0.21491367552451662
normal02.mp4,26,16.266,17.517,4.068993523497637,9.615437390659745,0.532640872069728,0.6109288412059455,6.423322569078787,0.0739831699164432,289.91533533403987,0.9705973267555236,0.0366151593625545,11.150032840394346,0.9635863636571476,8.63451732235228,-0.0425897616543722,140.36592957322665,9.69397974754154,6.188141386983384,0.3250752724639162,13.0,9.6,0,0.1936770151759067
normal02.mp4,27,16.892,18.143,4.126485591743172,9.615437390659745,0.4807197733774307,0.4627393914521315,2.999888678543868,0.1459855965760517,275.1728892908196,0.9568912386894226,0.0407789684832096,11.150032840394346,1.4741590927050552,4.7805910123084345,0.0082342216489817,74.12874238764425,7.57976136240684,2.999888678543868,0.2351779219717799,12.0,8.9,0,0.16106347908081198
normal02.mp4,28,17.517,18.769,3.958597586006374,11.012984671812037,0.3740301938209965,0.5450964987086326,4.913688862100579,0.1459855965760517,278.18181591481044,0.9568912386894226,0.0266068093478679,9.601932289031254,1.4706948988944328,5.198522214881479,-0.001805945584481,51.39007310381759,7.059075037450904,4.913688862100579,0.2576102837572594,13.0,9.366666666666667,0,0.15048564043582938
normal02.mp4,29,18.143,19.394,4.028362339159601,11.012984671812037,0.277456256958012,0.609047284183262,4.913688862100579,0.1257965702002967,289.8461118807375,0.9782268404960632,0.0159540474414825,9.601932289031254,0.4383559418419988,5.198522214881479,-0.0092663483469434,51.39007310381759,6.796274391682,4.913688862100579,0.312182434977598,14.0,11.233333333333333,0,0.0809182751765043
normal02.mp4,30,18.769,20.02,3.9548389584897055,9.258552447922206,0.249209997499748,0.4946181024636758,4.781405220440082,0.1257965702002967,294.37426457172774,0.9782268404960632,0.0135341053828597,11.018875948928894,0.3078278708727491,5.512308406835075,-0.0020419973028125,41.69011018863684,6.055944350966541,3.507150505919803,0.2713425778208846,14.0,11.766666666666667,0,0.07560696549920143
normal03.mp4,0,0.0,1.251,2.140534440256242,10.395912596061462,0.4401697542394638,0.402575329102701,6.981035413213082,0.2585281640404303,256.1737645709969,0.9804580807685852,0.0036735238973051,5.963094692842219,-0.3855162520499824,5.670699767578412,-0.027019565431284,153.72808895866095,12.470142379680686,3.7569943852941874,0.1982055879754599,21.0,18.23333333333333,0,0.023169934312420093
normal03.mp4,1,0.626,1.877,2.1145982474545346,13.062457664315406,0.2562964786246227,0.4241742379004865,6.981035413213082,0.2157437568488673,255.2867001749367,0.9688838124275208,0.0038565557915717,5.895140567344157,-0.2921262952415672,5.670699767578412,-0.0150950048920514,163.29580392707285,13.733186086720094,5.219589439775196,0.2147752621765418,21.0,18.066666666666663,0,0.02487635091438697
normal03.mp4,2,1.251,2.502,1.9754697933653695,13.062457664315406,0.2092944690921324,0.3752534971800897,5.219589439775196,0.2157437568488673,253.8560001765375,0.9685829281806946,0.0020557749085128,9.668795368569365,-0.0002406383311907,5.027087449670432,-0.0517811377547445,163.29580392707285,13.716288364550838,5.219589439775196,0.1922974208995539,21.0,17.933333333333334,0,0.024287731250982977
normal03.mp4,3,1.877,3.128,2.040404171091424,12.315069904666972,0.1797925597919172,0.4096110223613469,5.431129502083126,21.394218018567777,262.6876224210213,0.214637354016304,0.0013186453143134,9.668795368569365,0.1684654183902588,7.619439635799708,-0.0422627458654101,149.47363253415048,13.80769159075482,5.431129502083126,0.2140759084826251,22.0,18.766666666666666,0,0.020352588552425898
normal03.mp4,4,2.502,3.754,2.091239589143243,12.315069904666972,0.1440717983740733,0.4376830201948075,5.431129502083126,19.628947558691674,258.690341220712,0.2148531675338745,0.001322700176388,7.422673671557163,0.5245159516235527,7.619439635799708,-0.0026039392550175,170.06162436054572,13.907005025260542,5.431129502083126,0.2221989562392628,23.0,19.4,0,0.039129019147250636
normal03.mp4,5,3.128,4.379,2.0523155983337023,6.655117353608747,0.1976546320649888,0.4054697338569487,3.2265902679062943,19.628947558691674,255.498995824782,0.2148531675338745,0.0007973982719704,7.422673671557163,0.4392333239174397,5.55674284627176,-0.0326619861025524,170.06162436054572,12.500118513485436,3.0473903862764518,0.2012513141605992,23.0,19.4,0,0.035920859499231524
normal03.mp4,6,3.754,5.005,2.2946029931511966,7.470535163315825,0.3570528249260538,0.3945060439444432,3.2265902679062943,26.17743787269923,273.57423898671897,0.0986487790942192,0.0007419502944685,6.508050419056815,-0.1054724248411696,5.55674284627176,-0.0576103194979917,115.9433863810528,10.859819791170404,2.507822925606697,0.2008557399077225,22.0,17.8,0,0.015111302493260545
normal03.mp4,7,4.379,5.631,2.515442896847288,11.93348952984372,0.1827027510027229,0.4697826731260814,5.677518303751023,8.822724910853427,282.9865119896974,0.6628067493438721,0.0013959639472886,6.184876896116521,-0.4846845234175158,6.171548862857776,-0.0263746391036161,143.04011004073976,11.76520217977058,5.677518303751023,0.2392508823703551,20.0,17.333333333333332,0,0.0051109232588772225
normal03.mp4,8,5.005,6.256,2.181823285465789,11.93348952984372,0.3449808875349069,0.4640684733032394,6.203863194288672,0.101955862483547,263.2812819613845,0.6958705186843872,0.0018233462469652,6.128818845215619,-0.2308061686427205,6.171548862857776,-0.0243028415528246,171.90615201632397,12.9726950934306,5.677518303751023,0.2255848077940792,21.0,18.4,0,0.019003341752835013
normal03.mp4,9,5.631,6.882,2.142663093656538,8.914781545329046,0.3567249738904158,0.4299457702034167,6.203863194288672,0.101955862483547,261.26231567438185,0.6999999284744263,0.0021735506597906,9.228572357732672,-0.0489994009048724,5.797308786005601,-0.0345118489413513,171.90615201632397,14.154176864884173,4.95768811691852,0.1998365921252169,21.0,18.466666666666665,0,0.02920079417417765
normal03.mp4,10,6.256,7.507,2.492674685766575,12.521866942800097,0.2507466554553714,0.4651904166801454,3.935791179401232,10.234086728415486,279.69387242146206,0.6999999284744263,0.0020363789517432,9.228572357732672,-0.3315123293405093,5.797308786005601,-0.0282171089996495,156.33917514268236,15.129343787803636,3.2157057097612896,0.2268122090920858,21.0,18.366666666666667,0,0.006146867986589588
normal03.mp4,11,6.882,8.133,2.297799167185816,12.521866942800097,0.341545942727415,0.4586409156000642,3.935791179401232,14.283633132247203,280.0717390455152,0.6342023015022278,0.0018789289752021,7.073926273054042,-0.1472039825122176,4.434022883185889,-0.0417228575455205,143.2014826932883,13.51180287511895,2.911505940066617,0.2375606988401979,21.0,17.566666666666666,0,0.004358142869652787
normal03.mp4,12,7.507,8.759,2.033810998538583,13.42506248718485,0.2340337418036675,0.5137375127662686,12.014237762275265,15.36381719155582,267.18351785258415,0.6342023015022278,0.0018875409150496,8.659757447098116,-0.0392381243032611,10.606755761776398,-0.0280508590064345,174.66543480366704,14.06216143803007,8.405479126645119,0.2587826224157298,20.0,15.233333333333333,0,0.025525346730575202
normal03.mp4,13,8.133,9.384,2.232050838523975,13.42506248718485,0.3234935920632531,0.5111524241845851,12.014237762275265,31.61818972638713,263.2825758808873,0.1074782386422157,0.0011327522806823,8.659757447098116,-0.3432184444333578,10.606755761776398,-0.0493911285680587,174.66543480366704,14.370812696376811,8.405479126645119,0.2376474043122937,20.0,15.233333333333333,0,0.03762042167589802
normal03.mp4,14,8.759,10.01,2.4085263625501288,10.689074525720851,0.2417978214721808,0.4218943898381894,3.946847458404981,6.464416824199958,284.0251620114983,0.8345150947570801,0.0007230152841657,7.758004196213619,-0.3852372888366456,7.530135933983956,-0.0307670558594844,129.38736208399254,12.85579574643689,3.946847458404981,0.2070747580359803,25.0,18.4,0,0.006415751402024728
normal03.mp4,15,9.384,10.636,2.225813792839529,10.196125812868214,0.2730693235749896,0.4033159795413309,3.4722043392882345,0.1912969257560624,281.142401706532,0.8345150947570801,0.0010553335305303,7.758004196213619,0.1209010219068913,7.530135933983956,0.0285396303067496,173.86287152216445,14.299444429268505,3.204472674325963,0.2098065071921246,25.0,18.9,0,0.035027203172893075
normal03.mp4,16,10.01,11.261,2.0927423301283685,11.808320204810798,0.201766377795843,0.4315451721844711,5.711266246611517,0.1912969257560624,262.9451135061587,0.7603175640106201,0.0011753136059269,13.018226227777973,0.6746154239321337,8.514195160421622,-0.0160269177418883,173.86287152216445,14.705050252101648,5.711266246611517,0.2145708672896575,22.0,18.9,0,0.15159562729071735
normal03.mp4,17,10.636,11.887,2.186304465578962,11.808320204810798,0.2040429306259285,0.4555132182138083,5.711266246611517,31.681165279268026,259.9935390869593,0.2767047584056854,0.0012958463048562,13.018226227777973,0.663051342655434,8.514195160421622,-0.0607993826654,175.8744614096881,14.200310699231014,5.711266246611517,0.2282444163465255,24.0,21.066666666666663,0,0.14126835867114731
normal03.mp4,18,11.261,12.512,2.329526053392702,10.684937958693771,0.2232944045329706,0.4637180859009548,4.781061974070239,0.2291688406454631,265.25377869396857,0.9881027936935424,0.00162833428476,9.35304800088403,0.1119463438321395,6.416489677000158,-0.0494919627309136,175.8744614096881,13.610412231404252,4.781061974070239,0.2377117232895781,24.0,21.7,0,0.05238294992531415
normal03.mp4,19,11.887,13.138,2.335113469250021,14.26673581217316,0.2761445112751454,0.4570139666272605,3.009305592261222,0.2291688406454631,276.9500669580493,0.9881027936935424,0.0023850537836551,6.999385118431974,-0.3615256496955687,5.685165529210735,-0.0389242035555069,145.78807869922048,13.070358825738746,3.009305592261222,0.2320700664047619,24.0,20.5,0,0.02389664159695967
normal03.mp4,20,12.512,13.764,2.063226726416476,14.26673581217316,0.2785357205901567,0.4118617921738987,4.157191421864836,0.2476309459197914,278.9345614369476,0.9709798097610474,0.0025194254703819,5.706892594800593,-0.2004352972222979,5.685165529210735,-0.0335892512943983,101.65492154215195,12.80364186066262,4.157191421864836,0.202992756801699,22.0,19.366666666666667,0,0.024671270216099748
normal03.mp4,21,13.138,14.389,1.9805107443498555,7.48447206169658,0.183029363040028,0.404111211447696,4.323166564659409,0.6143136031357598,284.11856628912506,0.9709798097610474,0.0018678570631891,4.666206591296884,-0.2530716788919349,5.318727887300042,-0.0368142319622399,178.7989184094399,13.008733474079085,4.323166564659409,0.2035236352671507,22.0,18.2,0,0.027606563201526466
normal03.mp4,22,13.764,15.015,2.0458777829447663,8.988540166614332,0.3031180332004369,0.4213430555029235,4.323166564659409,0.6565704024775275,287.5043103896371,0.9750911593437196,0.0025357981212437,5.218416904218344,-0.3182104900589839,5.318727887300042,-0.016658015083239,178.7989184094399,12.78115725369956,4.323166564659409,0.2178310202600443,20.0,16.733333333333334,0,0.021798565249018482
normal03.mp4,23,14.389,15.641,2.021819714191142,8.988540166614332,0.3088677208933604,0.428400275990239,3.2124103749963613,0.5370449859864715,277.8569074504497,0.9750911593437196,0.0021764293778687,7.185542194134399,0.3068368306982162,5.033275107690599,0.0115662423627593,168.16355331446664,11.941998176040348,3.2124103749963613,0.2177121080687956,20.0,16.466666666666665,0,0.04654779611288482
normal03.mp4,24,15.015,16.266,2.1988779450518265,10.998827502898704,0.2642869204057541,0.4156752837320159,3.2124103749963613,0.5370449859864715,272.13125947857753,0.6199772953987122,0.001044952427037,7.185542194134399,0.2259575066981773,4.358146546163653,-0.0326890446536407,176.34034416618758,12.86845552630741,3.2124103749963613,0.2039057006256734,19.0,17.0,0,0.029075242338064067
normal03.mp4,25,15.641,16.892,2.4553951852023763,14.965474251142266,0.253322819711452,0.3967905598117893,4.780424014607545,0.5485518394732577,282.48350795069024,0.9593566656112672,0.0019011021358892,6.374911931685688,-0.2660550110534281,5.469006934419781,-0.0616982601159164,176.34034416618758,12.207802434359058,4.348182173871653,0.2013217391763068,18.0,16.633333333333333,0,0.016487942168441273
normal03.mp4,26,16.266,17.517,2.3848329852738703,14.965474251142266,0.2803317364960535,0.3993002149134199,4.780424014607545,1.1816703051788262,289.51494262399103,0.9593566656112672,0.0019486739765852,5.774055391029805,-0.1752914292262512,6.431833061572206,-0.0202082013294164,156.6104800337313,13.489172916935363,4.348182173871653,0.208551655059911,19.0,15.8,0,0.012096087370404175
normal03.mp4,27,16.892,18.143,2.12349753702142,8.115252471355232,0.1842479938299378,0.4084140793539085,2.989639282800372,0.7081719775446425,270.1322710942728,0.9660866856575012,0.0012323871487751,5.774055391029805,0.0350551751804539,6.431833061572206,-0.0013990725073886,174.7056241961353,14.196129584317754,2.989639282800372,0.2032328461254086,19.0,15.633333333333333,0,0.02617875268027627
normal03.mp4,28,17.517,18.769,2.215005724386518,12.098305447873088,0.3149974251765572,0.44154175165589,6.694894151507123,0.7081719775446425,261.4568291876189,0.9801720976829528,0.0016600905219092,11.926023755103984,0.2796332623216863,4.187620990612004,-0.0210987829110528,176.69195521652236,12.347672790481685,6.694894151507123,0.2211887861203149,19.0,16.2,0,0.06254159245859821
normal03.mp4,29,18.143,19.394,2.317352249494463,12.098305447873088,0.2602830943160947,0.4817289243663528,6.694894151507123,0.7481880268023151,259.7568730923526,0.9801720976829528,0.0013040718622505,11.926023755103984,-0.0027920842603308,4.926800522350902,-0.0223505866636028,178.25215069790704,14.306342963708415,6.694894151507123,0.242681148288805,19.0,16.533333333333335,0,0.043710609464825516
normal03.mp4,30,18.769,20.02,2.160276954690302,12.715254868318723,0.2132004375057992,0.4791327229034597,4.795886161316362,27.408883785977824,250.0321667997456,0.2552415430545807,0.0011058000382035,8.16351502010734,-0.2743073629000386,5.764626910526033,-0.0481762776210359,178.25215069790704,15.921473614019868,4.419505028805224,0.2511591658834656,18.0,15.466666666666669,0,0.008273418629227054
normal03.mp4,31,19.394,20.646,2.128469836799057,12.715254868318723,0.2512315642820869,0.4359062637969536,4.795886161316362,27.408883785977824,257.3079065371458,0.2552415430545807,0.0022089884150773,5.859060831415263,0.1135884833466741,5.764626910526033,-0.0501865157495158,167.09785498961253,15.598319865482663,4.419505028805224,0.2323446088667948,17.0,14.233333333333333,0,0.019546956720708858
normal03.mp4,32,20.02,21.271,2.2972822145770246,6.151487119851371,0.2829603985620094,0.436794860776189,4.659920375983707,30.3078032678898,265.70301921475567,0.2385662645101547,0.0023758714087307,7.564415441797337,0.27800934087328,7.294458790663953,-0.0318828820556972,154.99197005639846,14.54495096710752,2.682415246626033,0.2171095030194104,18.0,14.7,0,0.02718551239455753
normal03.mp4,33,20.646,21.897,2.4538713733821087,7.202030983040875,0.2070305921356135,0.4448722164660509,4.659920375983707,0.4632566952108338,275.1367511525036,0.9770673513412476,0.0023718557786196,7.564415441797337,0.0405985035930869,7.294458790663953,-0.0304700409307741,138.98013888898646,12.959133682709714,2.509319203452124,0.2134020272079931,21.0,17.433333333333334,0,0.02077461350904514
normal03.mp4,34,21.271,22.522,2.604244558292628,11.882942221645225,0.2289447722802691,0.4718476246321758,8.25542911611891,0.4632566952108338,285.5189981114381,0.9770673513412476,0.0021493113599717,7.405785451037687,-0.3054455154712121,7.845626384882394,-0.0415733795006309,161.80021278922797,12.554590084797884,4.323940643716044,0.2361281794162382,21.0,18.3,0,0.017099479187421357
normal03.mp4,35,21.897,23.148,2.5276821832857994,11.882942221645225,0.3101135722222873,0.4664299601309248,8.25542911611891,0.9833720733078488,283.08812873382783,0.974028706550598,0.0012275162152945,7.405785451037687,-0.5683765006648447,7.845626384882394,-0.0554732239766571,161.80021278922797,12.598107665821717,4.323940643716044,0.235826448480694,21.0,17.466666666666665,0,0.009704685828254235
normal03.mp4,36,22.522,23.774,2.363337179911767,8.88263915504091,0.2652316487052075,0.3881682292359877,3.204197015121696,24.842943096782136,272.3692584799761,0.2332583516836166,0.0011082774726673,6.515578382673311,-0.8049777304457437,4.917878060671114,-0.0434219784288301,128.63081879991665,11.95490597756086,2.3324037649374034,0.1809398469227012,21.0,18.1,0,0.002273550724637681
normal03.mp4,37,23.148,24.399,2.435357973111588,12.57539158566139,0.2258834383380877,0.4148186746212227,3.962536283231396,10.219991458910384,281.72479272235,0.4678773880004883,0.0015206673415377,8.115038992138665,-1.036064562148895,6.1373220906078245,-0.0194492715728231,172.869173913214,11.656817072869057,3.962536283231396,0.1980483345443761,22.0,18.966666666666665,0,0.008126038862017697
normal03.mp4,38,23.774,25.025,2.37531549307828,12.57539158566139,0.1836717956302915,0.4399397145499328,4.479437900483047,10.219991458910384,303.49647746216874,0.4678773880004883,0.0016950604040175,8.115038992138665,-0.87779232750699,6.1373220906078245,-0.001160624580328,172.869173913214,13.054531873176476,4.479437900483047,0.219248432425086,22.0,19.433333333333334,0,0.01018190481355443
normal03.mp4,39,24.399,25.651,2.398027518945172,10.015216201689007,0.1840906252099137,0.4359612978982496,5.066893257901135,37.17975389381082,311.67024797183814,0.1456980854272842,0.0014542085118591,8.921494917363475,-0.6210710074317867,9.5113988889414,-0.0467272866730852,176.30945479454726,14.338261262051663,4.479437900483047,0.213690285863235,21.0,18.466666666666665,0,0.024904310110135476
normal03.mp4,40,25.025,26.276,2.529719012998647,11.87582872620082,0.2420041594670005,0.4674749941404537,5.549781004400065,41.05039877636908,312.4629735016718,0.0966548323631286,0.0011726197553798,11.715181317885596,-0.7313342637739869,9.5113988889414,-0.0665109994256078,176.30945479454726,13.28140620913076,5.549781004400065,0.2402544691373467,20.0,16.5,0,0.037651608273421754
normal03.mp4,41,25.651,26.902,2.3141630012098147,11.87582872620082,0.3409386407320044,0.4723370800623047,5.549781004400065,0.5724642772131378,302.8039166255193,0.909031093120575,0.0014112468343228,11.715181317885596,-0.6351751916556625,4.874119982211028,-0.0478065043291523,167.02024859473306,13.200179451744988,5.549781004400065,0.2457858820546542,19.0,16.066666666666666,0,0.010863983737408702
normal03.mp4,42,26.276,27.527,2.100786119581581,12.13364537695359,0.1333413832008232,0.4584191973244598,5.311570883608918,0.5708750180100907,292.00131978954124,0.9652889370918274,0.002469279570505,8.126546906719511,-0.3920059464533157,7.314576830489841,-0.0296058723819919,167.02024859473306,13.583149936879488,3.153707959972341,0.2178819302609827,19.0,17.1,0,0.02251139752302714
normal04.mp4,0,0.0,1.2,0.4961863080850761,1.7271466583135806,0.1136452733284268,0.1291866538338433,0.8627401796965255,0.47049376949798,352.7472794686741,0.987941324710846,0.0171812940388917,1.604104768714592,0.1060046649443054,1.349446661493971,0.0009825948050065,178.47832731989712,19.48135045999815,0.8627401796965255,0.063364127184694,13.0,12.5,0,0.1711089591235449
normal04.mp4,1,0.6,1.8,0.495205235031026,1.23909766640674,0.0500564726499813,0.1514588991148549,0.9719160925788904,0.47049376949798,344.49375341813413,0.987941324710846,0.0103954104706645,1.2747849156028224,0.1016620932336749,1.2870203879532198,0.0018196868788992,173.1055105660921,19.899764691656834,0.9719160925788904,0.0752788941360401,14.0,13.133333333333333,0,0.17632696407080936
normal04.mp4,2,1.2,2.4,0.4928051133954444,1.534560784287505,0.0544073558958353,0.1702218834330488,1.082527772961296,47.71413148514733,342.1183714861144,0.2351467013359069,0.006272189784795,1.3570569388485296,0.0407175554187747,1.5422010607437642,-0.0011330170197362,173.1055105660921,24.587651614036336,1.082527772961296,0.0847861284016372,14.0,12.766666666666667,0,0.16709938752328435
normal04.mp4,3,1.8,3.0,0.4849471784045795,1.534560784287505,0.0499579207288181,0.1581318140945717,1.082527772961296,35.01470459294079,339.5122626234359,0.30514857172966,0.0078534884378314,1.3570569388485296,0.0016487691437121,1.5422010607437642,-0.0012484727451273,171.8154322122353,24.81621799782712,1.082527772961296,0.0813649299414925,14.0,12.3,0,0.10117931566403014
normal04.mp4,4,2.4,3.6,0.5054903923711271,4.1744458039172185,0.0919452449202518,0.1696462085905612,3.465405493231935,16.13009438956511,332.83452953759,0.5961980819702148,0.0101028140634298,3.854593740203505,0.0075834361900187,3.702586128485464,0.0035230321081713,174.02989273922006,22.922244719669543,2.849675830603088,0.0829854000362918,14.0,12.5,0,0.08258687237902455
normal04.mp4,5,3.0,4.2,0.5324165059412986,4.1744458039172185,0.0948964136547537,0.1943087424299336,3.465405493231935,0.3605722645618791,332.8075332834462,0.9900881052017212,0.0136124873533844,3.854593740203505,0.0098937968892924,3.702586128485464,-0.0073233632548071,174.02989273922006,24.284004035875164,2.849675830603088,0.0960248706340134,15.0,12.933333333333334,0,0.1994681796234487
normal04.mp4,6,3.6,4.8,0.5216084166551415,2.26892794623727,0.0665313137662683,0.1891730959074833,1.4474031568253842,0.3605722645618791,325.23358810272805,0.9900881052017212,0.0144314374774694,2.408350632978369,-0.0092597134236382,1.698134456978579,0.0006297695361176,164.16699822683347,25.27788826186918,1.355756712389604,0.0964094252827442,15.0,12.6,0,0.2105223848872612
normal04.mp4,7,4.2,5.4,0.5690332826708058,6.938681428582104,0.1432243365114926,0.2228052290592551,5.965019728195438,33.96129142571728,321.8454281612002,0.2983438372611999,0.0122272484004497,3.388939689766346,-0.053378971385433,5.680530962558436,0.0110696041053329,167.90563445817432,23.633157971385177,3.968722850506496,0.1137738357641293,13.0,11.333333333333334,0,0.048673669740268724
normal04.mp4,8,4.8,6.0,0.5384687914266577,6.938681428582104,0.1543501934238764,0.2027961644225667,5.965019728195438,37.33417222845812,329.9518734842922,0.2604038417339325,0.0105217741802334,3.388939689766346,-0.0532096176623001,5.680530962558436,0.0012873228434753,167.90563445817432,22.099326997301134,3.968722850506496,0.1026918085732957,12.0,10.833333333333334,0,0.05956762582388886
normal04.mp4,9,5.4,6.6,0.4602768258103503,2.4073561588172807,0.0527938355954425,0.138397658070624,1.0287189835467778,18.321628345887337,332.2442970524154,0.5488888025283813,0.0094315567985177,1.905563343494805,-0.0256985350580631,1.4028139809555285,-0.0019214580568159,162.45108976365972,19.845846061715527,1.0287189835467778,0.0689528016623378,12.0,10.7,0,0.10186759466053537
normal04.mp4,10,6.0,7.2,0.4549251779602634,2.4073561588172807,0.0524179196071078,0.13189104478767,0.5916725685527695,18.321628345887337,332.6831290552331,0.5488888025283813,0.009187058545649,1.905563343494805,-0.0152609448460896,1.451818804653726,-0.0010764329627929,172.48508244316878,19.55536809802493,0.5916725685527695,0.0681094204865686,12.0,10.4,0,0.10076909899288708
normal04.mp4,11,6.6,7.8,0.4653031871126633,2.0879299093638903,0.0535233412512662,0.1444728574459618,1.492403016174506,0.9332452965167154,335.89137133866365,0.9685092568397522,0.0111552318558096,2.0018770950861158,0.0217984309336792,1.860807412148688,0.0077970040789636,172.48508244316878,22.08714627645989,1.492403016174506,0.0702571196655084,13.0,10.866666666666667,0,0.12680260180094347
normal04.mp4,12,7.2,8.4,0.4703573614697001,2.0879299093638903,0.0645408124802427,0.1554587477766151,1.492403016174506,0.9332452965167154,328.6576126055998,0.9685092568397522,0.0127909714356064,2.0018770950861158,0.0564246652350972,1.860807412148688,-0.0008114634176021,178.91080475288933,20.32171485011601,1.492403016174506,0.0753270984499235,14.0,11.3,0,0.11960604148139602
normal04.mp4,13,7.8,9.0,0.446292419810982,1.873391738226116,0.0619763374119294,0.1489777840327276,1.0509692340422858,38.76113285071783,316.73151834517205,0.3166821599006653,0.0123197231441736,1.8848153391523963,0.0187310160352755,1.2468846580085255,-0.0186104480229977,178.91080475288933,21.93415692598989,1.0509692340422858,0.0748663680508926,14.0,12.066666666666666,0,0.11485399682079622
normal04.mp4,14,8.4,9.6,0.4228184295053258,1.356492091255237,0.0509073927680033,0.1450054895425255,0.8936506464093392,18.063612821851883,312.9232230803924,0.6532561779022217,0.0130329933017492,1.4117932770225252,-0.0106491921392323,1.3835010781209078,-0.0005362005960791,176.5771733248473,26.49437863811587,0.717479582056691,0.07316134560139,15.0,13.233333333333333,0,0.10720761187722311
normal04.mp4,15,9.0,10.2,0.4461600903935463,5.97209798389575,0.123123030410897,0.1791726831174415,5.86984063179545,9.641563124885062,318.0490045092876,0.7134700417518616,0.0128813628107309,4.767836550672058,0.0240892245717315,4.786923782955228,0.0070513680683869,176.5771733248473,29.170022262492875,2.172947623593421,0.0909950985385794,15.0,13.1,0,0.07571859970343482
normal04.mp4,16,9.6,10.8,0.4716908080993534,5.97209798389575,0.1191101842822826,0.1942857707603797,5.86984063179545,0.7221793103891142,324.63611579721976,0.9818864464759828,0.0126608749851584,4.767836550672058,0.0148809241740363,4.786923782955228,-0.0020787281456729,178.5207616426489,27.813709149528343,2.172947623593421,0.0968984830582276,15.0,13.133333333333333,0,0.08322323702931583
normal04.mp4,17,10.2,11.4,0.4559408972240476,1.9756635921342212,0.0539618304277519,0.1762832358277696,1.2957846557861754,0.7221793103891142,333.32263199352184,0.9818864464759828,0.0119008608162403,1.7595979215913644,-0.0103919692085942,1.7120744015992102,-0.0057583547281584,178.5207616426489,27.59212050691434,1.1300919883506242,0.0872210976152973,15.0,13.6,0,0.12980998584676295
normal04.mp4,18,10.8,12.0,0.441703915422919,1.7510027025152337,0.0559568866713084,0.1666725994898034,1.040697712872029,35.22919554525356,344.30830313087625,0.2687779068946838,0.01144231390208,1.341368648480568,0.0431051220639924,1.3848141504584817,-0.0013463354056941,177.59379836038505,29.25551544995353,0.9812358038125162,0.0818588324657148,15.0,12.833333333333334,0,0.11647904296915662
normal04.mp4,19,11.4,12.6,0.4343002590713208,1.2190915329921002,0.0558055252289543,0.1519916652611369,0.7526000935801055,33.153830725338125,337.6684116438015,0.2510713040828705,0.0119093097746372,1.4606847949934263,0.0593007149962825,1.0876034976660662,0.0053974540668849,177.63986466462984,28.55428782302337,0.7019481409811398,0.0752772219704781,14.0,12.4,0,0.11323338141111798
normal04.mp4,20,12.0,13.2,0.5017613271037326,3.5362004003936978,0.1113553021265096,0.1932543445449978,2.235795050834424,32.40137486536652,317.38001165914443,0.2570863664150238,0.0124286748468875,3.1862696490507574,0.055641831974596,4.436118754626364,0.0075618249714901,177.63986466462984,28.13800403637755,1.8856193481418648,0.0950629528371194,15.0,12.6,0,0.052175496564092316
normal04.mp4,21,12.6,13.8,0.5061733121106147,3.5362004003936978,0.112534329812033,0.22881660503976,2.235795050834424,32.40137486536652,307.7492805336684,0.2963358163833618,0.0113424705341458,3.1862696490507574,0.075249854342231,4.436118754626364,-0.0001830694231224,174.76793953731024,29.571776670510943,1.8856193481418648,0.1145871231788498,15.0,13.066666666666666,0,0.04062356545558811
normal04.mp4,22,13.2,14.4,0.4367066401851739,2.0683651765106217,0.076742366773764,0.2015127737767349,1.835753245408955,31.81718689825506,300.5272146278847,0.3101341426372528,0.0088194739073514,2.2254433541821896,0.0666466638923737,2.31179490627072,-0.004568335567101,178.84597851545254,28.9710400712662,1.562910208826261,0.1039026364182601,15.0,13.0,0,0.04475530772531202
normal04.mp4,23,13.8,15.0,0.4175828415424816,2.3580349045704847,0.0828355161468474,0.1770837323668502,2.024902438565161,31.44376323168352,300.51347382192824,0.3101341426372528,0.0083426143974065,2.427571522868959,0.0526690405825254,2.30206604786639,-0.0023930971565921,178.84597851545254,26.95611427791708,1.171499431369425,0.0872179544630091,15.0,12.533333333333331,0,0.07671497850799228
normal04.mp4,24,14.4,15.6,0.4113912705367156,2.3580349045704847,0.0637200958192441,0.1728428405166466,2.024902438565161,1.201594873803432,306.8996643241173,0.9675100445747375,0.0107595771551132,2.427571522868959,-0.000590044188112,2.30206604786639,-0.0072385321175328,178.31715183650462,29.20018974807914,0.800349216008882,0.0850679820965273,13.0,12.633333333333333,0,0.09041473695116954
normal04.mp4,25,15.0,16.2,0.429787344679954,1.544790477735833,0.0533437976962327,0.1612838401733456,1.0573025218412802,0.3442881028158722,312.7690149263861,0.9892420768737792,0.0162876937538385,1.557459908833323,-0.0178905563882795,1.3154655140465366,0.0002880350605318,178.31715183650462,26.346584572297942,0.800349216008882,0.0799841495236219,13.0,11.2,0,0.236998210921066
normal04.mp4,26,15.6,16.8,0.4295128262243695,1.768848533685569,0.053293771077557,0.1341876797629475,0.7416163658939038,0.3442881028158722,333.105575768339,0.9892420768737792,0.0133441351354122,1.557459908833323,-0.0020862659639044,1.1456652547937125,0.0045481440820682,141.11094463753057,21.15803820601228,0.5409869614373327,0.0654868110187996,11.0,10.1,0,0.26592575939183005
normal04.mp4,27,16.2,17.4,0.4665073518498041,9.303259385477467,0.1660436889404148,0.1831388210601767,8.64910106751567,0.2960212535455493,345.3871953837377,0.9901365041732788,0.0175745319575071,1.264551001003845,-0.0645686185607315,5.252977720607589,-0.0053373884276215,142.30980347344993,20.971669265415866,5.946872253572016,0.0923777574001745,11.0,10.2,0,0.2450020362178061
normal04.mp4,28,16.8,18.0,0.5568787011568174,10.018602366224885,0.2790776533599025,0.2744874647246393,9.309074407388362,0.2960212535455493,334.53701153982496,0.9901365041732788,0.0246956851333379,9.145726478589438,0.0031465448080894,9.435826450681477,0.00483267028694,161.34837133649717,24.392793565164546,5.946872253572016,0.1378224186589024,11.0,9.3,0,0.31128682812720354
normal04.mp4,29,17.4,18.6,0.5302602339363903,10.018602366224885,0.2408767032496496,0.2282116968104252,9.309074407388362,0.9519952396489308,328.8167714672261,0.9732733964920044,0.0153000121936202,9.145726478589438,0.0209583569978104,9.435826450681477,0.0069404138309621,161.34837133649717,23.184194554133292,5.060898154236056,0.1141509421514675,10.0,8.133333333333333,0,0.2754972530438289
normal04.mp4,30,18.0,19.2,0.4569993783113097,2.229667667118921,0.0557983685967943,0.1673651111057822,1.9298985417232333,1.7510786374528755,321.5812540957144,0.9023504853248596,0.0096291489899158,2.50426530082018,-0.0649082098994365,2.6707841313225917,0.0161115306328272,152.27664099119707,23.42287253229556,0.7534770338363102,0.0807686314554391,11.0,8.633333333333333,0,0.11215136769762092
normal04.mp4,31,18.6,19.8,0.4522554240409492,2.2669477248029377,0.0654045768435756,0.1694021883894932,1.9728904893552528,1.5369810419785943,318.62967066199906,0.9039442539215088,0.0137627683579921,2.50426530082018,-0.0792659670805023,2.6707841313225917,0.0038805218367736,164.61386583008823,23.47547473347316,1.6746526091943688,0.0851548545499099,11.0,9.566666666666666,0,0.10688104265861958
normal04.mp4,32,19.2,20.4,0.5297313599973398,4.698878628045136,0.1456668014332174,0.2125443481481055,2.901865099936536,1.5369810419785943,320.36724400807697,0.9039442539215088,0.0199100691825151,3.3231203790810184,-0.1392305023808107,2.8902443744566426,-0.0138383296445369,164.61386583008823,23.06570353010915,2.901865099936536,0.1088448517566422,11.0,9.133333333333333,0,0.11753694902387296
normal04.mp4,33,19.8,21.0,0.5587908841283942,4.698878628045136,0.1385764374977705,0.235124756456786,2.901865099936536,12.548483666171304,320.1101190558158,0.5789965987205505,0.0228938534855842,3.3231203790810184,-0.1566373610055793,2.8902443744566426,-0.0028504401992724,175.6390330228187,26.355096555540324,2.901865099936536,0.1126945503163565,10.0,8.8,0,0.15150227489790738
normal04.mp4,34,20.4,21.6,0.5294318006882065,1.9622520366434688,0.09954634969653,0.1840541365999405,1.136618632257537,6.882871707086431,332.1200118999289,0.5789965987205505,0.0217708703130483,1.8024440097655088,-0.108769093690194,2.4099582240849315,-0.0048852891572568,175.6390330228187,25.87935811042831,0.7542809947458213,0.0884862433501393,10.0,8.933333333333334,0,0.13331221473950014
normal04.mp4,35,21.0,22.2,0.5370202684500018,2.63626654385286,0.1124911812724136,0.1878552112319326,1.956467505309938,6.882871707086431,323.7264134018667,0.5359072685241699,0.0154147008433938,2.4642492678146937,-0.1024594785099494,2.4099582240849315,-0.0118744584976851,168.5883269371401,24.92551296148701,1.956467505309938,0.0917280183327888,10.0,8.166666666666666,0,0.12878074355744157
normal04.mp4,36,21.6,22.8,0.4960218964616791,2.63626654385286,0.1049131644859168,0.182032666401953,1.956467505309938,17.463083621571815,298.0376416246609,0.3620857298374176,0.012267324142158,2.4642492678146937,-0.094184298215747,2.0983704516695525,-0.004106980590592,168.5883269371401,23.80915974973741,1.956467505309938,0.0940620441138164,10.0,7.766666666666667,0,0.10868226937967021
normal04.mp4,37,22.2,23.4,0.4427938042468231,1.4868781057406175,0.0789562791694299,0.1518840575581923,1.1635872153709186,44.61495111151724,296.0491289207444,0.2812592983245849,0.0155257312580943,1.2536418748042593,-0.0076999581238959,1.3083480886385246,0.0017826531326682,172.26407158391885,23.05584230157339,1.1635872153709186,0.0788945035945846,9.0,7.366666666666666,0,0.15306806427626887
normal04.mp4,38,22.8,24.0,0.4426350147580041,1.4961225305962484,0.06375931659319,0.1449126535424564,1.1652595586619727,36.10688850800022,307.81631871334105,0.264514148235321,0.0139682572335004,1.4426742629347586,0.0372726153252562,1.629161623393827,-0.0001378681557173,172.26407158391885,23.961994778281,0.8805904272408196,0.0680789842887493,11.0,7.666666666666667,0,0.12149360986538633
normal04.mp4,39,23.4,24.6,0.4715857787559387,2.4372939925318704,0.0541714424286707,0.1423372468251069,1.2401131833756045,36.10688850800022,307.8697593987179,0.2386190444231033,0.0113397920504212,2.3198891832160484,0.0208791914180362,1.629161623393827,0.0041713271275747,159.65950684632557,23.15536856350352,1.2401131833756045,0.0705771893756157,11.0,8.566666666666666,0,0.11479475953823819
normal04.mp4,40,24.0,25.2,0.4929102074057486,2.511839082499187,0.0811167377320556,0.1515409101244012,1.80583334274407,39.002050093272935,307.7874284905303,0.2246796786785125,0.0108818840235471,2.3198891832160484,-0.0061817399279337,1.8634674431020808,-0.0030063445400576,153.35326374196688,19.719373520920502,1.80583334274407,0.07730013054234,9.0,8.6,0,0.13860453356070093
normal04.mp4,41,24.6,25.8,0.4942335424015055,2.587027837052133,0.0915859440646306,0.1698376039798589,2.320314777358414,48.26208288396427,306.5478380945872,0.1874936521053314,0.0081044118851423,2.631525647399428,0.0034300506887865,3.839202343464762,0.0006790965061358,178.38883631681327,21.089334189715697,1.830142080630242,0.0842267797673562,10.0,8.733333333333333,0,0.1881022161493118
normal04.mp4,42,25.2,26.4,0.5336779240019079,5.131451196090556,0.1589094029264123,0.213741408578038,4.379577214742056,49.69240242891242,299.5927204510793,0.147445410490036,0.0045541180297732,4.798209617745329,0.0088903424099021,6.744863827916845,0.004379864262965,178.38883631681327,22.20805679497924,2.7194036721031467,0.1063057176053707,10.0,8.133333333333333,0,0.3207211883587698
normal04.mp4,43,25.8,27.0,0.6081367245752258,5.131451196090556,0.1958084291910781,0.2532232351837839,4.379577214742056,47.19456659501216,288.46398311212545,0.1553090214729309,0.0045620193704962,4.798209617745329,-0.026167079205419,6.744863827916845,-0.0035168951477962,169.02663640724504,25.005142908111225,2.7194036721031467,0.1238616146485971,9.0,7.033333333333333,0,0.4050396038667017
normal04.mp4,44,26.4,27.6,0.7350701157240658,15.69969313508819,0.4352949043810585,0.3887077622499817,8.862936436686752,26.404700578021917,264.90222357030257,0.3805218338966369,0.0102654406800866,9.867384205631126,-0.0763849900381477,8.499708782446987,-0.0065203478448481,177.33757006474283,26.440286910857107,8.862936436686752,0.1907650719620859,10.0,7.133333333333334,0,0.1746921766415563
normal04.mp4,45,27.0,28.2,0.7157301043580871,15.69969313508819,0.4431717328497508,0.4202925972769423,8.862936436686752,26.404700578021917,245.59276825880644,0.4502516686916351,0.0142030529677867,9.867384205631126,-0.1000284127735755,8.499708782446987,0.0133681312040928,177.33757006474283,26.04367255441216,8.862936436686752,0.2242533092943184,10.0,8.366666666666667,0,0.1533594274858028
normal04.mp4,46,27.6,28.8,0.5951095605233975,11.059419423436111,0.3385525232058109,0.2930308984331281,9.71565183177749,38.33137496893787,254.7366214312536,0.4502516686916351,0.0127231022343039,10.342986407224714,-0.0772821847182567,19.67755458469003,0.0280195638152269,177.5095676683302,28.77253948310787,8.444550092654183,0.1482063944700035,12.0,9.733333333333333,0,0.061166085732466326
normal04.mp4,47,28.2,29.4,0.5563477306471694,11.059419423436111,0.3161528450829639,0.2274403016379808,9.71565183177749,14.032204538813287,277.1012479912851,0.5681661367416382,0.0117608355358242,10.342986407224714,-0.0534227682899854,19.67755458469003,0.0153319162233291,177.5095676683302,28.5098838550395,2.271089626297581,0.0988542121801601,12.0,10.233333333333333,0,0.052688141292397746
normal04.mp4,48,28.8,30.0,0.633718665331952,16.248797188084772,0.3236922162562192,0.2827636145427722,11.173031316050457,14.032204538813287,289.9607919037784,0.5681661367416382,0.0153884440660476,6.456216328570747,-0.1751646916460301,11.28703603959815,0.0757536773917544,174.79997476437006,28.53399260581508,11.173031316050457,0.1631289113648118,13.0,10.866666666666667,0,0.05049992162481183
normal05.mp4,0,0.0,1.001,0.6007030611820401,5.966456480118878,0.2083783764135025,0.2801140892093131,4.630998169588446,21.626825053902834,303.7089162524292,0.3511650860309601,0.0096720121800899,5.94097095851663,-0.2657327135062543,5.157674961792452,-0.011715229267519,167.97941570299125,29.65595578268924,2.2924914882925487,0.1407588933938771,13.0,10.133333333333333,0,0.10293087180370346
normal05.mp4,1,0.501,1.502,0.5861092137589199,5.966456480118878,0.1793412288099643,0.3009463552724608,4.630998169588446,22.872274454532494,284.69567401760804,0.3511650860309601,0.0154876429587602,5.94097095851663,-0.1853817812894796,5.157674961792452,-0.0029267515028073,165.15039918588784,32.87384219011233,2.2924914882925487,0.1521551576063364,13.0,10.633333333333333,0,0.28897010122777095
normal05.mp4,2,1.001,2.002,0.5746373913307835,3.0153211582003987,0.1455771292565912,0.2952507665906983,1.8736349291252987,27.48930998921605,283.0205116577143,0.3285625576972961,0.0131605081260204,2.342375248263636,-0.2240493885590845,2.613808036920119,-0.0126430569042403,161.0078110317058,30.90959669106879,1.8051036129624365,0.148290350779662,13.0,9.766666666666667,0,0.23187910311579776
normal05.mp4,3,1.502,2.502,0.7078157611197807,3.1897272582310143,0.1909176375973956,0.3263030610201712,1.7373241340907553,29.43909833463103,275.6172774237929,0.2650314569473266,0.0116509748622775,2.8809574524527197,-0.2906148946049878,2.248553075992163,-0.0211858206607862,175.87795724759414,24.701542811931724,1.7373241340907553,0.1631556112855654,12.0,9.233333333333333,0,0.1490839710618669
normal05.mp4,4,2.002,3.003,0.7600080173250083,3.1897272582310143,0.149911645252556,0.3532590952382091,1.7373241340907553,34.928724451985275,259.8384801226314,0.2293285280466079,0.0147987194359302,2.8809574524527197,-0.3153376203051087,2.248553075992163,-0.0174688033673794,175.87795724759414,28.63766487446845,1.7373241340907553,0.1815338910532039,12.0,9.0,0,0.20142375743326993
normal05.mp4,5,2.502,3.504,0.8435848763794742,6.331704066614326,0.276197295199935,0.4394222338014225,5.112790054455661,32.52750992351711,253.4158719013872,0.2637187540531158,0.0150637598708271,6.049733577521465,-0.4250709497985823,9.407508796296526,-0.0150803529986342,179.924060223703,30.22974916653999,4.43303335377248,0.2130494651874663,12.0,9.2,0,0.21417021454827842
normal05.mp4,6,3.003,4.004,0.8176033020174402,6.331704066614326,0.3081451342340303,0.4446216100972521,5.112790054455661,32.52750992351711,259.73869472472546,0.2637187540531158,0.0091777415946125,6.049733577521465,-0.4691291319937706,9.407508796296526,-0.0193057677965617,179.924060223703,28.846514917001755,4.43303335377248,0.2159593793357189,12.0,9.866666666666667,0,0.11480363056712334
normal05.mp4,7,3.504,4.505,0.6681187734344208,2.856452515584879,0.1776412394617131,0.3132840146875838,2.3986128641837103,34.87979723402959,283.03979130654767,0.231523796916008,0.0048228600062429,1.6407380753187797,-0.3778257326257207,1.7967344452288645,-0.0086173508489619,175.57552044891233,27.341369556982947,1.428334618685501,0.1576887847706319,12.0,8.533333333333333,0,0.20901441996875142
normal05.mp4,8,4.004,5.005,0.6428350717710829,3.39179965433949,0.1546685887640677,0.2776117503557789,2.230722077258645,37.6950094549939,294.5982368740027,0.1815890222787857,0.0062294634990394,3.4396178421669106,-0.2339573894397072,2.8982034315430667,0.01432036878912,178.72519378609138,26.033699575154447,1.606703327369156,0.1397587248402683,12.0,8.466666666666667,0,0.1470018379120467
normal05.mp4,9,4.505,5.506,0.6967053812080907,13.800516027602953,0.4612411988060922,0.3242253991534526,11.38607250377988,36.03125686352282,286.087395340522,0.1815890222787857,0.0101867523044347,3.876523483305476,-0.2947334104678172,2.8982034315430667,-0.1403745054626939,178.72519378609138,29.954583856873136,1.606703327369156,0.1304603677007154,12.0,8.633333333333333,0,0.21033613857891836
normal05.mp4,10,5.005,6.006,0.7553763609875472,13.800516027602953,0.4855711409449317,0.3993859161513892,11.38607250377988,36.03125686352282,283.1962021383728,0.177187904715538,0.0105624357238411,7.003072237768265,-0.3136624233070157,8.24140861995403,-0.1614188544205143,171.45889497131836,37.49647095547192,5.961511540600882,0.1663378134469903,11.0,8.333333333333334,0,0.35280927616611185
normal05.mp4,11,5.506,6.506,0.6521614036915203,6.83434266866627,0.226600830953456,0.3464770210187018,6.284898603359156,26.317697467743283,283.70778233947874,0.3087433278560638,0.0102490307763218,7.003072237768265,-0.0938196846882377,8.24140861995403,-0.0055412390242567,173.29649906653435,40.804315873872085,5.961511540600882,0.1778366426533774,12.0,9.366666666666667,0,0.3894718526529296
normal05.mp4,12,6.006,7.007,0.5387858105750828,1.652954062122457,0.1227361503422123,0.2324294882083953,1.269206735456391,26.317697467743283,270.8160468675743,0.3087433278560638,0.0128520224243402,1.895324986935293,-0.0685700997125935,2.752817770521574,0.0033907953283111,175.00220376463517,36.43171582618636,0.7717913774003587,0.1172542133984733,12.0,9.433333333333334,0,0.26029487845586524
normal05.mp4,13,6.506,7.508,0.6093557730608176,1.906811859039789,0.1698179282895858,0.2390968403473715,1.2302365231421428,18.99441563434142,273.04883569539936,0.4090906977653503,0.0156723707914352,2.510344106102366,-0.1812432779239047,1.5052244049888517,-0.011051601093481,175.00220376463517,27.769830542654454,0.8524288416572222,0.1103428060077975,12.0,8.8,0,0.15796231314670914
normal05.mp4,14,7.007,8.008,0.7203069298319332,3.399486285542138,0.1537622097740414,0.2926256259763803,3.1236294391674297,18.99441563434142,297.7088429666008,0.4090906977653503,0.0164734981954097,2.510344106102366,-0.2490713803609238,2.5558309465000093,0.012371549822992,179.1509468324207,23.424817299052084,1.3160230769161552,0.1437591533212346,11.0,8.433333333333334,0,0.12024690680801918
normal05.mp4,15,7.508,8.508,0.7178700765868999,3.399486285542138,0.1670307067892536,0.3137921985557708,3.1236294391674297,29.356239233609895,310.7173612530582,0.2728450894355774,0.0148490704596042,1.634284050406066,-0.3140073772548917,2.704656851874404,0.011675491455388,179.1509468324207,25.772132447995293,1.3160230769161552,0.1584375568886916,10.0,7.9,0,0.20037915013441346
normal05.mp4,16,8.008,9.009,0.7092228426044064,3.50362517405386,0.1685725156117105,0.3221688755832725,2.5719728627928475,22.93523337918537,293.84791431472297,0.3599354326725006,0.0163960196077823,2.0400821851181945,-0.4058861776484589,3.444312529837944,-0.0329365351772136,172.77156045832783,24.984983530290453,1.3897718248787012,0.1478604388738168,12.0,8.666666666666666,0,0.13439521931139278
normal05.mp4,17,8.508,9.51,0.7001077452157459,3.50362517405386,0.1698248210184156,0.347164041571977,2.2430448248197754,22.27675587821843,279.76227224918995,0.3763262629508972,0.02095877379179,2.895947790665048,-0.4176647931288413,4.660564368544385,-0.0015586330610739,172.95274499152393,29.105942320291327,2.2430448248197754,0.1746857044166067,12.0,9.1,0,0.2612823909338837
normal05.mp4,18,9.009,10.01,0.6937965232869249,2.581590861128242,0.163590167039461,0.3383152707240585,2.2430448248197754,22.27675587821843,278.0535634438028,0.3763262629508972,0.024928756058216,2.895947790665048,-0.3178688928466753,4.660564368544385,0.0467288118256221,173.3576052160928,35.34204097540756,2.2430448248197754,0.1760931976493956,10.0,8.5,0,0.667146243556352
normal05.mp4,19,9.51,10.511,0.6818120709668817,2.210279891163113,0.1411542793301639,0.2968995064628613,1.6050640939721288,24.8191511556121,281.67656454781275,0.3064054250717163,0.0254878140985965,1.83751219305168,-0.2057917800446332,1.7684209255988603,0.0179573943741622,176.04160608173586,33.00746222537587,1.055966738060832,0.1465144964991697,10.0,8.066666666666666,0,0.5569820831063513
normal05.mp4,20,10.01,11.011,0.6586451008672551,2.031145908366243,0.1351300387984907,0.2653142904019067,1.3091671902774902,18.17449932678784,295.6986848713683,0.387401819229126,0.0218493286520242,1.893601793863695,-0.2331733341518234,1.7684209255988603,-0.01802961780505,176.04160608173586,32.27999438318797,1.0075130945249111,0.1420056458159307,10.0,6.866666666666666,0,0.47224364544830616
normal05.mp4,21,10.511,11.511,0.6136904618503578,2.315824222104949,0.1452486436802004,0.2346266640124548,1.3043889924423837,18.038633177064877,287.8735429494042,0.3896955847740173,0.0209760162979364,1.893601793863695,-0.3039845892361908,1.4850393977520184,-0.0159534242753029,177.42168357202345,33.65565024759672,1.3043889924423837,0.1195413446060291,12.0,7.366666666666666,0,0.45823909597307855
normal05.mp4,22,11.011,12.012,0.6007888007971531,2.4706392732292866,0.1745433902416634,0.2194629074921925,1.3043889924423837,18.038633177064877,271.3797229700474,0.3896955847740173,0.0181506387889385,2.4120452120828304,-0.2538229066880611,3.446086712477438,0.0068074853554298,177.42168357202345,32.29344295738063,1.3043889924423837,0.1056285929037752,12.0,8.033333333333333,0,0.44757418017916106
normal05.mp4,23,11.511,12.513,0.6527943793455585,6.463796462343372,0.1920246755770686,0.2984025926346031,3.458677343387272,5.198450376006227,273.9616103550744,0.6188046932220459,0.0147990146651864,3.327957687667549,-0.2733910759452796,3.446086712477438,0.0236256248715088,177.47051269247302,32.50770687118522,3.093258643536461,0.1524943897933317,11.0,8.633333333333333,0,0.5710000472617782
normal05.mp4,24,12.012,13.013,0.6123198460312966,6.463796462343372,0.1501017187430614,0.305055293767234,3.458677343387272,5.198450376006227,281.9661368900537,0.6188046932220459,0.014867658726871,3.327957687667549,-0.2169661676281455,4.391137918158336,0.0209621879340142,177.47051269247302,33.76574169407109,3.093258643536461,0.1569541339428089,11.0,9.5,0,0.42324282077136405
normal05.mp4,25,12.513,13.514,0.5510947223514262,3.833633610640079,0.100650803440684,0.2497308494951632,1.9336280617550372,28.04099396601632,266.82861859490447,0.2961694002151489,0.0135547025129199,3.880891622952895,-0.1292255691365206,4.391137918158336,0.0071844117955113,178.20157902200583,34.31423630809065,1.9336280617550372,0.119987403268763,10.0,9.233333333333333,0,0.4211564502361197
normal05.mp4,26,13.013,14.014,0.5448618323484767,3.833633610640079,0.0963129627317532,0.2432651351990445,1.549287331985352,21.50590724550424,245.16619265107363,0.3374126553535461,0.0139995273202657,3.880891622952895,-0.1543154689251135,2.991047576729894,-0.0014321013595285,178.20157902200583,31.61423544093218,1.4730386597516445,0.1173506403173703,11.0,9.666666666666666,0,0.2853885611889329
normal05.mp4,27,13.514,14.514,0.4810221170925588,1.9342844268981911,0.0919739920988725,0.1961937772572275,1.549287331985352,21.50590724550424,244.20885559910477,0.3374126553535461,0.0151452282443642,1.3739752646776324,-0.1607206781164695,1.560456202310064,-0.0044442927903981,178.14061396018053,28.4712469949065,1.4430151196557344,0.0999368666214259,11.0,9.833333333333334,0,0.04811838028402721
normal05.mp4,28,14.014,15.015,0.4401168388122193,2.701809283149363,0.065745835764335,0.1685342791603823,0.76103524764686,29.53297902683121,241.12495438075712,0.2739297747611999,0.0163663644343614,2.442823417366128,-0.1634740159419862,1.568133004265036,-0.0100245808219731,169.43838204053094,29.97695640770282,0.76103524764686,0.0927001470057538,13.0,10.166666666666666,0,0.08841858558617438
normal05.mp4,29,14.514,15.515,0.5361483223966738,5.960193155484827,0.1473774670625192,0.1902362743903017,1.1521642484565482,25.907226864650543,235.53927702197117,0.3546567559242248,0.0163281075656414,5.783727727778199,-0.2318739419956422,2.1917392388345007,-0.007726041575363,178.34293526294965,27.63789338219146,1.1521642484565482,0.0989636993897499,13.0,10.566666666666666,0,0.04609538941341025
normal05.mp4,30,15.015,16.016,0.560108420177157,5.960193155484827,0.1506623378226082,0.2251291456526976,2.82775005453032,24.93649981678549,249.7513208259358,0.368170827627182,0.0114889806136488,5.783727727778199,-0.2897694674266987,2.66048344704501,0.0027230567716509,178.34293526294965,27.5031821965652,2.82775005453032,0.1160414763477231,13.0,9.866666666666667,0,0.07445077216585717
normal05.mp4,31,15.515,16.517,0.5490738548048414,4.605478955400927,0.1520101236443665,0.2475855893039327,3.811379145684855,24.93649981678549,260.91303320160125,0.368170827627182,0.0095401760190725,2.8802090012103463,-0.2920621479422658,2.66048344704501,3.6096828157494826e-05,178.80276067902005,32.18597167732649,2.82775005453032,0.1246930701684153,12.0,8.666666666666666,0,0.3891577355165985
normal05.mp4,32,16.016,17.017,0.5213317635209822,4.605478955400927,0.1576039247415264,0.2150722998231839,3.811379145684855,30.943009384238007,251.4788863985281,0.1992365568876266,0.0117268310859799,2.446679186441102,-0.1852806450525098,2.0979841530968315,0.0194970663399437,178.80276067902005,34.5735908356639,2.3654610374608014,0.1009471503534766,10.0,8.366666666666667,0,0.4609355868709462
normal05.mp4,33,16.517,17.518,0.5438043120866712,2.684384472835336,0.1218519616288849,0.2081177019676875,1.3686962172196693,27.911167755394043,246.57340360501263,0.322637677192688,0.0117306923493742,2.249602316792106,-0.1546500059256703,3.1982667050125717,0.0277586649076404,169.68386256110324,32.02363412401782,1.20598044410711,0.1046067030993668,13.0,9.7,0,0.2140042860091711
normal05.mp4,34,17.017,18.018,0.6308115341624424,3.474494438189528,0.1265881172232265,0.2474846988584509,2.408736610507751,27.911167755394043,264.66719206367634,0.322637677192688,0.0147603517398238,2.249602316792106,-0.3404487552980909,3.1982667050125717,0.0041814347326784,170.9148348080744,34.58505347296092,1.459992202697327,0.1194042558332844,13.0,8.8,0,0.3263154491072472
normal05.mp4,35,17.518,18.518,0.5858315376836961,3.474494438189528,0.1645686317226108,0.2590621416111481,2.5794071060930115,38.77720495748722,279.9413036772467,0.29880291223526,0.0157177541404962,1.379210216747197,-0.2732756744568023,3.6132467336764194,-0.0086723833395067,170.9148348080744,35.61149477182928,2.5794071060930115,0.1226604165511536,8.0,6.6,0,0.6594227300545152
normal05.mp4,36,18.018,19.019,0.5937152378954969,2.8847965774815867,0.1521479380596654,0.2725518645386378,2.5794071060930115,43.69760363175731,282.7871040953567,0.1427960246801376,0.0101788835600018,1.159428429039167,-0.2651642245593587,3.6132467336764194,-0.0024026103060532,164.58632962456522,29.52075143710599,2.5794071060930115,0.1375256132099926,9.0,7.0,0,0.34829915070044337
normal05.mp4,37,18.518,19.52,0.6331213623528121,2.510192780194745,0.1383509235188881,0.2633771890070347,2.2717564737248885,23.641547639545124,284.9432522482595,0.3875867426395416,0.0101279281079769,2.681489158849814,-0.3644777384215663,4.688560807014255,0.0156786798235108,163.89013318623765,27.66384973446687,2.2717564737248885,0.131942532353751,11.0,8.133333333333333,0,0.12624591389614895
normal05.mp4,38,19.019,20.02,0.6170928433282936,2.504187329588784,0.124538042873918,0.2243462795731156,1.735827927963002,23.641547639545124,286.7816090896561,0.3875867426395416,0.0117510985583066,2.681489158849814,-0.3132647204027244,4.688560807014255,0.0047045120068778,163.3710646081215,25.25587020846951,1.735827927963002,0.1126445302906949,11.0,7.9,0,0.07159276274398448
normal05.mp4,39,19.52,20.521,0.6814898593313745,4.232159665852837,0.205549893309039,0.2390552480269906,1.541874390181034,43.18142208652281,272.1239849424645,0.1600727289915084,0.007614511065185,4.120049453313214,-0.2595215590208817,2.219132424298664,-0.008755040422695,142.47377669988987,23.179678828499156,1.541874390181034,0.1351096088155289,8.0,6.5,0,0.2130421332853274
normal05.mp4,40,20.02,21.021,0.668477123944572,4.232159665852837,0.2085590881710016,0.2395070732552721,1.541874390181034,51.777527130535006,272.92733115135326,0.1163200139999389,0.0029506827704608,4.120049453313214,-0.1556613561186191,2.219132424298664,-0.0197723182793089,136.95169394171933,21.19450177515676,1.541874390181034,0.1311119861395326,7.0,5.233333333333333,0,0.2363104470239418
normal05.mp4,41,20.521,21.521,0.5775302404763584,2.244483806143206,0.1036881696678989,0.2065417804604118,1.254549287671631,28.958673565633493,307.36852226015145,0.3231204450130462,0.0016726907342672,1.1363242650468948,-0.1757939176039218,1.0214928478014826,-0.0087504673265223,140.60701842013296,20.40997995158959,1.0579255271553407,0.0938442730048556,7.0,5.533333333333333,0,0.08020760563868318
normal05.mp4,42,21.021,22.022,0.7639836889099333,6.568531658273682,0.3403835086005613,0.357268729364012,5.994117833916682,28.958673565633493,307.4992418875692,0.3231204450130462,0.0031958594918251,2.7062677592578552,-0.2203946316857369,6.636034860783013,-0.0150230644543381,176.26550134588044,27.356523646383906,2.460109594828199,0.1652948639252592,7.0,6.433333333333334,0,0.31753740951668097
normal05.mp4,43,21.521,22.523,0.8313241571604735,6.568531658273682,0.3020862300675427,0.3957146571836704,5.994117833916682,40.78477244096756,256.0966162532993,0.2065314352512359,0.0060823517851531,2.7062677592578552,-0.2195027109190607,6.636034860783013,-0.0224701212453686,178.3431115894398,33.578545347828715,2.460109594828199,0.1976170748309708,8.0,6.766666666666667,0,0.7091005448063475
normal05.mp4,44,22.022,23.023,0.711994733549403,9.766487181988984,0.2437865821735666,0.3500944040114007,9.139314687142138,40.78477244096756,219.35135387955,0.2065314352512359,0.0050680735148489,1.2488449096841236,-0.3360132313975776,3.405623088524777,0.0204937116401889,178.3431115894398,32.40899543308193,5.742870994125298,0.1836588231049211,9.0,6.766666666666667,0,0.5148401985875509
normal05.mp4,45,22.523,23.524,0.7168986284717748,9.766487181988984,0.2561401510114215,0.3240304291679654,9.139314687142138,19.326478251264252,222.0915717106204,0.3643759787082672,0.0064460872672498,1.2488449096841236,-0.534898939564078,3.405623088524777,0.0029270793509453,170.91288880405094,25.515808223840505,5.742870994125298,0.1601151264246574,9.0,6.2,0,0.16229214203674922
normal05.mp4,46,23.023,24.024,0.7710184208469077,8.81763006053373,0.27470161331022,0.3651280737045546,7.997989396642064,19.326478251264252,220.18781485266257,0.3643759787082672,0.0112553723156452,8.939973119874196,-0.5708016661932683,9.82658835191006,0.015263783456754,176.00525474277532,25.767459058822627,5.016930901411881,0.1829015291909413,10.0,6.766666666666667,0,0.21714770212526166
normal05.mp4,47,23.524,24.524,0.7785779706489582,8.81763006053373,0.2720918767631538,0.3982233654953606,7.997989396642064,23.37185946423106,217.5558899620237,0.3422673344612121,0.0112544894218444,8.939973119874196,-0.4289492034481846,9.82658835191006,0.0087236360289678,176.00525474277532,34.26187922480973,5.016930901411881,0.20554451377499,10.0,7.6,0,0.588250395596346
normal05.mp4,48,24.024,25.025,0.7885026428761202,3.744523348845717,0.2038480784752516,0.328234584235164,3.143443719509649,20.702944531283947,224.5794365175622,0.3852041959762573,0.0114105846732854,2.630889866780535,-0.2969587170517255,5.3004341035351,-0.0230964782286722,178.16975005722978,30.26812814608322,1.9324986075605504,0.1596594973421453,10.0,7.0,0,0.5448498684380654
normal05.mp4,49,24.524,25.526,0.9280635611527096,9.021715564711778,0.3198229449019333,0.3689294643943991,8.141840601801432,20.702944531283947,250.18663555974945,0.3852041959762573,0.0091064106673002,9.076904035808951,-0.291421773852499,15.971228582851232,0.0078159251926786,178.16975005722978,25.23348862674324,2.4518363679838133,0.1578820135098339,8.0,6.1,0,0.21555643692016357
normal05.mp4,50,25.025,26.026,0.872896038758014,9.021715564711778,0.3218341481070452,0.3237496432607399,8.141840601801432,7.543893953228782,273.8832645801488,0.6156906485557556,0.0097102914005517,9.076904035808951,-0.2714849707619491,15.971228582851232,0.0052404499598073,176.91909049071785,24.945899273168056,2.4518363679838133,0.1474077498689872,9.0,6.333333333333333,0,0.2201438945876297
normal05.mp4,51,25.526,26.527,0.88680995819411,7.235479271222859,0.2811301509921174,0.369488429936177,4.938281418998937,7.543893953228782,266.4381095578594,0.6156906485557556,0.0097961844876408,7.159604014177106,-0.08934898208207,5.448361481743021,-0.0448853150782781,178.95546296291928,30.851101216629296,3.348130914980173,0.1916723106753302,11.0,7.666666666666667,0,0.39910523117726626
normal05.mp4,52,26.026,27.027,0.9674535916666424,7.235479271222859,0.2432108511326003,0.4386391136322964,4.938281418998937,22.641861383607267,267.2722972645536,0.2964498698711395,0.0040887449868023,7.159604014177106,-0.0433554233872114,5.448361481743021,-0.0404408932343923,178.95546296291928,29.42603169600178,3.348130914980173,0.2240361967500242,11.0,7.7,0,0.32275382423390375
normal05.mp4,53,26.527,27.527,0.8774421118048402,4.191783437106575,0.1953426926216279,0.4221810760932268,2.545527532167829,22.641861383607267,287.4151454365681,0.2964498698711395,0.0034826502669602,3.5587835018652783,-0.1720975228014556,3.84391168844536,0.0187709706314719,174.87078623446138,22.054393046879945,2.545527532167829,0.234764772535692,10.0,6.233333333333333,0,0.27293793885201284
normal05.mp4,54,27.027,28.028,0.835039457623754,3.059672110526734,0.2101041729717341,0.4427156036240811,2.3471489215174706,26.019587275263348,287.19521915423115,0.3426060974597931,0.0087703438475728,3.5225365176746664,-0.2580160181963483,3.84391168844536,0.045177331393122,174.87078623446138,29.528266467616223,2.3471489215174706,0.241087628748607,12.0,6.6,0,0.3204124750454028
normal05.mp4,55,27.527,28.529,0.7622862891997172,3.7392486062562935,0.2055047692123352,0.4057640524971876,2.8205831505968773,9.548332966173154,248.43101874320303,0.6456954479217529,0.0117112761363387,4.025890594013092,-0.0308225679830601,3.8826999277764154,0.0532444803552689,178.22862117295367,34.41700876924098,1.932057674918995,0.2056302579820086,12.0,8.266666666666667,0,0.5517409360172568
normal05.mp4,56,28.028,29.029,0.7145269005004589,3.7392486062562935,0.1886743515747443,0.3274206769561307,2.8205831505968773,9.09049126667498,216.0699720218693,0.6712559461593628,0.0133342193439602,4.025890594013092,0.0757150608068628,3.8826999277764154,0.0102205998525749,178.25065973168347,31.956686820806173,1.6309153003988,0.1591365978343306,12.0,9.166666666666666,0,0.4951395375703771
normal05.mp4,57,28.529,29.53,0.691295816882061,3.399476925521544,0.1824049008311984,0.3010239666858771,2.1729936316420697,9.09049126667498,213.69556171347463,0.6712559461593628,0.0143019100651144,3.213412355710432,0.0461718207879638,3.0814250306981847,-0.0300701075584263,178.25065973168347,32.3952712976464,1.60043408414113,0.1426696262235157,12.0,9.433333333333334,0,0.4598154266068948
normal05.mp4,58,29.029,30.03,0.6635655706764235,3.399476925521544,0.1438069028299313,0.3045057464793853,2.1729936316420697,29.40823479201193,209.62435905041596,0.3039165735244751,0.0119800381362438,3.213412355710432,0.1152963907232949,3.0814250306981847,0.0012042124371144,167.16868028218127,34.550420824808015,1.725309284469554,0.1508774035013156,12.0,9.866666666666667,0,0.34823927088002327
normal05.mp4,59,29.53,30.53,0.7048123265278463,2.398688199371612,0.1219566700397594,0.3009626996816832,2.0740961198480754,31.637634801903165,207.83204917806967,0.1997939646244049,0.0075908289290964,2.2859928517946173,0.0556094025061566,2.0567185755280377,0.0108743554313316,174.40957653450937,33.30297833520285,1.725309284469554,0.1427636099926484,12.0,9.7,0,0.3173416786290295
normal05.mp4,60,30.03,31.031,0.7182732272570916,2.398688199371612,0.1183708941154816,0.2660193716313553,2.0740961198480754,29.87768305893195,215.7965893576128,0.1997939646244049,0.005850120447576,2.683126494207442,-0.0113043967955616,2.2813041415041084,-0.0070220846203208,177.2694800054039,30.379890178179235,1.6084699118153156,0.1287240051569564,12.0,9.466666666666669,0,0.2393396655699961
normal05.mp4,61,30.53,31.532,0.6979153149069907,4.064584090305632,0.115534228556459,0.2771052654925481,2.0222203736393247,11.680765885426824,208.95984090585625,0.6186796426773071,0.0121934991329908,2.8813338692624626,-0.0960038453399708,2.2813041415041084,0.0001524228847093,179.860569928906,30.206890287450545,1.9223381929052736,0.1406890684032168,12.0,9.666666666666666,0,0.1859752547527486
normal05.mp4,62,31.031,32.032,0.7037728497921237,4.064584090305632,0.1142891903482519,0.3073158647674736,2.0222203736393247,11.603385102995988,202.48275512076123,0.6186796426773071,0.0182327684015035,2.947534407484113,-0.0938534940915662,2.498722525361927,0.0153234334178081,179.860569928906,30.396016157771157,1.9223381929052736,0.1580344423625626,12.0,9.466666666666669,0,0.17674257196961224
normal05.mp4,63,31.532,32.532,0.6798302973747289,3.019820160787961,0.1246357608670526,0.2661311804924792,1.913798715556993,11.603385102995988,209.12507978549075,0.5290250778198242,0.0172918699681758,2.947534407484113,-0.1505893304657332,2.498722525361927,0.0040721516420443,159.33537752659268,27.510006292727496,1.3480392693817596,0.1413191664744565,11.0,8.6,0,0.13380637217722158
normal05.mp4,64,32.032,33.033,0.7295599622483028,3.5023385903267057,0.1944779848776466,0.3138221889475336,2.155952876494012,30.881356786249604,193.39255449160316,0.2610984742641449,0.0178644023835659,2.1615044686770943,-0.3382344147312476,1.7855325785819858,-0.0208960816169028,169.8062084944794,24.482057678315304,1.660247281454901,0.1543633645352603,10.0,7.733333333333333,0,0.237924913521776
