video,window_id,window_start_sec,window_end_sec,mean_speed,max_speed,speed_std,mean_acceleration,max_acceleration,min_pair_distance,mean_pair_distance,max_iou,mean_iou,max_approach_rate,mean_approach_rate,max_approach_acceleration,mean_approach_acceleration,max_direction_change,mean_direction_change,max_speed_drop,mean_speed_drop,max_vehicle_count,mean_vehicle_count,label,oof_probability,oof_prediction_050,oof_prediction_035,oof_prediction_030
accident01.mp4,0,0.0,1.0,0.4368597694695022,3.0,0.2896498070157841,0.4144745223305381,2.23606797749979,0.0,548.4553267075554,0.969351589679718,0.0164457549806684,2.716504271459584,-0.0668399598079291,3.603252015678521,0.006872303553175,180.0,45.9637542647565,2.23606797749979,0.2217339231599355,8,6.566666666666666,0,0.4749910807621873,0,1,1
accident01.mp4,1,0.5,1.5,0.3217270722316743,2.0,0.1917046030133034,0.3622475555393591,2.23606797749979,1.0,226.1020358472776,0.969351589679718,0.0102229434996843,2.716504271459584,-0.0529173123715671,2.49605622567411,-0.0232964025593068,180.0,26.5,2.23606797749979,0.1881027515558164,8,6.5,0,0.6875866362845343,1,1,1
accident01.mp4,2,1.0,2.0,0.3468210514373427,3.0,0.2333256111813455,0.3586632361855967,3.0,43.04648650006177,231.11418765882408,0.0296540819108486,0.0014175464166328,3.1200559153050165,0.0336342673272788,2.722450698383099,-0.0051404361592784,180.0,28.6355017059026,3.0,0.1717697218356184,8,6.133333333333334,0,0.712831823924745,1,1,1
accident01.mp4,3,1.5,2.5,0.4475587271189539,3.0,0.2840469297559093,0.4774728829076544,3.0,43.10452412450461,246.31943840188947,0.0275347586721181,0.0006149038672447,3.1200559153050165,0.1777206953048909,2.722450698383099,0.0463099294673857,180.0,47.2137542647565,3.0,0.2286583915900029,8,5.666666666666667,0,0.5805930062228871,1,1,1
accident01.mp4,4,2.0,3.0,0.5803664660633053,2.23606797749979,0.2956809472289761,0.5486718451268727,2.23606797749979,43.18564576337837,266.6384576429313,0.0275347586721181,4.3705967982532457e-05,2.957173525927317,0.4391000152319835,2.6411887451286304,0.0299584544398048,135.0,37.5420068236104,2.23606797749979,0.2640978273253411,7,4.433333333333334,0,0.4456288536365332,0,1,1
accident01.mp4,5,2.5,3.5,0.7361646248193703,3.0,0.3032199762659994,0.6048621984048151,3.0,7.071067811865476,263.07277901257044,0.6610732674598694,0.0035366292577236,3.908155134656084,0.6251024961970034,3.908155134656084,0.0203636141613308,90.0,21.713754264756503,2.23606797749979,0.297860031390542,6,4.3,0,0.27440377723123227,0,0,0
accident01.mp4,6,3.0,4.0,0.8670031097801075,3.1622776601683795,0.3217440210839254,0.5817264864022538,3.0,7.071067811865476,252.85425526249435,0.6610732674598694,0.0041298856958746,4.114309868331276,0.7002804510776137,4.0664044009532745,0.0084226016468253,180.0,27.77416382349567,3.0,0.2854046651356491,6,4.966666666666667,1,0.4791111330587649,0,1,1
accident01.mp4,7,3.5,4.5,1.2429262966213055,12.806248474865695,0.7100465513704436,0.6762484459693355,7.988226701645779,1.0,242.5159075576644,0.9892852902412416,0.0026399448979645,15.36960379352618,0.9900311304216458,8.589060857942684,0.0235864659425069,180.0,28.7855233164574,7.188111704669532,0.3153208499985481,8,6.0,1,0.35566783047813255,0,1,1
accident01.mp4,8,4.0,5.0,1.116281904426056,12.806248474865695,0.7776014306251062,0.66795950701228,7.988226701645779,1.0,234.81098357803072,0.9892852902412416,0.0039335559122264,15.36960379352618,0.7692563049351923,8.589060857942684,0.0213251807096466,180.0,31.558652757702017,7.188111704669532,0.3197001848140723,8,6.366666666666666,1,0.36861755964184534,0,1,1
accident01.mp4,9,4.5,5.5,0.7103805029548416,6.082762530298219,0.3431440763151786,0.5600690650751314,5.082762530298219,2.23606797749979,225.25831340676064,0.6786849498748779,0.0038765536155551,5.801789156205857,0.1788311229789677,8.060142883970286,-0.0469305239404357,180.0,57.38762773534202,4.082762530298219,0.3047980811670615,9,6.7,1,0.18734252050377323,0,0,0
accident01.mp4,10,5.0,6.0,0.589175380023376,6.082762530298219,0.3409872565466964,0.5062302828269362,5.082762530298219,2.23606797749979,213.0115922191352,0.6786849498748779,0.0038068746216595,5.801789156205857,0.0880930687673857,8.060142883970286,-0.0606593508671041,180.0,65.42174742102246,4.082762530298219,0.276368153957903,9,7.4,1,0.4456737858571175,0,1,1
accident01.mp4,11,5.5,6.5,0.3350037860202342,5.0990195135927845,0.2356189956179306,0.3544610616465036,2.23606797749979,3.605551275463989,220.77426767357508,0.6117008924484253,0.0029008775018155,5.09491845480548,0.0356281756619555,5.089600971086952,-0.0275257853913706,180.0,41.83141295042073,2.23606797749979,0.188306293356812,9,6.766666666666667,0,0.5696531939009158,1,1,1
accident01.mp4,12,6.0,7.0,0.2302718682793187,2.0,0.1497395696849192,0.2684596187308737,2.0,38.07886552931954,231.4299250901253,0.0296746883541345,0.0022213908378034,1.9909678091134424,-0.0680745308808278,1.9985304149754484,0.0009599377945988,180.0,26.25,1.4142135623730951,0.1327909250547296,8,5.866666666666666,0,0.5623650421741977,1,1,1
accident01.mp4,13,6.5,7.5,0.216553791842136,2.0,0.1285631193226209,0.22620282177951,2.0,38.07886552931954,226.659950499874,0.0302875488996505,0.0020299358293414,1.9470248404795143,-0.1113809269037811,2.9964625233430127,0.0119468404227169,180.0,37.5,1.0,0.116633156921501,7,6.0,0,0.5528687661791158,1,1,1
accident01.mp4,14,7.0,8.0,0.166948681793117,2.0,0.1329531236306994,0.1882177213750402,1.4142135623730951,39.0,217.8338895198252,0.0302875488996505,0.0015576030127704,1.9454488132961103,-0.1005057476942895,2.9964625233430127,-0.0037263399899087,180.0,33.0,1.4142135623730951,0.1002256121011602,7,6.633333333333334,0,0.6110546086521993,1,1,1
accident01.mp4,15,7.5,8.5,0.1486947135391486,1.4142135623730951,0.1167746322908698,0.1739320070893259,1.4142135623730951,45.22167621838005,201.46782681656487,0.0279662255197763,0.0007064555538818,1.9767351364683563,-0.1079031199488313,1.9780062455902796,0.0014876769949892,90.0,10.5,1.4142135623730951,0.0803843422598903,7,6.5,0,0.5450779924883734,1,1,1
accident01.mp4,16,8.0,9.0,0.1634912618041455,1.4142135623730951,0.1387861655889551,0.2236491902749576,1.4142135623730951,43.93176527297759,191.62770758561504,0.0258842781186103,4.108615758013912e-05,1.9767351364683563,-0.0701647737378465,2.957116502336973,0.0065236974005504,180.0,12.0,1.4142135623730951,0.1146023729152566,7,5.8,0,0.6120231739230936,1,1,1
accident01.mp4,17,8.5,9.5,0.2075695846892172,1.4142135623730951,0.1794322145981945,0.3035279380141355,1.4142135623730951,35.73513677041127,202.77253635685528,0.0269511006772518,9.998727182392032e-05,1.958452156396561,-0.0311418403913453,2.957116502336973,0.0100967344031131,180.0,15.75,1.4142135623730951,0.1561410132606457,7,5.766666666666667,0,0.6175090519865765,1,1,1
accident01.mp4,18,9.0,10.0,0.2752450353335549,2.0,0.1856104199127893,0.3581077497192761,2.0,29.546573405388315,200.56119728153288,0.0269511006772518,0.0001288684870814,1.994982472503409,-0.0728893732189934,2.162964508352786,0.0053724403883659,180.0,19.5,2.0,0.1766961679722423,7,6.266666666666667,0,0.5981674484907923,1,1,1
accident01.mp4,19,9.5,10.5,0.291214710136662,2.23606797749979,0.181258733132076,0.33603341388936,2.0,22.47220505424423,202.643919262749,0.0330295749008655,0.0004884769441559,2.2327772257286824,-0.0358114400316781,2.858309132942736,-0.0097449280933362,180.0,34.3282525588539,2.0,0.170471656030768,7,6.366666666666666,0,0.590004806938155,1,1,1
accident01.mp4,20,10.0,11.0,0.2523491841458071,4.0,0.2144587678160547,0.3168512292689628,4.0,21.633307652783937,224.7330782529912,0.0330295749008655,0.000494577572681,3.913020331182338,0.0856756904223095,3.913020331182338,0.0090885436173254,180.0,33.5782525588539,4.0,0.1531708704170987,7,5.466666666666667,0,0.5991420696138802,1,1,1
accident01.mp4,21,10.5,11.5,0.2616176045807952,4.0,0.2292322946157697,0.3643626743013254,4.0,21.633307652783937,225.6436617621169,0.0220385231077671,3.498178193694912e-05,3.913020331182338,0.0933391249869436,3.913020331182338,0.0121289904122783,180.0,36.0,4.0,0.1827287156919063,7,4.866666666666666,0,0.6032186977287931,1,1,1
accident02.mp4,0,0.0,1.0,0.4315685424949238,3.0,0.2876848994830793,0.584780623567435,3.0,37.01351104664349,184.43848714765488,0.0,0.0,2.9961563226666925,0.3015389423036114,3.994939037212703,-0.0180474888740262,180.0,44.25,1.5857864376269049,0.3009340227039622,5,4.2,0,0.3237658331366172,0,0,1
accident02.mp4,1,0.5,1.5,0.4219334615224195,3.0,0.2833821339264305,0.5341624578050972,3.0,33.13608305156178,203.1088361362644,0.0,0.0,2.9961563226666925,0.1741655022333383,3.994939037212703,-0.041396932867648,180.0,54.0,1.5857864376269049,0.2717360509339043,6,4.566666666666666,0,0.4911181137987426,0,1,1
accident02.mp4,2,1.0,2.0,0.8006819410576764,9.486832980505138,0.4855264726610777,0.5585917465259356,2.7082039324993694,3.0,207.77164444715672,0.7169216871261597,0.0084391022101044,9.483963664816995,0.6899526010903079,4.134704271464329,-0.0543567000087505,180.0,45.85790358806141,2.23606797749979,0.2792520797712854,7,5.433333333333334,0,0.6361961800030209,1,1,1
accident02.mp4,3,1.5,2.5,1.4930217955572849,14.7648230602334,0.9067061074050018,0.7034254654913675,7.278028848742171,2.23606797749979,195.0187510325017,0.848436176776886,0.0131562100723385,14.993458349916352,1.8409554276745856,7.691364622142515,0.0250020008660064,180.0,34.49530024912014,7.278028848742171,0.3316001153976337,7,5.866666666666666,0,0.44053296681088244,0,1,1
accident02.mp4,4,2.0,3.0,1.8428566891760112,14.7648230602334,0.8750959634305759,0.7541559411457595,7.278028848742171,2.23606797749979,199.55696386562155,0.848436176776886,0.0077671585604548,14.993458349916352,1.8767169804797608,7.691364622142515,0.0197599241729689,180.0,28.49723716811909,7.278028848742171,0.3625688182748599,6,4.933333333333334,0,0.4529213494061588,0,1,1
accident02.mp4,5,2.5,3.5,1.7502478203353278,7.615773105863909,0.5292874307087299,0.7704654341691065,4.324555320336759,35.0142828000232,213.6811254583252,0.0702813491225242,0.00500372890383,7.474227049496704,1.2172194493777355,3.098035963900884,-0.0855352758435643,180.0,31.90637498298186,4.324555320336759,0.3858220937309899,7,4.7,0,0.27879388219661794,0,0,0
accident02.mp4,6,3.0,4.0,2.037275663318783,6.324555320336759,0.662861500917548,0.7403535460569828,4.324555320336759,46.86149805543992,556.2931214761533,0.0702813491225242,0.0020834720654723,7.16551010292909,2.101300478732365,3.098035963900884,-0.223287394354168,180.0,27.56067861318167,4.324555320336759,0.3706616438407877,7,4.166666666666667,0,0.24171256974263036,0,0,0
accident02.mp4,7,3.5,4.5,2.4577211998194164,8.246211251235321,0.6294437622425787,0.7202294217383963,3.594883917345511,53.25410782277739,596.7698577556122,0.0233629923313856,0.000129794399254,8.125981005496953,2.9501481351774186,3.497549994741746,-0.0009572632867339,180.0,22.04925995702156,3.594883917345511,0.3620267205780907,5,3.4,0,0.15722088620730182,0,0,0
accident02.mp4,8,4.0,5.0,2.61076226832517,8.246211251235321,0.6501146753342529,0.7557643908397395,6.585786437626905,52.392747589718944,249.96548066547203,0.0,0.0,13.099668463402908,2.897798833654901,8.109759018378213,0.0634097812001115,180.0,22.34281347915369,3.594883917345511,0.3614308894081071,6,4.133333333333334,0,0.20708788237945258,0,0,0
accident02.mp4,9,4.5,5.5,2.010316433072852,8.0,0.8683694312431408,0.5880985849680523,6.585786437626905,41.340053217188775,204.83764901920205,0.1343625485897064,0.0006817794637754,13.099668463402908,2.1209950336761425,8.109759018378213,-0.1532406126028904,168.6900675259798,16.52695537139983,3.492667480246248,0.3003442078114576,7,4.8,1,0.430906045023327,0,1,1
accident02.mp4,10,5.0,6.0,1.1866658824401006,4.47213595499958,0.3106094599765996,0.4439715610718156,1.6055512754639891,0.0,204.2769137608701,0.9710394740104676,0.0058959191665053,4.188610221304657,1.100801896263793,2.13422419430168,-0.0534425330201382,135.0,21.2990590091204,1.6055512754639891,0.2413509604518745,7,5.233333333333333,1,0.5002415537160597,1,1,1
accident02.mp4,11,5.5,6.5,0.9422133809117526,3.605551275463989,0.2877619585382759,0.4526450517590964,2.0,0.0,196.1714936868568,0.9916295409202576,0.0249637756496667,3.112498309668638,0.6900961059570786,3.1587487720718315,-0.0138302815571772,180.0,30.59476375304415,2.0,0.2368780604251321,8,5.833333333333333,1,0.5298989681541502,1,1,1
accident02.mp4,12,6.0,7.0,0.8400546806933132,5.656854249492381,0.2733791454415496,0.5296982997121621,3.1231056256176606,0.0,193.88646440571827,0.9916295409202576,0.0424146987497806,5.654994800524889,0.4237669563828828,3.1587487720718315,-0.005459137421312,180.0,41.84067472324634,3.1231056256176606,0.2639777631085985,9,6.6,1,0.6570973930030247,1,1,1
accident02.mp4,13,6.5,7.5,0.9062665612308272,5.656854249492381,0.3499328420311441,0.6662483137002847,3.1231056256176606,0.0,211.5640477392267,0.9981393814086914,0.0430983491241931,6.004215599019403,0.5595894475172892,3.9992080972293422,0.0016517061183676,180.0,39.89303746995054,3.1231056256176606,0.3361196813554297,9,6.933333333333334,1,0.30701646339251737,0,0,1
accident02.mp4,14,7.0,8.0,1.0742400396854204,6.082762530298219,0.3692116237043988,0.6390172272692218,3.0,0.0,217.02195987611,0.9981393814086914,0.0233646668493747,6.104511549325707,0.8598891843757259,3.9992080972293422,-0.0119371409767441,180.0,34.78644971919001,3.0,0.3320739326343471,8,6.566666666666666,1,0.3282492311242186,0,0,1
accident02.mp4,15,7.5,8.5,1.1117997500472852,6.082762530298219,0.298451865659203,0.4823874608978474,1.936741853424405,0.0,217.47340585137303,0.9721554517745972,0.0304711386561393,6.104511549325707,1.1183736094363572,2.20932899923622,-0.0765541830510978,180.0,32.00124991540306,1.6106265752986395,0.2430459010177552,7,5.533333333333333,1,0.5454887435899906,1,1,1
accident02.mp4,16,8.0,9.0,0.9824179145466992,6.324555320336759,0.2926057462860416,0.5693961931824706,5.324555320336759,0.0,229.01762118380765,0.9721554517745972,0.0282767172902822,6.323222033890744,0.792289113213666,10.439414470621202,-0.0506321738031952,180.0,33.787886514046946,5.324555320336759,0.302658291788252,7,4.833333333333333,0,0.592987753454673,1,1,1
accident02.mp4,17,8.5,9.5,0.924200431886684,6.324555320336759,0.2901711631363933,0.6798865765036347,5.324555320336759,3.1622776601683795,170.48598819902938,0.7064498066902161,0.002306843874976,6.323222033890744,0.5561815423716339,10.439414470621202,0.0085225822386077,180.0,40.77868473863812,5.324555320336759,0.3622454862687876,7,4.633333333333334,0,0.26123103306367457,0,0,0
accident03.mp4,0,0.0,1.0,4.165301519692699,14.212670403551895,1.6913028818090674,1.8084748125911203,9.97002971643261,12.16552506059644,231.87783423146016,0.602837324142456,0.1277621388435363,9.026063666656457,0.4510016193411808,8.30579453986445,0.1592638877695503,180.0,16.20086525709478,9.212670403551895,0.866692101703894,7,5.033333333333333,0,0.08287691983215224,0,0,0
accident03.mp4,1,0.5,1.5,2.677527387464961,11.6619037896906,2.434921391445832,1.2695787722421623,7.6619037896906015,12.16552506059644,1837.7240433997656,0.602837324142456,0.0707073012987772,5.915579417448328,0.0358368531598879,9.037461309619973,0.0651819234684566,180.0,22.05090423075536,6.88759796095251,0.6531165663859295,7,4.133333333333334,0,0.04073809266127354,0,0,0
accident03.mp4,2,1.0,2.0,0.8143310490153259,7.211102550927978,1.23632604109885,0.7187813469501291,5.211102550927978,17.029386365926403,1782.3515550290638,0.5837041139602661,0.01269313270847,5.915579417448328,0.6402865576129909,9.037461309619973,0.0749417524456132,180.0,25.762996241462343,4.9750345734281884,0.3720529762395393,6,2.2,0,0.0631173360940234,0,0,0
accident03.mp4,3,1.5,2.5,0.8062983839168982,3.1622776601683795,0.5206910107358603,0.6378387477306688,3.0,0.0,154.27480021520938,0.8218275904655457,0.0090468907728791,4.578101624085832,1.137959919597037,3.092673450906659,0.0426697395561839,90.0,39.207993317255074,3.0,0.3012569142198559,4,2.2333333333333334,0,0.4087044723070184,0,1,1
accident03.mp4,4,2.0,3.0,1.0782858127227202,4.123105625617661,0.5439566772513765,0.6398032415087407,2.23606797749979,0.0,234.18500434947188,0.8218275904655457,0.0090468907728791,5.319255808616333,1.4285644870181575,4.12094141964576,-0.0548059225018838,90.0,35.86326488054545,1.8870376481178708,0.3263039462862546,4,2.6666666666666665,0,0.42031178829071897,0,1,1
accident03.mp4,5,2.5,3.5,1.5997514500290426,8.54400374531753,1.0889233009192567,1.2261724277914905,8.54400374531753,62.96824596572466,283.86108517410554,0.0019685218576341,2.1872465367778204e-05,10.630570205537763,1.9921037240742008,10.630570205537763,0.0874338682411269,90.0,30.62699731813473,3.149096829634714,0.5714968730474616,3,2.933333333333333,0,0.0670653952000784,0,0,0
accident03.mp4,6,3.0,4.0,2.274915721663281,8.54400374531753,1.3213138706722176,1.7113277215464775,8.54400374531753,56.22277118748239,267.0170948912836,0.0019685218576341,3.0195760700735264e-05,11.434619419213275,2.4753949874279857,10.630570205537763,-0.0314061971991046,90.0,28.03112793501282,3.158838938183026,0.8459523935632646,3,2.933333333333333,0,0.053116989643094144,0,0,0
accident03.mp4,7,3.5,4.5,2.687430126189563,7.615773105863909,1.146544908659663,1.5216555618127072,6.615773105863909,56.22277118748239,260.7731372006355,0.0007490966236218,8.323296242451761e-06,11.434619419213275,1.813145100034935,10.438236217267502,-0.1640663246533922,71.56505117707799,13.173787862550595,3.585786437626905,0.7839119368399206,4,3.2666666666666666,0,0.042087299878457704,0,0,0
accident03.mp4,8,4.0,5.0,3.211573150889031,12.806248474865695,1.5125541464624592,1.781393029456986,11.806248474865695,66.03029607687671,268.07169740655235,0.0,0.0,12.4457456399644,1.5076203052159105,11.69189426484158,-0.138404630914765,146.30993247402023,20.55223966270187,9.806248474865695,0.8385805651124604,4,3.533333333333333,0,0.1247400012195617,0,0,0
accident03.mp4,9,4.5,5.5,4.284676058799342,16.278820596099706,1.984887016746769,2.3758845797700427,12.695747571513834,122.3315167894194,269.59510996941515,0.0,0.0,15.246953968296168,1.1623672841470796,13.06523071581148,-0.2323122158238087,146.30993247402023,20.90297471187809,9.806248474865695,1.1725619114167818,4,3.6,0,0.19878690837571975,0,0,0
accident03.mp4,10,5.0,6.0,4.913263288899559,16.278820596099706,1.9071911844444247,2.1063392756189225,12.695747571513834,123.84264209067892,229.7331667937248,0.0,0.0,15.246953968296168,1.5637311226910646,13.06523071581148,-0.2273130409916392,45.00000000000001,12.115296740417936,7.467203016240811,1.083825259191336,4,3.3666666666666667,0,0.17299962748231218,0,0,0
accident03.mp4,11,5.5,6.5,5.544147823515532,27.073972741361768,2.9025137559198235,3.0012921017185503,22.950867115744103,0.0,182.90312981864355,0.9676337242126464,0.0223239306360483,25.35237805317064,3.05839581849565,21.563527541466456,-0.8128449375493133,126.32682595212025,18.65287323192752,22.950867115744103,1.4851411106905978,4,3.2666666666666666,0,0.18378460756807527,0,0,0
accident03.mp4,12,6.0,7.0,5.020906846228933,27.073972741361768,2.914260114701356,3.170885079741117,22.950867115744103,0.0,176.00322080385504,0.9676337242126464,0.0243800710886716,25.35237805317064,2.476781873734965,21.563527541466456,-0.8133429748806237,126.32682595212025,19.672808887885274,22.950867115744103,1.6067458445812148,4,3.8,0,0.18537106033099862,0,0,0
accident03.mp4,13,6.5,7.5,3.188200979107945,14.866068747318506,1.2725281926292389,1.711900154368437,12.0,59.53990258641679,149.25416361151474,0.1418888866901397,0.0021683003287762,14.81756866668718,0.9510075744390036,9.98251512681874,-0.1768591550800254,179.99999879258172,21.963032804726517,8.876894374382339,0.917982022724571,5,3.7666666666666666,1,0.18879669354539022,0,0,0
accident03.mp4,14,7.0,8.0,2.174838018115844,8.06225774829855,0.8667006531129405,1.227136510572892,6.0,1.0,114.4004837745234,0.9562287926673888,0.0212580859661102,8.026125050612364,-0.1627388209392734,9.98251512681874,-0.0860439169606093,179.99999879258172,24.327868184687368,4.899980088130169,0.6408718762273409,5,3.3666666666666667,1,0.03835485150496496,0,0,0
accident03.mp4,15,7.5,8.5,1.3801010066852402,5.0990195135927845,0.7761112010409733,0.959530065048255,4.0990195135927845,1.0,109.07797602918572,0.974206805229187,0.037571832537651,5.347166378327614,-0.6183264900236665,6.101494884818152,0.0378983113592959,180.0,25.97436024905973,3.0990195135927845,0.5230785626601262,4,3.1666666666666665,1,0.042195234518481554,0,0,0
accident03.mp4,16,8.0,9.0,1.0248583786768803,6.082762530298219,0.6183927651999285,0.8004756802789997,5.082762530298219,0.0,124.47654860947108,0.974206805229187,0.0215654745697975,5.347166378327614,-0.6719836063651373,6.101494884818152,0.0698832675969265,180.0,42.26526521803621,2.605551275463989,0.4085227492388874,4,3.0,1,0.05227019360050918,0,0,0
accident03.mp4,17,8.5,9.5,0.8152564238570222,6.082762530298219,0.6645298160822378,0.6940847955222672,5.0990195135927845,0.0,145.6210358557991,0.9251224398612976,0.0051395688205957,3.56846428540436,-0.4347981621967564,2.994384199226232,-0.0068351313091562,180.0,51.66934693629417,2.0,0.2971648332193881,4,2.933333333333333,1,0.13764070422915306,0,0,0
accident03.mp4,18,9.0,10.0,0.5581620269744916,5.0990195135927845,0.4759138526806337,0.5749026977116735,5.0990195135927845,81.21576201698781,158.4045258664852,0.0,0.0,3.56846428540436,-0.0940627735293448,2.994384199226232,-0.0250212587019326,180.0,50.302997168664405,3.0990195135927845,0.290705717953764,3,3.0,1,0.18108558031458438,0,0,0
accident03.mp4,19,9.5,10.5,0.4452340867985053,2.0,0.3562998349722218,0.4815740022301341,3.0990195135927845,89.9388681271896,160.6729986789502,0.0,0.0,2.652830848497814,-0.1401287532380454,2.649117048735036,0.0149069247485859,180.0,31.688498874567003,3.0990195135927845,0.2769716293148775,3,3.0,1,0.08794960467922984,0,0,0
accident03.mp4,20,10.0,11.0,0.3804737854124365,2.0,0.2607324324723356,0.4322166104067963,1.4142135623730951,101.82337649086284,162.44982063207243,0.0,0.0,1.7213620007289592,-0.0936514543334306,2.275869951224408,0.0276694156577376,180.0,31.5,1.4142135623730951,0.2184094916610263,3,3.0,1,0.03260413500668659,0,0,0
accident03.mp4,21,10.5,11.5,0.4138071187457699,2.0,0.2350759617820962,0.4387253486026508,1.4142135623730951,106.83164325236228,162.9838917862066,0.0,0.0,1.708388263227988,-0.0508734416616437,2.475986113489853,0.0003905018543106,180.0,43.5,1.4142135623730951,0.2138071187457697,3,3.0,1,0.04626722992449224,0,0,0
accident03.mp4,22,11.0,12.0,0.3406317138832487,2.0,0.2637570500477231,0.4812634277664973,1.4142135623730951,116.3872845288522,163.48636840757243,0.0,0.0,1.6499657998639066,0.0101418822647859,2.475986113489853,0.018882599285609,180.0,25.5,1.4142135623730951,0.2406317138832486,3,3.0,1,0.06173885394739269,0,0,0
accident03.mp4,23,11.5,12.5,0.2873773447853214,1.4142135623730951,0.2843875243773773,0.4303102451261983,1.4142135623730951,122.44182292011172,186.4715771668988,0.0,0.0,1.0562267646745056,-0.0197548423135875,1.4067912634382225,-0.0472630859545426,180.0,18.0,1.4142135623730951,0.2151551225630991,3,2.566666666666667,1,0.038313213070975516,0,0,0
accident03.mp4,24,12.0,13.0,0.3791257815951072,2.0,0.4067965840483204,0.524918229856881,2.0,128.22636234409833,192.63286414824057,0.0,0.0,1.5669815562848726,-0.3300486187055604,1.997031354844296,-0.0881089133628285,180.0,13.5,2.0,0.2513480038173293,3,2.5,0,0.05881348193907064,0,0,0
accident04.mp4,0,0.0,1.0,1.4367813919778285,10.816653826391969,1.446494062756915,1.1344615858383102,8.246211251235321,40.0,635.2233301934194,0.2933205962181091,0.0035504734143614,10.436565631241905,1.0664926567233353,5.0946020788071,-0.0931214976552767,180.0,37.66541326306277,7.654376166223589,0.5847031493346422,5,4.266666666666667,0,0.08390399982882843,0,0,0
accident04.mp4,1,0.5,1.5,0.9857962547930168,5.385164807134504,0.3725271919680537,0.5599493533742862,2.605551275463989,79.12016177940993,358.1936155967423,0.0,0.0,5.383455917739525,0.7827707033830689,3.160622168629573,0.0038335485117059,180.0,37.09169886562355,2.605551275463989,0.2826469438833658,5,4.333333333333333,0,0.49787395883005997,0,1,1
accident04.mp4,2,1.0,2.0,0.9244826423027024,3.605551275463989,0.3350895436350495,0.4890050198273354,2.605551275463989,89.15716460273958,346.5416632126251,0.0151403276249766,0.000307890586555,5.384117176366885,0.8024243293595684,3.160622168629573,0.0254708717871111,135.0,24.792263525086707,2.605551275463989,0.2430758133229874,5,4.166666666666667,0,0.4307078831659169,0,1,1
accident04.mp4,3,1.5,2.5,1.1019868915924138,4.0,0.3949526448229363,0.5009630376089723,3.1622776601683795,134.31678971744373,332.6493839987022,0.0472614951431751,0.0029643438756465,6.877477698532346,1.0586538084190462,3.1560431351149987,0.0187186334423494,180.0,19.348838628606703,3.1622776601683795,0.2435666156588265,5,4.033333333333333,1,0.5250354108338655,1,1,1
accident04.mp4,4,2.0,3.0,1.3583111527699274,6.0,0.4319159550442438,0.5812812976265664,4.0990195135927845,134.31678971744373,313.9168730808818,0.0687203928828239,0.0075916391797363,6.877477698532346,1.386677401664975,3.1560431351149987,0.0005814138111271,180.0,19.99753687299181,4.0990195135927845,0.2839670889702338,5,4.033333333333333,1,0.45143837390642383,0,1,1
accident04.mp4,5,2.5,3.5,1.6028063475872851,8.94427190999916,0.4905626295005286,0.6216487046159681,4.117832229112139,48.373546489791295,311.0428551008766,0.2203882038593292,0.0091652832925319,13.569314207999753,1.4497816599817,3.088166047694557,-0.0340067694307509,180.0,20.501907188821374,4.117832229112139,0.3209352823555927,7,4.766666666666667,1,0.18038003718228438,0,0,0
accident04.mp4,6,3.0,4.0,2.06383671798367,14.317821063276352,0.7040562451157845,0.7798627659446618,8.93265625614185,0.0,318.04385391095394,0.9973949193954468,0.0185350906103849,18.93120392402972,1.7926421852094658,9.1226728757224,-0.0571242647218759,90.0,18.64232803956232,8.93265625614185,0.3988425666466254,10,7.233333333333333,1,0.08211148178901113,0,0,0
accident04.mp4,7,3.5,4.5,2.018377603955611,14.317821063276352,0.7980783904173229,0.9340784845933398,8.93265625614185,0.0,306.89198505790654,0.9973949193954468,0.0169907510280609,18.93120392402972,1.6640867297316764,11.90081041242189,-0.0728639144950553,171.869897645844,22.830774148973045,8.93265625614185,0.4806527394024536,10,8.633333333333333,1,0.06894851981163523,0,0,0
accident04.mp4,8,4.0,5.0,1.1778833033211875,11.180339887498947,0.7109451196342516,0.8112107961293444,8.056352514226612,73.16419889536138,289.12970373012314,0.1012217923998832,0.0065380367450416,13.913112608253227,0.7905199881303858,11.90081041242189,-0.0779912859062206,180.0,31.935939416957805,8.056352514226612,0.4423876793295338,9,8.333333333333334,1,0.0811780878146507,0,0,0
accident04.mp4,9,4.5,5.5,0.606171794698668,3.1622776601683795,0.2771859964554904,0.5351177498775996,6.071067811865476,1.0,288.8770009378441,0.9898499846458436,0.0079713575541973,6.306901881063553,0.3406234544038049,6.983570842807751,-0.0342231551917472,180.0,34.482621185196734,6.071067811865476,0.2945193321907629,10,8.733333333333333,1,0.19815227560570647,0,0,0
accident04.mp4,10,5.0,6.0,0.4578628110161569,3.1622776601683795,0.1986408530465702,0.3601172087777562,2.23606797749979,1.0,294.78927834701994,0.9898499846458436,0.0070707323029637,3.4065529396922614,0.2840974979816497,2.745746465062382,-0.0025626237449579,180.0,24.137081911747835,2.23606797749979,0.1837623080925818,10,9.1,1,0.06369036307983289,0,0,0
accident04.mp4,11,5.5,6.5,0.3816886211377634,3.1622776601683795,0.1911333063517826,0.2868170954377519,2.23606797749979,0.0,292.4002679994424,0.9912703037261964,0.0083354106172919,3.4065529396922614,0.2987842893543103,3.1540304991936807,0.0232416168287211,179.99999879258172,19.88550166565533,2.23606797749979,0.1315718731912669,11,9.333333333333334,1,0.05826498295941735,0,0,0
accident04.mp4,12,6.0,7.0,0.3701280396970501,3.1622776601683795,0.1779474655818424,0.2442315892452622,2.23606797749979,0.0,288.2981690252904,0.9912703037261964,0.0111018484458327,3.1118325354972853,0.2793045517385287,3.1540304991936807,0.0161641809761056,179.99999879258172,17.26942318583633,2.0,0.1173078654492346,11,10.0,0,0.05083010403271281,0,0,0
accident04.mp4,13,6.5,7.5,0.4112657168966834,4.0,0.166780882807628,0.2604195496305491,4.0,0.0,285.4927880227486,0.9804739952087402,0.0092930970713496,3.9646261912740783,0.263326489846921,3.9646261912740783,0.0040314651867795,90.0,15.654924931986203,2.23606797749979,0.1329910697217206,11,10.233333333333333,0,0.057548260043893705,0,0,0
accident04.mp4,14,7.0,8.0,0.4281459892016802,4.123105625617661,0.1703566447283616,0.2847685042534808,4.0,1.0,286.1013551072148,0.9804739952087402,0.0059356954880058,4.090284140747031,0.2216714540249234,3.9646261912740783,0.0073910319949951,180.0,25.422567726575696,2.23606797749979,0.1339070743621745,11,9.966666666666669,0,0.0716202154638496,0,0,0
accident05.mp4,0,0.0,1.0,1.17959164976935,4.123105625617661,0.5442197233216236,0.6270969102054903,3.1231056256176606,0.0,658.0450710129031,0.8905115127563477,0.0043524062881867,6.05647089304,0.3270889097904731,4.834126986415072,0.0398366158612675,180.0,29.85667050794616,2.1622776601683795,0.3188748437615863,5,3.0,0,0.36793891400664774,0,1,1
accident05.mp4,1,0.5,1.5,2.101638620198176,6.082762530298219,0.9744875013373352,0.815343349810589,3.1231056256176606,0.0,285.6528025119648,0.8905115127563477,0.0092237535864114,9.476212418078916,2.4885013704710675,4.834126986415072,0.1360113481061799,180.0,28.946188266519325,2.76393202250021,0.3810945983364454,5,3.5,0,0.22086103421971634,0,0,0
accident05.mp4,2,1.0,2.0,2.4617766602958278,6.082762530298219,0.9737210088628958,1.001719382713378,4.0,0.0,230.6311138476446,0.8780309557914734,0.0184488520026206,9.476212418078916,3.4122325344066518,4.122214872317528,0.1061483165384018,135.0,18.95485127340571,4.0,0.4867091567783775,5,3.466666666666667,0,0.17570121202649264,0,0,0
accident05.mp4,3,1.5,2.5,1.9254930205160448,6.082762530298219,0.8160412443736539,1.0499254775506142,4.0,0.0,252.97955427462475,0.8780309557914734,0.0200447384268045,7.27941977950573,1.8069886652597915,8.4327619790392,-0.0742980883441901,180.0,32.83612578879822,4.0,0.546257225336227,6,4.266666666666667,0,0.39780750041765134,0,1,1
accident05.mp4,4,2.0,3.0,1.6968704904663214,16.1245154965971,0.8539496404331547,1.1697183795241728,11.881874809477814,13.0,252.77021930646785,0.6249265670776367,0.0152726434171199,16.1074572878469,0.3125682351833125,17.37906521041242,-0.0441733391955776,180.0,45.88153362347953,10.739350689462594,0.5834389935444523,6,4.566666666666666,0,0.25795008903574707,0,0,0
accident05.mp4,5,2.5,3.5,1.5011464407484678,16.1245154965971,0.8121769983197678,0.9674419241452888,11.881874809477814,13.0,242.98462024768065,0.6249265670776367,0.0088054118677973,16.1074572878469,-0.1301024256274567,17.37906521041242,0.016634992256083,180.0,35.1642981422028,10.739350689462594,0.4705082301011237,5,4.166666666666667,0,0.30436500055914945,0,0,1
accident05.mp4,6,3.0,4.0,1.2483246851643526,5.830951894845301,0.435050675829052,0.7310458345561758,3.594883917345511,84.1486779456457,247.1499115985063,0.0,0.0,3.842117526534423,-0.4541152830196031,4.177878804814441,-0.0174170505858534,180.0,25.67091038846901,3.594883917345511,0.361438604102409,4,4.0,0,0.2741430685304867,0,0,0
accident05.mp4,7,3.5,4.5,1.1373878645291444,5.830951894845301,0.438713275080228,0.7056047954074612,3.594883917345511,124.95199078045935,254.17978509570213,0.0,0.0,2.6602936459788395,-0.497154017135117,4.177878804814441,-0.0091254072320388,180.0,21.761162497729256,3.594883917345511,0.3760765078605093,4,4.0,0,0.2766540727422868,0,0,0
accident05.mp4,8,4.0,5.0,0.8061235148655455,5.385164807134504,0.4139393702959773,0.5432257475432759,3.149096829634714,121.2023102090055,261.3149343851996,0.0,0.0,1.430204665390164,-0.3772555680657214,3.1556946443702145,0.0269413326319828,180.0,24.40997966979711,2.1913377130908938,0.2966128737716378,4,4.0,0,0.4772480321541434,0,1,1
accident05.mp4,9,4.5,5.5,0.5011800618407555,3.1622776601683795,0.287846458816711,0.4221133628432179,2.23606797749979,108.04628637764463,265.3518621601444,0.0,0.0,1.8905454354593587,-0.1476027759147028,2.23351375464415,0.0094917575145719,180.0,27.909665730634647,2.23606797749979,0.2127825712648302,4,4.0,0,0.5864299059066744,1,1,1
accident05.mp4,10,5.0,6.0,0.533847780105598,3.0,0.2736218700436224,0.4503391745157448,2.23606797749979,89.02246907382428,262.59196328603923,0.0650508552789688,0.0018570249667391,2.8207493649814808,-0.0543733968883579,2.6760631796108783,-0.0112652645209805,180.0,34.80724924766689,2.23606797749979,0.2205666825595336,5,4.2,0,0.4508073526431154,0,1,1
accident05.mp4,11,5.5,6.5,0.6730422457142471,3.605551275463989,0.2635537622389651,0.4972982977784029,1.6055512754639891,63.324560795950255,260.99382586900305,0.1202308908104896,0.0078368848189711,2.8207493649814808,-0.1061288130766081,2.942409877924888,0.0011837172607149,180.0,40.45975888723032,1.6055512754639891,0.2432129108575293,6,4.533333333333333,1,0.36267113164217374,0,1,1
accident05.mp4,12,6.0,7.0,0.6625471524840346,4.123105625617661,0.2829524150068798,0.4825618754802755,2.8284271247461903,52.80151512977634,283.44265628301423,0.1295099556446075,0.0095939673483371,4.7969045292892645,-0.0160354936849729,3.093624831966167,0.0032721001729728,180.0,35.19201887823781,2.8284271247461903,0.2373035665197054,7,5.8,1,0.3880436365300886,0,1,1
accident05.mp4,13,6.5,7.5,0.6048340379993774,4.123105625617661,0.2976034609960304,0.5069521820917886,2.8284271247461903,39.84971769034255,297.3205787910184,0.1295099556446075,0.0063035385683178,4.7969045292892645,0.0303741585019189,3.9918604948156258,-0.0127219502791091,180.0,38.139647964135655,2.8284271247461903,0.2506793191591502,8,7.333333333333333,1,0.30757428906551404,0,0,1
accident05.mp4,14,7.0,8.0,0.6161020027983979,4.47213595499958,0.2612543746712942,0.5312988517095835,3.0579223926264847,37.36308338453881,289.0986989593368,0.1208915561437606,0.0046624587848782,2.94319974892062,-0.125830586267095,3.9918604948156258,-0.0133023585920488,180.0,39.731227517256784,3.0579223926264847,0.2746681036471641,8,7.866666666666666,1,0.22289762590653736,0,0,0
accident05.mp4,15,7.5,8.5,0.6896310866337921,4.47213595499958,0.2318896750356774,0.4828813972153743,3.0579223926264847,36.05551275463989,289.79816870466846,0.0797557160258293,0.0032749387901276,3.416082907727386,-0.2636094617678164,3.6019847459573384,-0.0186960565043073,180.0,34.54770114665294,3.0579223926264847,0.2437414387483994,8,8.0,1,0.20446791380792406,0,0,0
normal01.mp4,0,0.0,1.001,1.773251754381907,9.055385138137416,0.585908219130327,0.6764291551992367,3.879776807753179,44.59820624195552,173.01715754803465,0.0,0.0,2.7476437985618247,-2.031358156803073,5.519050704623851,-0.0430868169925136,135.0,25.863497521252302,2.0710678118654755,0.3034646783642138,7,5.066666666666666,0,0.2547835724641123,0,0,0
normal01.mp4,1,0.501,1.502,1.8759504744074904,10.0,0.690386205733443,0.7361563873888248,4.010221830399919,53.150729063673246,197.16999024823485,0.0,0.0,2.7476437985618247,-2.0914270788885454,5.519050704623851,-0.0149067463289276,108.434948822922,27.33610864944697,3.956365624544633,0.368107606886163,7,5.333333333333333,0,0.1944480257362814,0,0,0
normal01.mp4,2,1.001,2.002,1.7385645572183153,10.0,0.7178340179845701,0.7157115047786831,4.010221830399919,0.0,170.24966615177672,0.978365123271942,0.0032612169161438,1.7010310524213708,-1.5985208404058189,4.838819934435151,0.0254271650527023,180.0,33.25377925767752,3.956365624544633,0.3528809468635249,7,4.6,0,0.5325108164365808,1,1,1
normal01.mp4,3,1.502,2.502,1.7601867960826714,5.656854249492381,0.4898204800208909,0.7640893016602394,2.82842712474619,0.0,150.12111348059906,0.978365123271942,0.0056945458054542,1.9824876589258051,-1.3179064983075637,3.553756488525977,-8.326505603115097e-05,180.0,31.4918222714247,2.23606797749979,0.3421403944102817,6,4.3,0,0.5632088281518851,1,1,1
normal01.mp4,4,2.002,3.003,2.0025484591657934,7.071067811865476,0.4917531525663223,0.828533909599523,3.4207862719925908,1.0,176.32792553583025,0.9531397223472596,0.0054565859027206,2.314038910422397,-1.7098694095274969,3.553756488525977,-0.0502268541059152,90.0,20.694962233627336,2.8284271247461903,0.3836496723959657,7,4.933333333333334,0,0.36790272837217364,0,1,1
normal01.mp4,5,2.502,3.504,2.382557153006696,8.0,0.585102006691025,0.7198567111994303,3.4207862719925908,1.0,207.1877777233992,0.9524734020233154,0.00479501998052,2.314038910422397,-2.36690385120649,3.117959829926974,-0.1308036258204546,90.0,22.070099515832364,2.8284271247461903,0.3374477995341811,8,5.433333333333334,0,0.348145810422945,0,0,1
normal01.mp4,6,3.003,4.004,2.8257303599458337,9.0,0.5548092583331494,0.784567750251992,4.52786404500042,1.0,243.76846643640235,0.9841108918190002,0.0124233169481158,2.299568522619097,-2.67682276384128,5.686467260350639,-0.0352055163683572,90.0,22.83058606949084,4.52786404500042,0.3878594986036698,8,5.966666666666667,0,0.3060612580728095,0,0,1
normal01.mp4,7,3.504,4.505,3.3713081774417044,13.41640786499874,0.6052641816688471,0.8437066875268974,4.52786404500042,1.0,275.86967685295764,0.9841108918190002,0.0107652442529797,3.060231759473652,-3.0164391802627586,5.686467260350639,-0.053513857233213,180.0,20.577419539424373,4.52786404500042,0.408505512063745,9,7.133333333333334,0,0.34982498381211596,0,0,1
normal01.mp4,8,4.004,5.005,3.2408232792699847,13.41640786499874,0.7254279846282928,0.7426249234680917,3.851654113783948,32.38826948140329,283.1393827492888,0.0137277245521545,0.0001136897772084,3.931912414431906,-3.0124985984550907,6.999745204346937,-0.0035304004365561,180.0,20.859024479729023,3.851654113783948,0.3712129871270962,9,7.466666666666667,0,0.12182171541971987,0,0,0
normal01.mp4,9,4.505,5.506,2.58010677768833,11.6619037896906,0.5247884354766462,0.7539409376077881,3.851654113783948,27.073972741361768,264.98429579835954,0.0385366268455982,0.00012162981875,3.931912414431906,-2.530110517640757,6.999745204346937,0.0516042466707101,180.0,25.90998516535632,3.851654113783948,0.379976663907918,12,8.466666666666667,0,0.019929635620429095,0,0,0
normal01.mp4,10,5.005,6.006,2.640982309260033,18.35755975068582,0.6475642966859874,0.8847917794524495,11.64935581818645,27.073972741361768,266.1135245831629,0.0385366268455982,0.0001513957395218,2.9687802026755605,-2.8308422081290963,8.572860326028689,-0.0521097198001582,180.0,32.469736738976884,8.566268855405719,0.4324714326748201,12,9.8,0,0.06946235780608295,0,0,0
normal01.mp4,11,5.506,6.506,2.85829472645976,18.35755975068582,0.6639765585295996,0.9368436840499804,11.64935581818645,29.27456233660889,268.1966178412906,0.0244841873645782,5.5316930229309946e-05,2.9687802026755605,-3.26975665576008,8.572860326028689,-0.1712514931227167,180.0,31.667751058924917,8.566268855405719,0.4340892961677308,11,8.766666666666667,0,0.1111415244956749,0,0,0
normal01.mp4,12,6.006,7.007,2.5819428925718864,16.1245154965971,0.5247510342618767,0.8150842936993282,6.904971039304211,34.52535300326414,210.5888688187897,0.0103857927024364,2.555102037149481e-05,2.3309757776085576,-2.9032914757299992,4.858007217413672,-0.1724136083628699,180.0,26.935328395993345,3.157004263662857,0.3595893667124526,9,6.933333333333334,0,0.18506970043787327,0,0,0
normal01.mp4,13,6.506,7.508,2.604642263635498,12.36931687685298,0.5646751772662537,0.7774881096835231,4.985701931546668,0.0,189.59542704963812,0.912461519241333,0.0026518597733229,1.2712488333116312,-2.945185826737913,5.988155840423929,-0.0836703932990082,90.0,24.931375083277715,4.307059128554432,0.3633306120905937,8,6.3,0,0.3135292076591552,0,0,1
normal01.mp4,14,7.007,8.008,2.9707023877726138,12.36931687685298,0.5145495907088605,0.8751219833281781,4.985701931546668,0.0,227.5594881668999,0.912461519241333,0.0037902856711298,1.3826001237550685,-3.1506269839840413,5.988155840423929,0.0003396096337416,90.0,20.18396290138994,4.307059128554432,0.4329328069640266,8,6.7,0,0.2227795036437404,0,0,0
normal01.mp4,15,7.508,8.508,2.986430745291634,14.142135623730953,0.6812154173528544,1.0232951227166842,10.142135623730953,1.0,235.23584922631323,0.9124188423156738,0.0017116405069828,1.9999459357176192,-2.817465377609892,7.563990574472768,-0.0603041626546863,90.0,16.330167509798326,6.142135623730951,0.4892919869578166,9,6.833333333333333,0,0.2338674052941981,0,0,0
normal01.mp4,16,8.008,9.009,2.58367393801652,14.142135623730953,0.7905744072684049,0.9578752186065956,10.142135623730953,0.0,227.73537398847552,0.94772207736969,0.0028162042144685,1.9999459357176192,-2.445905199510828,7.563990574472768,-0.1440981039006622,90.0,17.100212950016143,6.142135623730951,0.4315047682127887,9,6.8,0,0.2953277144622728,0,0,0
normal01.mp4,17,8.508,9.51,2.4312660237373653,12.36931687685298,0.9728513453956816,0.7489978280417885,3.7740752962357416,0.0,243.9238027482733,0.9592890739440918,0.0094891907647252,2.3645723516919475,-2.254667138965872,4.232365614953608,-0.0594284843849671,90.0,18.50317115725109,3.04987562112089,0.3592916193606981,8,6.133333333333334,0,0.23949529791993943,0,0,0
normal01.mp4,18,9.009,10.01,2.198317490190307,12.36931687685298,1.0332529370113206,0.7309887715201447,3.0025247700991105,0.0,208.3265278694781,0.9592890739440918,0.0072487355209887,2.3645723516919475,-2.192040416119318,4.232365614953608,-0.0955817416756409,180.0,25.202346161477347,3.0025247700991105,0.3343385308875239,7,5.366666666666666,0,0.38964345204382794,0,1,1
normal01.mp4,19,9.51,10.511,1.8734296503976176,8.06225774829855,0.3833596401122219,0.7199527585055352,3.0025247700991105,31.78049716414141,183.437291854818,0.017386944964528,0.0001391039550071,1.2478348403905102,-2.074699323613984,4.225134672248771,-0.1227000715190415,180.0,25.834014252343486,3.0025247700991105,0.3313111104539668,8,6.266666666666667,0,0.2115343049763947,0,0,0
normal01.mp4,20,10.01,11.011,2.682691524417981,14.7648230602334,0.8339598209063886,0.6640524232865839,3.0064041504853147,31.78049716414141,236.95609428777863,0.0241822693496942,0.0003102514601778,2.60016682168623,-3.120997009775968,4.225134672248771,-0.1536166565240598,135.0,21.39346024750009,2.23606797749979,0.3211409652348171,8,6.866666666666666,0,0.172193199525128,0,0,0
normal01.mp4,21,10.511,11.511,3.3814264303625987,14.7648230602334,0.5850099048745586,0.8199423191455613,5.725903072185989,1.0,277.8986391203859,0.9224896430969238,0.0013736543478444,2.70316594873853,-3.9860103511411977,6.048232182467984,-0.1011783150070081,90.0,18.715433659947795,5.198039027185569,0.3954146379390299,10,7.266666666666667,0,0.1753184804120872,0,0,0
normal01.mp4,22,11.011,12.012,2.69809308655894,16.1245154965971,1.2074759629329817,0.8713651992269165,5.725903072185989,1.0,252.07474305174125,0.9224896430969238,0.0012217966141179,2.70316594873853,-3.2023423040049765,6.048232182467984,-0.0801756704437299,180.0,26.47082945983374,5.198039027185569,0.4053623885412749,10,7.4,0,0.21590250111030548,0,0,0
normal01.mp4,23,11.511,12.513,1.71783691293513,16.1245154965971,1.018300012225747,0.8490041847333264,4.83772233983162,4.0,166.22844007741682,0.6327947378158569,0.0014280347386375,2.225815245237172,-1.9558538202383469,3.516526147215636,-0.2031961844602356,180.0,34.794546763595434,3.0,0.3638744271253073,9,5.766666666666667,0,0.2896757019641158,0,0,0
normal01.mp4,24,12.012,13.013,1.6095756754868704,8.0,0.597872432566246,0.8458522196698779,4.83772233983162,4.0,127.5782615177019,0.6345912218093872,0.0034979896154254,2.81778894077852,-1.5256409399154702,3.516526147215636,-0.1492207059379177,135.0,34.19006566986423,3.0,0.3966700471939111,7,5.366666666666666,0,0.32737869973083383,0,0,1
normal01.mp4,25,12.513,13.514,1.9515225222284824,10.0,0.5791464452826858,0.7503995084721725,2.23606797749979,5.0990195135927845,151.5783894420564,0.6726202368736267,0.0066333874128758,2.81778894077852,-1.8808152386194796,4.114646584259276,-0.0864950873783947,135.0,33.65274617081922,2.23606797749979,0.3663710198723434,9,6.966666666666667,0,0.26875479321069184,0,0,0
normal01.mp4,26,13.013,14.014,2.059401443026519,10.770329614269007,0.6571012488651763,0.9115672617909713,6.39444872453601,5.385164807134504,184.2391714035314,0.6726202368736267,0.0045595564879477,2.295444708974287,-2.0283448016170063,6.588639227508054,-0.1271857746611719,135.0,28.26507480607399,6.39444872453601,0.4370767586232573,11,8.2,0,0.16332235975355597,0,0,0
normal01.mp4,27,13.514,14.514,2.212681596909876,12.083045973594572,0.6327225403295879,0.8973771518869046,6.39444872453601,32.802438933713454,215.86092415339417,0.0238086897879838,0.0001835103903431,2.143704105224288,-2.355265876636741,6.588639227508054,-0.1053868889915642,135.0,25.5143612305216,6.39444872453601,0.4311742812515311,11,8.8,0,0.09632951725838669,0,0,0
normal01.mp4,28,14.014,15.015,2.4526735768370367,13.41640786499874,0.4347732489842043,0.7131101109099129,3.154556508405099,35.608987629529715,234.46964245480848,0.0238086897879838,0.0002077419776469,2.143704105224288,-2.8060287849239582,4.21773338812784,-0.0973976351688606,135.0,28.39505468839042,2.7994289839487525,0.3139692508322982,11,9.433333333333334,0,0.03512798449245196,0,0,0
normal01.mp4,29,14.514,15.515,2.474165751967734,13.41640786499874,0.3797939824468926,0.6828657140006771,3.6568542494923806,1.0,250.2048695647965,0.9436088800430298,0.0008653518161736,2.1742661717137537,-2.77617967003721,4.947453132512408,-0.0487684382929772,180.0,27.96997850551834,2.8824838963478427,0.3235719730986732,11,9.333333333333334,0,0.041929165005083514,0,0,0
normal01.mp4,30,15.015,16.016,4.644750444227248,17.26267650163207,3.699948930085327,0.8873318336460813,3.6568542494923806,1.0,251.7016216018645,0.9436088800430298,0.0016591839957982,4.512789652212575,-2.3496563637531223,7.672743089578205,0.0483312510459626,180.0,19.300629908804087,2.8824838963478427,0.2527096912059862,11,7.866666666666666,0,0.19772581213507887,0,0,0
normal01.mp4,31,15.515,16.517,11.04374126010327,20.248456731316587,5.283667622924778,1.1905340135795897,9.982566612351553,41.77319714841085,253.55622420176215,0.059157021343708,0.0035379650071263,10.618031129347829,-1.8147819208401352,12.99784270256862,0.2602684511380468,90.0,8.261994149336717,9.982566612351553,0.4375939810063289,9,5.933333333333334,0,0.09280579186025203,0,0,0
normal01.mp4,32,16.016,17.017,12.155848848119971,20.248456731316587,3.73684996458942,1.4005519945154687,9.982566612351553,1.0,620.3637458346741,0.8300261497497559,0.0056384935475459,10.618031129347829,0.2221057701407642,12.99784270256862,0.7462822658034725,26.565051177077997,5.56432024801727,9.982566612351553,0.9065813653812312,6,4.4,0,0.08682769487037205,0,0,0
normal01.mp4,33,16.517,17.518,6.43008217888543,15.132745950421556,3.353889827378656,1.3654868911124427,8.042419434978779,1.0,1303.7905826187875,0.8300261497497559,0.0150985307103837,9.465272409432371,2.2988298500427624,8.196837490838064,0.6571595917502119,161.565051177078,13.17605797433997,8.042419434978779,0.8882191455041203,6,3.066666666666667,0,0.08893483213468067,0,0,0
normal01.mp4,34,17.017,18.018,11.138978006008015,25.179356624028344,8.328799825617692,1.6035952921969483,6.780455542707113,9.486832980505138,1281.97257683461,0.747661292552948,0.0198026108400275,10.09418152682423,1.4147070519519245,6.849762253067411,0.1346061268293136,161.565051177078,11.954250476719231,3.77442795465058,0.5521672316315233,4,2.466666666666667,0,0.06007772710942292,0,0,0
normal02.mp4,0,0.0,1.251,4.098711495197756,10.198039027185567,0.8580036464240225,0.7232038136508739,3.8466945527984295,0.0,301.4608879699802,0.9757483601570128,0.0183306373655796,11.65533499226754,0.8347398959790261,5.0648390714258085,-0.0115098099023942,56.309932474020215,11.092075688176616,3.8466945527984295,0.3828430905872752,13,10.266666666666667,0,0.15311645326838536,0,0,0
normal02.mp4,1,0.626,1.877,4.321264804837484,10.198039027185567,0.3450358260127021,0.7622579239078072,4.101668173370634,0.0,291.98409343853365,0.938864290714264,0.0175900794565677,11.65533499226754,0.4102649907213334,9.0,0.0043402611003886,72.89727103094764,11.16236808425885,4.101668173370634,0.3926721829049457,13,10.666666666666666,0,0.08001609171843203,0,0,0
normal02.mp4,2,1.251,2.502,4.164257579654894,14.317821063276352,0.3982484204536142,0.7978387762284181,7.609617130776984,0.0,286.5026990492496,0.938864290714264,0.010718373581767,12.18769925264064,0.4122380978816796,9.0,0.0084147999310194,72.89727103094764,9.596746197099188,5.098276605983466,0.4163287819372196,14,10.666666666666666,0,0.08226109986581617,0,0,0
normal02.mp4,3,1.877,3.128,3.8391088755462746,14.317821063276352,0.3414510397533541,0.7651595737005923,7.609617130776984,1.0,282.40825467328807,0.8861651420593262,0.0087968502193689,12.18769925264064,0.8190455991953859,7.498773867983147,-0.0222592208354914,135.0,11.945937648999667,5.098276605983466,0.4122784626118999,14,11.0,0,0.1088827525700323,0,0,0
normal02.mp4,4,2.502,3.754,3.824493695592486,7.615773105863909,0.3340767339033565,0.7300970679622611,3.47213595499958,0.0,283.61869070326594,0.8306767344474792,0.0104319164529442,6.942016021180848,0.795245872403142,5.743777302077547,0.0115456079884183,135.0,14.03678643938938,3.47213595499958,0.3819963683210322,14,10.966666666666669,0,0.10336503741162932,0,0,0
normal02.mp4,5,3.128,4.379,3.8007489667917858,7.615773105863909,0.3677203450427379,0.7452165357662783,3.47213595499958,0.0,283.4561773880351,0.9186885952949524,0.014985267072916,7.848945048894848,0.9608754193623188,5.743777302077547,0.0134742397388944,90.0,13.423232162446247,3.47213595499958,0.3896824040383146,13,10.7,0,0.11573537066942974,0,0,0
normal02.mp4,6,3.754,5.005,3.632400105536638,9.486832980505138,0.3146795296138424,0.7861861470995934,4.101668173370634,0.0,282.9359000564248,0.946585774421692,0.0162914041429758,9.750774590359695,1.3504524102993225,5.06915234898247,0.0029643866781672,135.0,13.599136821831827,4.101668173370634,0.4048369218922481,16,11.1,0,0.11191436351043806,0,0,0
normal02.mp4,7,4.379,5.631,3.9761790650282713,10.198039027185567,0.499390816100229,0.8789344978917722,4.101668173370634,0.0,273.27855012312943,0.946585774421692,0.0240909587591886,9.750774590359695,1.747958624373929,5.06915234898247,-0.0216583009899247,135.0,12.087386744478604,4.101668173370634,0.4434561760974808,16,11.1,0,0.15411333941241,0,0,0
normal02.mp4,8,5.005,6.256,3.8961336182334025,10.198039027185567,0.5534004219755598,0.8716200591993867,4.088487342836969,0.0,248.31893695588667,0.9383338689804076,0.0232065189629793,9.672877751992305,1.3316449768177248,5.421723150240325,-0.0787079627693114,90.0,12.137861598630195,3.149096829634714,0.4494700782749111,13,10.566666666666666,0,0.16902365087961604,0,0,0
normal02.mp4,9,5.631,6.882,3.424639009753717,8.602325267042627,0.4271009450851206,0.8095100369402494,6.602325267042627,1.0,246.2895371970073,0.9602003693580629,0.0107098324224352,7.614453788070477,-0.177602484463797,5.421723150240325,-0.1035203049952839,90.0,13.962127658744167,4.130189312043047,0.4224162234751001,13,10.0,0,0.030364832025954615,0,0,0
normal02.mp4,10,6.256,7.507,3.399175446838862,12.36931687685298,0.441466244449489,0.872486794212795,6.602325267042627,1.4142135623730951,277.314385674473,0.9602003693580629,0.0071476255543529,11.72402999346906,-1.0474915685464308,7.276143323197061,0.0546734368637989,82.8749836510982,15.547202298683723,5.089206987572463,0.4431394103539803,12,9.6,0,0.03299827429174982,0,0,0
normal02.mp4,11,6.882,8.133,3.5301647278197943,12.36931687685298,0.401156458370013,0.8675108976390052,5.089206987572463,1.0,303.28386410661307,0.7543014287948608,0.0094832945615053,11.72402999346906,0.0169508731655944,7.276143323197061,0.141287617821429,82.8749836510982,15.100448730013865,5.089206987572463,0.4370091452489661,12,9.3,0,0.027666360411642638,0,0,0
normal02.mp4,12,7.507,8.759,3.870480969504376,9.0,0.4723795289558944,0.7673147855259586,5.83772233983162,0.0,299.5394215915583,0.8653722405433655,0.0138156451284885,9.019078910505527,1.065790591926575,7.767072476433327,0.0577210061965109,161.565051177078,13.311439173450887,3.900980486407216,0.3935302900276307,12,9.466666666666669,0,0.097871032919669,0,0,0
normal02.mp4,13,8.133,9.384,3.982072693074869,12.0,0.4137496478203583,0.8100267906688524,9.76393202250021,0.0,294.53720153777016,0.9384926557540894,0.0125711224973201,10.257930948754364,0.9785656152606326,11.525960912118194,-0.0543625885611627,168.6900675259798,14.19138935256229,5.0,0.41013785438803,13,10.433333333333334,0,0.13458181781462053,0,0,0
normal02.mp4,14,8.759,10.01,3.784640802658885,12.0,0.4356894973173948,0.8244903333926483,9.76393202250021,0.0,302.8753730026125,0.9384926557540894,0.0091672940179705,10.257930948754364,0.5039764509346455,11.525960912118194,-0.0594384734848523,168.6900675259798,15.272075554774297,5.0,0.4160793941734458,14,11.333333333333334,0,0.08787015475412778,0,0,0
normal02.mp4,15,9.384,10.636,3.579015114979794,9.486832980505138,0.4658321990664469,0.8165917847439365,5.379705128364119,1.4142135623730951,313.5624267901247,0.6114369034767151,0.0074815223924815,11.115105565561407,0.7741302374705354,8.04756468342299,-0.0131857809792656,180.0,18.379414177569267,4.486832980505138,0.4177763240269072,14,11.533333333333331,0,0.12061997239196129,0,0,0
normal02.mp4,16,10.01,11.261,3.80028647818268,13.341664064126334,0.5971576563136434,0.8882751879717553,7.017108743789575,1.0,304.2171129587268,0.7727633714675903,0.0102726453915238,12.18499134962633,1.2091389117537128,7.762046519138494,-0.0310441408646902,180.0,16.767841220563273,7.017108743789575,0.4615105689695393,13,10.5,0,0.1349651403969234,0,0,0
normal02.mp4,17,10.636,11.887,3.9038666930184265,13.341664064126334,0.514946410843459,0.8922114567633556,7.017108743789575,0.0,286.36208585158545,0.8624445796012878,0.0155875366181135,12.18499134962633,1.1313865982924851,7.243655346092595,-0.0141361957805473,63.43494882292201,11.82665449838715,7.017108743789575,0.4557332985130606,13,9.7,0,0.12879537323519374,0,0,0
normal02.mp4,18,11.261,12.512,3.67254218636794,12.36931687685298,0.4517275950767111,0.8175272018185121,10.133248899353193,0.0,293.7329433214564,0.948281705379486,0.015541797503829,10.769815132241265,1.050993002278566,11.733344039575684,0.0098415936480715,90.0,11.393258523085905,3.674558613816529,0.3960574429202866,13,9.6,0,0.13771615423771463,0,0,0
normal02.mp4,19,11.887,13.138,3.930693358279768,12.36931687685298,0.5119940187910611,0.8166118813906661,10.133248899353193,1.0,295.0593738613173,0.948281705379486,0.0133769512176513,10.769815132241265,1.0298519818970813,11.733344039575684,0.0251698481480449,90.0,11.407955414204126,3.4898350946862,0.414858780995331,14,9.566666666666666,0,0.12605131998632338,0,0,0
normal02.mp4,20,12.512,13.764,4.155546858777607,10.198039027185567,0.3070904323325803,0.7656864873840886,6.246211251235321,0.0,263.754436201986,0.932819962501526,0.0238706562668085,9.430940003287205,1.12803164830358,9.791771075956149,0.0464115210580316,104.03624346792648,12.223305844154485,6.246211251235321,0.4047323872531215,14,9.366666666666667,0,0.13397150497258414,0,0,0
normal02.mp4,21,13.138,14.389,3.898509262764348,8.246211251235321,0.4296733752134502,0.7021663566257926,6.246211251235321,0.0,260.19291441548773,0.9475970268249512,0.0337234772741794,10.2026242053781,0.5454187638047359,9.791771075956149,0.0870833227879836,104.03624346792648,13.540148562417697,6.246211251235321,0.3851689407691387,13,10.033333333333331,0,0.1158531482482224,0,0,0
normal02.mp4,22,13.764,15.015,3.713789899309573,9.486832980505138,0.3851339726299903,0.7922174999795537,7.250765003005348,0.0,292.4216627286699,0.9735535979270936,0.0231792014092206,10.2026242053781,0.4666169400706765,8.99602797602006,0.081077740209763,135.0,16.67934219554367,4.976903770173602,0.4070446967162691,13,10.4,0,0.11548908585241426,0,0,0
normal02.mp4,23,14.389,15.641,3.5932500229617887,9.486832980505138,0.4378646420777172,0.8260368092676998,7.250765003005348,1.0,294.6456220294224,0.9735535979270936,0.013237920589745,8.844078026410102,1.2000275746596116,8.99602797602006,0.1410865583692099,135.0,16.74516774160923,4.976903770173602,0.4002553016894026,12,8.7,0,0.16739702840377882,0,0,0
normal02.mp4,24,15.015,16.266,3.3597644267115045,11.180339887498947,0.4964987946615282,0.8512629446063323,6.280109889280518,0.0,277.3550891956613,0.8412274122238159,0.0142877036705613,10.047275860308387,1.645043401756901,7.20719802192923,0.1103882247174627,143.13010235415598,14.189676648741871,5.324555320336759,0.434116868857446,12,7.933333333333334,0,0.12019802108718002,0,0,0
normal02.mp4,25,15.641,16.892,3.589541992914398,11.180339887498947,0.6012417354858827,0.9017985035558828,6.280109889280518,0.0,280.03189444931024,0.9705973267555236,0.0245416592806577,10.047275860308387,1.4197946536910964,8.089399648267147,-0.0360186572133096,143.13010235415598,14.273030978615871,5.585786437626905,0.4669860629455618,13,8.966666666666667,0,0.21363561550059984,0,0,0
normal02.mp4,26,16.266,17.517,4.085197974530469,9.848857801796104,0.5322225778465784,0.7915576748827655,6.0,0.0,289.9266254331623,0.9705973267555236,0.0366151593625545,11.765973576240526,0.976891845338308,8.089399648267147,-0.0573306403414077,135.0,13.56396498421258,5.585786437626905,0.4265572051284962,13,9.6,0,0.18076455725760723,0,0,0
normal02.mp4,27,16.892,18.143,4.167498971839141,9.848857801796104,0.4560954209209638,0.6814014704668824,3.524302481459345,0.0,275.20542720691435,0.9568912386894226,0.0407789684832096,11.765973576240526,1.5050059648957774,5.028716907146588,0.0150114154558978,63.43494882292201,13.927448276389956,3.524302481459345,0.3437637109743016,12,8.9,0,0.2090430189984274,0,0,0
normal02.mp4,28,17.517,18.769,4.022798086779502,10.44030650891055,0.3721175492164587,0.8021498379816182,4.910341757963664,0.0,278.1975575790053,0.9568912386894226,0.0266068093478679,8.701736975861706,1.494663254126555,5.052402179703336,0.0014917273031108,63.43494882292201,14.099499778762237,4.910341757963664,0.3929632198981092,13,9.366666666666667,0,0.17560710359027895,0,0,0
normal02.mp4,29,18.143,19.394,4.069932167727877,10.44030650891055,0.2892336942897409,0.8178553610202859,4.910341757963664,0.0,289.8331657175105,0.9782268404960632,0.0159540474414825,8.993531607005139,0.44910479561662,5.052402179703336,-0.0006610866928707,45.00000000000001,12.241012681174908,4.910341757963664,0.4276022517459721,14,11.233333333333333,0,0.08008883632985087,0,0,0
normal02.mp4,30,18.769,20.02,3.985101593387005,9.219544457292889,0.2846543560364886,0.7253934856584312,4.747408502293308,0.0,294.3669642559791,0.9782268404960632,0.0135341053828597,11.307875188425328,0.3103609426540773,5.901178621995427,-0.0178374126877471,90.0,12.06128684683778,3.944271909999159,0.3844376418889997,14,11.766666666666667,0,0.06066899739048119,0,0,0
normal03.mp4,0,0.0,1.251,2.1939465554387505,10.63014581273465,0.4507959607407676,0.6449543624622365,6.39444872453601,0.0,256.1646072522399,0.9804580807685852,0.0036735238973051,6.601693125194515,-0.3886921269591592,6.885721984320639,-0.0235589440128045,135.0,23.9646835096534,4.39444872453601,0.3246038495898706,21,18.23333333333333,0,0.05137269850173383,0,0,0
normal03.mp4,1,0.626,1.877,2.163399479763415,13.0,0.2605272364673487,0.7207959344559979,6.39444872453601,0.0,255.2669858068265,0.9688838124275208,0.0038565557915717,6.601693125194515,-0.2895014550526786,6.885721984320639,-0.0182299539171133,135.0,26.076422349400183,5.384226894136091,0.3668689580996514,21,18.066666666666663,0,0.031461914037688166,0,0,0
normal03.mp4,2,1.251,2.502,2.030729328284006,13.0,0.222986026742607,0.717797294175757,5.384226894136091,0.0,253.84161399337,0.9685829281806946,0.0020557749085128,9.972874445173602,-0.0130126718544092,5.288075390331471,-0.0473359799478926,135.0,25.7451329906702,5.384226894136091,0.3640210375776859,21,17.933333333333334,0,0.030975178713433856,0,0,0
normal03.mp4,3,1.877,3.128,2.1076249997486314,12.041594578792296,0.2209591562032174,0.727116823159954,6.307935767817741,21.93171219946131,262.6851563967867,0.214637354016304,0.0013186453143134,9.972874445173602,0.1612453827068633,8.552509685944955,-0.0475545713848666,180.0,27.2683440098255,6.307935767817741,0.3707941738237472,22,18.766666666666666,0,0.027171053897157252,0,0,0
normal03.mp4,4,2.502,3.754,2.153069774583502,12.041594578792296,0.1802535567953364,0.6765335304188347,6.307935767817741,19.313207915827967,258.6952264196554,0.2148531675338745,0.001322700176388,8.488179340681086,0.5242542735171998,8.552509685944955,-0.0176175733794496,180.0,26.116985107961906,6.307935767817741,0.3358453949605241,23,19.4,0,0.03824178136679835,0,0,0
normal03.mp4,5,3.128,4.379,2.0838041596075088,6.4031242374328485,0.1862561745548971,0.7169976907137681,3.240846577264469,19.313207915827967,255.4866674224509,0.2148531675338745,0.0007973982719704,7.068476427736357,0.4378448098295396,5.595560243243597,-0.0374220232474464,153.434948822922,22.010686259656097,3.0,0.356511897535916,23,19.4,0,0.04093464654315042,0,0,0
normal03.mp4,6,3.754,5.005,2.333851846889883,7.810249675906654,0.3712463009214844,0.730788059803945,3.240846577264469,25.80697580112788,273.542901807465,0.0986487790942192,0.0007419502944685,6.495192239674452,-0.1133932931357871,5.595560243243597,-0.0503188279683682,90.0,20.46408186432398,3.0,0.3657770132738002,22,17.8,0,0.016780255288618238,0,0,0
normal03.mp4,7,4.379,5.631,2.567346060558513,12.36931687685298,0.217856647374443,0.7400622532065838,5.57773966612131,8.0,282.9805084378797,0.6628067493438721,0.0013959639472886,6.495192239674452,-0.4850824457487621,6.355394639998963,0.0064654408753777,161.565051177078,22.573691236246383,5.57773966612131,0.3717039530964268,20,17.333333333333332,0,0.009528019323671498,0,0,0
normal03.mp4,8,5.005,6.256,2.225056901686436,12.36931687685298,0.3642210429673316,0.7469090671604971,5.57773966612131,0.0,263.29031696285,0.6958705186843872,0.0018233462469652,6.19052046608499,-0.2263826840907857,6.355394639998963,-0.0158968325703934,180.0,24.18807989884569,5.57773966612131,0.3686918453124995,21,18.4,0,0.01251284168042561,0,0,0
normal03.mp4,9,5.631,6.882,2.1895664489454374,9.219544457292889,0.3543798461184044,0.7006675512887084,4.834999834365686,0.0,261.26000764582034,0.6999999284744263,0.0021735506597906,8.942960559952724,-0.0464248614306466,6.983188764143279,-0.0514542168132197,180.0,23.81228407191461,3.908790151697096,0.3362412339117299,21,18.466666666666665,0,0.024330545775826325,0,0,0
normal03.mp4,10,6.256,7.507,2.5523985782013496,12.806248474865695,0.2326223479669525,0.7094672855423801,4.262244729548167,10.0,279.6939671635879,0.6999999284744263,0.0020363789517432,8.942960559952724,-0.3227780737206914,6.983188764143279,-0.0228858475803363,180.0,23.9025708437419,3.126971215320093,0.3453633259952268,21,18.366666666666667,0,0.00888792270531401,0,0,0
normal03.mp4,11,6.882,8.133,2.3714179957071977,12.806248474865695,0.3316983279183429,0.6741647966639785,4.262244729548167,14.142135623730953,280.06790460059966,0.6342023015022278,0.0018789289752021,6.829171916580833,-0.1468533232345652,5.204811976070403,-0.0387965910529187,180.0,24.68554665950841,3.126971215320093,0.3393405548108638,21,17.566666666666666,0,0.014142512077294687,0,0,0
normal03.mp4,12,7.507,8.759,2.114690641549522,14.0356688476182,0.2575855213794931,0.7350319434606037,12.0356688476182,15.033296378372908,267.1941192927007,0.6342023015022278,0.0018875409150496,7.996731955718815,-0.0428173659612442,11.99645874613185,-0.0237569406160741,150.2551187030578,27.80047797136677,9.0356688476182,0.3683469016813003,20,15.233333333333333,0,0.03341182402658485,0,0,0
normal03.mp4,13,8.133,9.384,2.302826249291568,14.0356688476182,0.3321628709844465,0.7644239445727123,12.0356688476182,31.240998703626616,263.3160790876171,0.1074782386422157,0.0011327522806823,7.996731955718815,-0.3466955137653059,11.99645874613185,-0.042678338287387,150.2551187030578,28.470871318857185,9.0356688476182,0.3644546049959912,20,15.233333333333333,0,0.03495583553763973,0,0,0
normal03.mp4,14,8.759,10.01,2.4716515392037794,10.63014581273465,0.2574656252545642,0.6991792917321741,3.4031242374328485,6.324555320336759,284.03853447274645,0.8345150947570801,0.0007230152841657,8.440984019560403,-0.3885272010953607,6.961005319318247,-0.0361761106552744,135.0,25.43188531325944,3.4031242374328485,0.346027089473151,25,18.4,0,0.008900966183574879,0,0,0
normal03.mp4,15,9.384,10.636,2.2836201367180182,10.198039027185567,0.3069020967905617,0.7087555114982327,3.4031242374328485,0.0,281.14699405964075,0.8345150947570801,0.0010553335305303,8.440984019560403,0.1236090830419906,6.961005319318247,0.0333938260463517,180.0,23.736007562759344,3.4031242374328485,0.3674643925412954,25,18.9,0,0.013702455206995659,0,0,0
normal03.mp4,16,10.01,11.261,2.143773659859653,11.704699910719626,0.2129004234752624,0.741922374730948,4.996495978220256,0.0,262.94470696410895,0.7603175640106201,0.0011753136059269,13.478437738956243,0.6800935941380507,7.83407031743593,-0.0131113877870913,180.0,22.832371616900424,4.996495978220256,0.3752148998247614,22,18.9,0,0.12368054738597899,0,0,0
normal03.mp4,17,10.636,11.887,2.238021790775482,11.704699910719626,0.2393407908331909,0.7428468354346193,4.996495978220256,30.80584360149873,259.9901782979014,0.2767047584056854,0.0012958463048562,13.478437738956243,0.6597451955381379,7.83407031743593,-0.0584267836383666,180.0,21.74112945674769,4.996495978220256,0.3694931158929291,24,21.066666666666663,0,0.10747134484238546,0,0,0
normal03.mp4,18,11.261,12.512,2.387936318991076,10.0,0.2501204681684259,0.7119519236250272,4.301363058198246,1.0,265.2456245972833,0.9881027936935424,0.00162833428476,9.754904744482133,0.1087849381296669,6.893157751768271,-0.039177277228522,180.0,22.368215972680037,4.071867790317951,0.3564877373759164,24,21.7,0,0.05521390489410114,0,0,0
normal03.mp4,19,11.887,13.138,2.401784409057113,14.866068747318506,0.3002543271742314,0.7211456543362157,3.685728859819557,0.0,276.9406073329029,0.9881027936935424,0.0023850537836551,7.156711920644455,-0.3660793135442102,6.717891594965238,-0.0372542615260139,180.0,24.01228874078117,3.685728859819557,0.3611516118852305,24,20.5,0,0.052195825377167576,0,0,0
normal03.mp4,20,12.512,13.764,2.115497253800678,14.866068747318506,0.3239132489977664,0.7174528313472711,4.910341757963664,0.0,278.93850543250863,0.9709798097610474,0.0025194254703819,6.810076129198592,-0.2061293978254341,6.717891594965238,-0.0301700124252043,135.0,22.53950224448304,4.910341757963664,0.3579729512591258,22,19.366666666666667,0,0.031091847316285934,0,0,0
normal03.mp4,21,13.138,14.389,2.027454944213534,8.246211251235321,0.226665358392294,0.6686262802386307,5.417784126489131,1.0,284.11500592223337,0.9709798097610474,0.0018678570631891,4.842931101755312,-0.2459506290353217,5.984537345403737,-0.0385373409674181,135.0,20.96683740651473,5.417784126489131,0.3374826837742908,22,18.2,0,0.025706773558482963,0,0,0
normal03.mp4,22,13.764,15.015,2.0978249471148387,9.433981132056603,0.3472680985767497,0.6638335257747472,5.417784126489131,0.0,287.5192193634855,0.9750911593437196,0.0025357981212437,5.775751947303036,-0.3125426301997094,5.984537345403737,-0.0231458048487935,135.0,22.415554983523148,5.417784126489131,0.3404225597370499,20,16.733333333333334,0,0.05206552268893829,0,0,0
normal03.mp4,23,14.389,15.641,2.074275095868757,9.433981132056603,0.3305059240917467,0.6794806956561891,3.777126882564223,0.0,277.8833020366556,0.9750911593437196,0.0021764293778687,8.012259635833914,0.3106355622283973,5.079733446788168,-0.0007896333593165,90.0,23.685364924936,3.777126882564223,0.3452872038409798,20,16.466666666666665,0,0.06143597839095404,0,0,0
normal03.mp4,24,15.015,16.266,2.2502529727234384,10.63014581273465,0.2688983021539592,0.688667746593479,3.585786437626905,0.0,272.14122269195644,0.6199772953987122,0.001044952427037,8.012259635833914,0.22630548123573,4.18930049142449,-0.0423830849815039,180.0,23.4754397270766,3.585786437626905,0.3360808478029993,19,17.0,0,0.02735812460740349,0,0,0
normal03.mp4,25,15.641,16.892,2.503836947574986,15.0,0.2858019495771102,0.6785118392113223,4.704369859012999,1.0,282.5063283322546,0.9593566656112672,0.0019011021358892,6.603444396061434,-0.2551066800438085,5.773791059843063,-0.0410611694775331,180.0,22.86830064141565,4.402899389438197,0.337259406927939,18,16.633333333333333,0,0.02236341424691476,0,0,0
normal03.mp4,26,16.266,17.517,2.4415559443041954,15.0,0.3146048918625481,0.7015160178076896,4.704369859012999,1.0,289.55193604765515,0.9593566656112672,0.0019486739765852,6.603444396061434,-0.1727380744496524,8.04120739619583,-0.0283621041654519,135.0,24.86692737283717,4.402899389438197,0.3624573037929572,19,15.8,0,0.013884466621657718,0,0,0
normal03.mp4,27,16.892,18.143,2.186489116929532,7.810249675906654,0.2236643613695197,0.7545210638323449,2.8284271247461903,0.0,270.14382476330644,0.9660866856575012,0.0012323871487751,5.815510182777302,0.0346388342981547,8.04120739619583,-0.0182650824582825,135.0,26.588127110796155,2.8284271247461903,0.3741831135533178,19,15.633333333333333,0,0.027694092243226543,0,0,0
normal03.mp4,28,17.517,18.769,2.2745065796709096,11.704699910719626,0.3407782273749322,0.7272255143403027,5.873748015874325,0.0,261.45448268021727,0.9801720976829528,0.0016600905219092,11.618316467353113,0.2833856311849555,5.299654642673545,-0.0065767023048827,180.0,27.19379351316127,5.873748015874325,0.3602170102821146,19,16.2,0,0.054214752328636505,0,0,0
normal03.mp4,29,18.143,19.394,2.379590306830138,11.704699910719626,0.3025063267750399,0.7253368035065353,5.873748015874325,1.0,259.7813760720816,0.9801720976829528,0.0013040718622505,11.618316467353113,-0.0083699441057631,6.068750839832759,-0.0288719914604279,180.0,28.33158329413184,5.873748015874325,0.365722362995893,19,16.533333333333335,0,0.04492107571246343,0,0,0
normal03.mp4,30,18.769,20.02,2.220315685792973,12.041594578792296,0.235596480375714,0.7843262112007873,5.449833862673428,26.87005768508881,250.0480958694728,0.2552415430545807,0.0011058000382035,8.245088758420323,-0.2773720510729879,6.583125608089972,-0.0460939042138697,180.0,28.747209716656123,4.996773991578637,0.4052012742837501,18,15.466666666666669,0,0.008641102549990827,0,0,0
normal03.mp4,31,19.394,20.646,2.1731320572609505,12.041594578792296,0.2744263944480529,0.7906505842629543,5.449833862673428,26.87005768508881,257.3353923523392,0.2552415430545807,0.0022089884150773,6.313366946601747,0.1061309692572351,6.583125608089972,-0.0312569785172419,180.0,27.31708266695256,4.996773991578637,0.4073229122947915,17,14.233333333333333,0,0.018321045870285612,0,0,0
normal03.mp4,32,20.02,21.271,2.339850146700496,6.4031242374328485,0.3167331146688673,0.7527692332839987,5.082762530298219,29.8328677803526,265.73554899570115,0.2385662645101547,0.0023758714087307,7.9972125741585955,0.2782163651580343,7.9972125741585955,-0.0288164182707349,180.0,23.68047276773821,3.6848059512196896,0.3708132997759045,18,14.7,0,0.01802516404437532,0,0,0
normal03.mp4,33,20.646,21.897,2.507433948286761,7.211102550927978,0.23274709253563,0.7154855739185707,5.082762530298219,1.0,275.148157259252,0.9770673513412476,0.0023718557786196,7.9972125741585955,0.0439762217025578,7.9972125741585955,-0.0530761299769656,170.5376777919744,20.995758500402253,2.47213595499958,0.350988966526933,21,17.433333333333334,0,0.04358404653057742,0,0,0
normal03.mp4,34,21.271,22.522,2.654964373803345,11.704699910719626,0.2587459398949163,0.7608813284939023,7.704699910719626,1.0,285.51856900513184,0.9770673513412476,0.0021493113599717,7.922534507488422,-0.3063271680881774,8.921104410475095,-0.0755295507968258,153.434948822922,20.25897406408582,4.062257748298549,0.3862662617594479,21,18.3,0,0.02857520564042303,0,0,0
normal03.mp4,35,21.897,23.148,2.572199103632384,11.704699910719626,0.3472442685147902,0.7232165689382887,7.704699910719626,1.4142135623730951,283.0851358792474,0.974028706550598,0.0012275162152945,7.922534507488422,-0.5651166418995154,8.921104410475095,-0.053433941478225,153.434948822922,20.54175638239874,4.062257748298549,0.366231322462176,21,17.466666666666665,0,0.030100433509533904,0,0,0
normal03.mp4,36,22.522,23.774,2.4130043626712587,8.48528137423857,0.3034759920216839,0.6463938971429559,3.0990195135927845,24.839484696748443,272.3856664463521,0.2332583516836166,0.0011082774726673,7.588790684820651,-0.8107697120626496,6.046665304703652,-0.0462128151899923,135.0,21.04722428543461,2.225400619381312,0.3140364989675365,21,18.1,0,0.016740176234043124,0,0,0
normal03.mp4,37,23.148,24.399,2.4860778364507694,12.727922061357855,0.2359894330338077,0.7086192509128625,3.6848059512196896,10.198039027185567,281.7192552263186,0.4678773880004883,0.0015206673415377,8.184574655717995,-1.0466507696240346,6.891081213758412,-0.0166810625065632,168.6900675259798,22.25710241223136,3.6848059512196896,0.3481344104945211,22,18.966666666666665,0,0.00772595250679203,0,0,0
normal03.mp4,38,23.774,25.025,2.432152488186484,12.727922061357855,0.1800632630768144,0.7154142027324756,4.453495445695529,10.198039027185567,303.4769647141006,0.4678773880004883,0.0016950604040175,8.439953090581866,-0.879162802175101,6.891081213758412,0.0192133383975808,168.6900675259798,23.01788561422724,4.453495445695529,0.3539396224092925,22,19.433333333333334,0,0.007967498400511835,0,0,0
normal03.mp4,39,24.399,25.651,2.460655842561238,10.63014581273465,0.2085088699101504,0.7032329336855067,4.76393202250021,37.48332962798263,311.6769769441988,0.1456980854272842,0.0014542085118591,8.756273354453356,-0.6244849580760212,9.366870906675471,-0.0531605463592477,180.0,23.63255158342206,4.453495445695529,0.343251192817914,21,18.466666666666665,0,0.031851849197320335,0,0,0
normal03.mp4,40,25.025,26.276,2.5795413943731047,12.041594578792296,0.246326718064638,0.7095086864406353,5.795175080364445,41.400483088968905,312.4686698034151,0.0966548323631286,0.0011726197553798,12.448280494255243,-0.7252153457172492,9.366870906675471,-0.0593946620864669,180.0,23.451717875896097,5.795175080364445,0.361425073805047,20,16.5,0,0.04729858736429789,0,0,0
normal03.mp4,41,25.651,26.902,2.3666181083938755,12.041594578792296,0.333375383692964,0.7047543652228888,5.795175080364445,1.4142135623730951,302.8092021270601,0.909031093120575,0.0014112468343228,12.448280494255243,-0.6292647468238591,5.504921272181832,-0.0400531826948385,180.0,24.848413357798957,5.795175080364445,0.3675138830956198,19,16.066666666666666,0,0.01967055662835328,0,0,0
normal03.mp4,42,26.276,27.527,2.161367804553952,12.041594578792296,0.1774883390445797,0.7288252532037105,4.280109889280518,0.0,292.0025665043892,0.9652889370918274,0.002469279570505,7.914474265326305,-0.3989786374859483,8.062080236332548,-0.0409004467751529,180.0,25.60030881545317,3.4961281955905688,0.354616995110533,19,17.1,0,0.029374123176722014,0,0,0
normal04.mp4,0,0.0,1.2,0.5820494361913112,2.23606797749979,0.2065292128633979,0.6171607977537873,2.23606797749979,0.0,352.7522160925437,0.987941324710846,0.0171812940388917,2.217921668004948,0.1050979699018921,2.8024070711671243,-0.0059201149085929,180.0,50.053624573524345,2.23606797749979,0.307187045508958,13,12.5,0,0.15130815772262382,0,0,0
normal04.mp4,1,0.6,1.8,0.5904332181946244,2.23606797749979,0.1591296984935226,0.6838596226670872,2.23606797749979,0.0,344.50466883096243,0.987941324710846,0.0103954104706645,2.217921668004948,0.1050168947016728,3.156675019365593,0.0045344808360512,180.0,69.65,2.23606797749979,0.3365620849267067,14,13.133333333333333,0,0.12463590845576268,0,0,0
normal04.mp4,2,1.2,2.4,0.559611837646788,2.23606797749979,0.1571682494061035,0.6989132611794012,2.23606797749979,46.87216658103186,342.12681799838595,0.2351467013359069,0.006272189784795,2.236067335348139,0.0432993705388465,3.156675019365593,-0.013623834915274,180.0,66.62500000804945,2.23606797749979,0.3507134231839163,14,12.766666666666667,0,0.04376308555990771,0,0,0
normal04.mp4,3,1.8,3.0,0.5403348858532412,1.4142135623730951,0.1570195855376875,0.6630583957389964,1.4142135623730951,34.48187929913333,339.48837529090827,0.30514857172966,0.0078534884378314,2.236067335348139,0.0023964420432652,3.0958915128430817,0.0002209550195111,135.0,64.95000000804946,1.4142135623730951,0.3385090482602736,14,12.3,0,0.042456337607743574,0,0,0
normal04.mp4,4,2.4,3.6,0.6124785157998986,4.123105625617661,0.1667229474772633,0.669607301672277,4.123105625617661,16.0,332.81117429323353,0.5961980819702148,0.0101028140634298,4.066222656500898,0.0085592594787068,5.062589717539211,0.0042265744509784,180.0,77.43862548934771,1.8870376481178708,0.3324851968863769,14,12.5,0,0.015159377623005375,0,0,0
normal04.mp4,5,3.0,4.2,0.6424202006886092,4.123105625617661,0.1457566790561942,0.6923503297644776,4.123105625617661,0.0,332.8070911537458,0.9900881052017212,0.0136124873533844,4.066222656500898,0.0131079231557972,5.062589717539211,-0.0171624832677234,180.0,76.36120910699816,2.23606797749979,0.3465946902001581,15,12.933333333333334,0,0.16940745132239993,0,0,0
normal04.mp4,6,3.6,4.8,0.6124679580180277,2.23606797749979,0.1095703281927971,0.6630250906391477,2.23606797749979,0.0,325.23645934019004,0.9900881052017212,0.0144314374774694,2.531958731106726,-0.0199701561240659,3.278099012794172,-0.0138369108097657,180.0,73.40808533361486,2.23606797749979,0.3345593837905863,15,12.6,0,0.18396880036089072,0,0,0
normal04.mp4,7,4.2,5.4,0.6723354552013986,7.071067811865476,0.1763937960141304,0.6901244969562464,5.656854249492381,32.7566787083184,321.8409607112475,0.2983438372611999,0.0122272484004497,2.8823781152549657,-0.0591885180207822,6.962367688926747,0.0063198447947855,180.0,77.81942323949936,4.071067811865476,0.3433625766594785,13,11.333333333333334,0,0.01949994330386777,0,0,0
normal04.mp4,8,4.8,6.0,0.6266764496161173,7.071067811865476,0.2226369879245837,0.7068458273574207,5.656854249492381,37.44329045369811,329.9406849473995,0.2604038417339325,0.0105217741802334,2.8823781152549657,-0.0445469608555946,6.962367688926747,0.00044025524247,180.0,70.88392153695071,4.071067811865476,0.3506118499290742,12,10.833333333333334,0,0.01953080750139863,0,0,0
normal04.mp4,9,5.4,6.6,0.538833311364824,3.0,0.1804619940674237,0.623179276939086,1.4142135623730951,18.027756377319943,332.24330073505445,0.5488888025283813,0.0094315567985177,2.644343049389306,-0.0198773529792536,2.9755407230298943,-0.0015102798419598,180.0,63.50000001341576,1.4142135623730951,0.3115343477078013,12,10.7,0,0.04588021245351717,0,0,0
normal04.mp4,10,6.0,7.2,0.5385334804272355,3.0,0.1529529312221578,0.5875567626884816,1.4142135623730951,18.027756377319943,332.6798363339334,0.5488888025283813,0.009187058545649,2.644343049389306,-0.0232250978560973,3.1375868380769134,-0.0028428271643347,180.0,69.25,1.4142135623730951,0.2964213587402856,12,10.4,0,0.07865789172264445,0,0,0
normal04.mp4,11,6.6,7.8,0.5449412266502364,2.0,0.1491668835009454,0.6540775722759409,2.0,1.0,335.89357589787886,0.9685092568397522,0.0111552318558096,2.313506214424024,0.0197284213895871,3.1375868380769134,0.0052242182381681,180.0,72.75,2.0,0.3231783701890156,13,10.866666666666667,0,0.060631969236528464,0,0,0
normal04.mp4,12,7.2,8.4,0.5479228721010675,2.0,0.1780262403091152,0.7207531155566155,2.0,1.0,328.66598222024066,0.9685092568397522,0.0127909714356064,2.313506214424024,0.062202733292117,3.123987039900044,0.0099932667748852,180.0,68.75,2.0,0.3575005651766691,14,11.3,0,0.05141926171693613,0,0,0
normal04.mp4,13,7.8,9.0,0.5380842059372647,2.0,0.150606269966978,0.6699484567191794,1.4142135623730951,38.60051813123757,316.7254648858504,0.3166821599006653,0.0123197231441736,2.2320633467717244,0.0132932134788788,3.097928281206464,-0.01829856385003,180.0,73.375,1.4142135623730951,0.3315996170882612,14,12.066666666666666,0,0.028929188933964685,0,0,0
normal04.mp4,14,8.4,9.6,0.5311303851564503,1.4142135623730951,0.1354913080725819,0.6353184382328748,1.4142135623730951,18.110770276274835,312.9236411608293,0.6532561779022217,0.0130329933017492,2.221379708756757,-0.014754477891405,3.99796099830985,0.0016244169585796,180.0,77.825,1.4142135623730951,0.3175732196567748,15,13.233333333333333,0,0.029874365808475484,0,0,0
normal04.mp4,15,9.0,10.2,0.5316620996157853,5.830951894845301,0.195029249837017,0.6746482808374987,5.830951894845301,9.899494936611664,318.05588744985965,0.7134700417518616,0.0128813628107309,5.006586952407986,0.0272456602380256,5.006586952407986,0.0089592535511037,180.0,71.57429987115772,3.0579223926264847,0.3443374137397487,15,13.1,0,0.021818211526937317,0,0,0
normal04.mp4,16,9.6,10.8,0.5610748638848002,5.830951894845301,0.1694717169375669,0.6561155696593554,5.830951894845301,0.0,324.6404624510996,0.9818864464759828,0.0126608749851584,5.006586952407986,0.0149161725598576,5.006586952407986,-0.0134818414951826,180.0,69.39415106528953,3.0579223926264847,0.326778574936226,15,13.133333333333333,0,0.07399308515853396,0,0,0
normal04.mp4,17,10.2,11.4,0.5527722295962061,2.23606797749979,0.1275758638705601,0.6089536020117738,2.23606797749979,0.0,333.33016977492656,0.9818864464759828,0.0119008608162403,2.680336222479127,-0.014227928613728,3.5754928277432327,-0.0111075460257404,180.0,76.56985119413181,1.4142135623730951,0.3040412756436746,15,13.6,0,0.07812328472616699,0,0,0
normal04.mp4,18,10.8,12.0,0.5173115916864842,2.0,0.1561754806638383,0.6263125641368615,1.4142135623730951,34.655446902326915,344.3102336166374,0.2687779068946838,0.01144231390208,2.680336222479127,0.0472044833221367,3.5754928277432327,0.0080906593639164,180.0,71.8,1.4142135623730951,0.3146245041068762,15,12.833333333333334,0,0.029684999022334502,0,0,0
normal04.mp4,19,11.4,12.6,0.5188606923999851,1.4142135623730951,0.1466402962896595,0.6645809526273582,1.4142135623730951,33.37663853655727,337.65158358704167,0.2510713040828705,0.0119093097746372,2.4027425455925027,0.068748261069602,3.1420500081929674,0.0098095600578968,180.0,66.22500004024728,1.4142135623730951,0.3352589952891819,14,12.4,0,0.030796163283480678,0,0,0
normal04.mp4,20,12.0,13.2,0.5814978939528711,3.1622776601683795,0.1760449278102421,0.6833150010495348,2.0,32.0624390837628,317.35922377437777,0.2570863664150238,0.0124286748468875,3.1621792458051345,0.0648829441426133,3.8605490353725713,0.0118347146059667,180.0,58.86050174614988,1.4142135623730951,0.3396166164206436,15,12.6,0,0.013576248243307368,0,0,0
normal04.mp4,21,12.6,13.8,0.5754514597617956,3.1622776601683795,0.2011968914720212,0.6745379618964976,2.0,32.0624390837628,307.7254062912752,0.2963358163833618,0.0113424705341458,3.1621792458051345,0.0759349622373295,3.8605490353725713,-0.0049614414549476,180.0,52.2855017059026,2.0,0.338497738958339,15,13.066666666666666,0,0.009609618404688127,0,0,0
normal04.mp4,22,13.2,14.4,0.5075695065062508,2.23606797749979,0.1992614080993995,0.6098446876624226,2.23606797749979,31.400636936215164,300.5273237338023,0.3101341426372528,0.0088194739073514,2.873917052755587,0.0442720524020785,3.8328283276803887,-0.021676750918943,180.0,54.67137542647565,2.23606797749979,0.3098693417250557,15,13.0,0,0.02982727720717917,0,0,0
normal04.mp4,23,13.8,15.0,0.4918576491516203,3.0,0.1826254409790396,0.5940511283893289,2.23606797749979,31.0,300.5325074377335,0.3101341426372528,0.0083426143974065,3.137146193814715,0.0355114987337643,3.625726541880965,-0.0065571211147376,180.0,54.72137542647565,2.23606797749979,0.2868863046506957,15,12.533333333333331,0,0.0678105463818754,0,0,0
normal04.mp4,24,14.4,15.6,0.4915030044666144,3.0,0.1538194303810974,0.6350359150467504,2.0,2.0,306.8978103016512,0.9675100445747375,0.0107595771551132,3.137146193814715,0.0049671060507974,3.625726541880965,-0.0066201519144369,180.0,68.975,1.4142135623730951,0.3158534015378489,13,12.633333333333333,0,0.04609850675000274,0,0,0
normal04.mp4,25,15.0,16.2,0.512919414721174,1.4142135623730951,0.2083591770285492,0.6527665661224124,1.4142135623730951,0.0,312.7746522095737,0.9892420768737792,0.0162876937538385,2.013579194193028,-0.0176566379563449,2.8236267854344987,0.007361349495554,180.0,66.9,1.4142135623730951,0.3263375465288549,13,11.2,0,0.1933170187642447,0,0,0
normal04.mp4,26,15.6,16.8,0.5066265108900141,2.0,0.2053249489004529,0.6832164706083219,2.0,0.0,333.1079303907755,0.9892420768737792,0.0133441351354122,2.013579194193028,-0.0126978910514181,2.985369944198652,0.0177476068707278,180.0,62.125,1.4142135623730951,0.3403106788094255,11,10.1,0,0.2098685580943512,0,0,0
normal04.mp4,27,16.2,17.4,0.5354317926052327,9.433981132056603,0.2242716847069528,0.7390041668324232,8.433981132056603,0.0,345.3718643837996,0.9901365041732788,0.0175745319575071,1.687265751611548,-0.0658647242007966,6.3093960093902695,0.0092562569428991,180.0,61.760501746149885,6.271703471888223,0.3707553527530924,11,10.2,0,0.21968653246854378,0,0,0
normal04.mp4,28,16.8,18.0,0.6446294108596605,10.816653826391969,0.3571828223988848,0.7770602100771236,10.816653826391969,0.0,334.53141014417577,0.9901365041732788,0.0246956851333379,9.45349618418527,0.0010030030782603,9.45349618418527,-0.0087154145132775,180.0,64.49508214548499,6.574013139272684,0.3840559097721032,11,9.3,0,0.3015042362836187,0,0,1
normal04.mp4,29,17.4,18.6,0.644229248220381,10.816653826391969,0.3389611613514107,0.7094345867338158,10.816653826391969,1.0,328.8131114672789,0.9732733964920044,0.0153000121936202,9.45349618418527,0.0116963147167895,9.45349618418527,-0.0323464910305721,180.0,67.3595803993351,6.574013139272684,0.3457211408929034,10,8.133333333333333,0,0.2827832218569308,0,0,0
normal04.mp4,30,18.0,19.2,0.5541412587623494,2.23606797749979,0.1977728188942904,0.668363686086918,2.23606797749979,2.23606797749979,321.56465794301187,0.9023504853248596,0.0096291489899158,3.1072209394983474,-0.0536555342408231,3.30341208449073,0.022538352245504,180.0,63.875,1.4142135623730951,0.3300102030067354,11,8.633333333333333,0,0.08518554758065354,0,0,0
normal04.mp4,31,18.6,19.8,0.5259248165371754,2.23606797749979,0.1521957639128466,0.6870312549125639,2.23606797749979,1.4142135623730951,318.616044072578,0.9039442539215088,0.0137627683579921,3.1072209394983474,-0.0799389991543639,3.30341208449073,0.0253937558616361,180.0,73.55566894120348,2.23606797749979,0.3576559814065269,11,9.566666666666666,0,0.05160533976550979,0,0,0
normal04.mp4,32,19.2,20.4,0.6242671257936404,4.47213595499958,0.1866082611972694,0.6567848642148862,3.0579223926264847,1.4142135623730951,320.37615206177435,0.9039442539215088,0.0199100691825151,3.7847949117793576,-0.1566580132818135,4.102714508414806,-0.0203329556558571,180.0,66.2991638335575,3.0579223926264847,0.3265541298672941,11,9.133333333333333,0,0.08116076119012376,0,0,0
normal04.mp4,33,19.8,21.0,0.6530896831996217,4.47213595499958,0.1810097452636352,0.6130525494203306,3.0579223926264847,13.038404810405298,320.1483133013337,0.5789965987205505,0.0228938534855842,3.7847949117793576,-0.1558162735692399,4.102714508414806,-0.0080289738915532,180.0,60.42574403940272,3.0579223926264847,0.296988942885481,10,8.8,0,0.20750236274516082,0,0,0
normal04.mp4,34,20.4,21.6,0.5976121767467603,2.23606797749979,0.18056958097273,0.6194417619249218,1.4142135623730951,6.4031242374328485,332.1165521824093,0.5789965987205505,0.0217708703130483,2.42227753265513,-0.0948264295030735,2.659232195689839,0.0036279322794103,180.0,54.63708192180965,1.4142135623730951,0.3066554801760551,10,8.933333333333334,0,0.11126908064551164,0,0,0
normal04.mp4,35,21.0,22.2,0.6034758452576364,3.0,0.2286241067080558,0.7258276002345347,2.23606797749979,6.4031242374328485,323.73180916653234,0.5359072685241699,0.0154147008433938,3.1413068674687,-0.0994869684611327,3.7020200027045007,-0.0300656982502777,180.0,43.569331088982,2.23606797749979,0.3530668356646275,10,8.166666666666666,0,0.08488804905495867,0,0,0
normal04.mp4,36,21.6,22.8,0.5740465717724182,3.0,0.20538064691276,0.739836389526579,2.23606797749979,17.08800749063506,298.08705526896324,0.3620857298374176,0.012267324142158,3.1413068674687,-0.0976223304570027,3.7020200027045007,-0.020936687534475,180.0,57.23949831422104,2.23606797749979,0.3693239830932123,10,7.766666666666667,0,0.0697876446145198,0,0,0
normal04.mp4,37,22.2,23.4,0.5245083829312605,2.0,0.2260164563467226,0.7008051342644953,2.0,44.40720662234904,296.0792173758384,0.2812592983245849,0.0155257312580943,2.1327772409324552,-0.004240295308769,2.8514852081847266,0.0039576445879371,180.0,52.375,2.0,0.3464496407674566,9,7.366666666666666,0,0.11185871584925679,0,0,0
normal04.mp4,38,22.8,24.0,0.5256491099711982,1.4142135623730951,0.237696455443043,0.7117665512307318,1.4142135623730951,36.069377593742864,307.8403989569544,0.264514148235321,0.0139682572335004,1.408226587298259,0.0412058961389159,2.809534907114596,-0.017711758151615,180.0,55.75,1.4142135623730951,0.3466097347452175,11,7.666666666666667,0,0.06651853408179012,0,0,0
normal04.mp4,39,23.4,24.6,0.5473288354405582,2.23606797749979,0.1919970805752872,0.6337591629567174,1.4142135623730951,36.069377593742864,307.8687341434072,0.2386190444231033,0.0113397920504212,2.1056134889878138,0.0289268356960719,2.954380630203133,-0.0053205519366712,180.0,61.5,1.4142135623730951,0.3178353194145413,11,8.566666666666666,0,0.08228920493809089,0,0,0
normal04.mp4,40,24.0,25.2,0.552921384323655,3.0,0.1874997061796143,0.6101363994325051,2.8284271247461903,39.20459156782532,307.7572577627301,0.2246796786785125,0.0108818840235471,2.999781623628678,0.001052720318083,4.357681383588158,0.0138985244460684,180.0,48.317750852951306,2.8284271247461903,0.3132594541952113,9,8.6,0,0.12680327315741483,0,0,0
normal04.mp4,41,24.6,25.8,0.5733476174046123,3.1622776601683795,0.1719984455313204,0.6446534880243792,2.8284271247461903,47.70744176750625,306.509646571316,0.1874936521053314,0.0081044118851423,2.999781623628678,-0.0050651788535841,5.381496876204039,-0.0003451766855015,180.0,54.40808532355303,2.8284271247461903,0.3203790093912698,10,8.733333333333333,0,0.1653778353167071,0,0,0
normal04.mp4,42,25.2,26.4,0.6270928143113148,5.0,0.1885065401340291,0.6669342900743845,4.0,48.87739763939975,299.5623235272565,0.147445410490036,0.0045541180297732,4.063095716814473,0.0002766074425264,5.892585223186188,-0.0006444188103138,180.0,64.99656617995664,3.0,0.3292315774441724,10,8.133333333333333,0,0.21460627554995454,0,0,0
normal04.mp4,43,25.8,27.0,0.6929618868089893,5.0,0.2656311981327941,0.6857323892033741,4.123105625617661,46.647615158762406,288.4569244845689,0.1553090214729309,0.0045620193704962,4.063095716814473,-0.0284790083619091,7.208450997850264,-0.0185750368258184,180.0,68.02260654594907,3.1231056256176606,0.3464262657444535,9,7.033333333333333,0,0.21328683249593053,0,0,0
normal04.mp4,44,26.4,27.6,0.8133878076272729,16.1245154965971,0.4649662486338879,0.8311751692553937,10.04987562112089,26.0768096208106,264.8816399243582,0.3805218338966369,0.0102654406800866,10.047934782792764,-0.0784786520057958,9.64658912667312,-0.0055263569183907,153.434948822922,68.02620129793092,10.04987562112089,0.4213747243638084,10,7.133333333333334,0,0.10765775921714879,0,0,0
normal04.mp4,45,27.0,28.2,0.774050833390549,16.1245154965971,0.4689830905378819,0.9339572404655784,10.04987562112089,26.0768096208106,245.607954440526,0.4502516686916351,0.0142030529677867,10.047934782792764,-0.0906601109865823,9.64658912667312,0.0321242415538126,180.0,62.29624245670659,10.04987562112089,0.4858689834413928,10,8.366666666666667,0,0.10283685083406727,0,0,0
normal04.mp4,46,27.6,28.8,0.6479938443087148,11.40175425099138,0.3992631198453648,0.8338248134030793,10.40175425099138,37.73592452822641,254.76552206123105,0.4502516686916351,0.0127231022343039,11.216081183614165,-0.0631126130790524,20.194136314125387,0.0276371486843791,180.0,56.70318272823088,9.124515496597098,0.4154519728005396,12,9.733333333333333,0,0.037786000422189464,0,0,0
normal04.mp4,47,28.2,29.4,0.6454391020319655,11.40175425099138,0.3503809498880393,0.7397652590587079,10.40175425099138,14.317821063276352,277.1007457270589,0.5681661367416382,0.0117608355358242,11.216081183614165,-0.0557987665974719,20.194136314125387,0.0180005929786893,180.0,67.99297492403585,2.857750505673849,0.3526066199882805,12,10.233333333333333,0,0.024392427749254864,0,0,0
normal04.mp4,48,28.8,30.0,0.7133996799659353,16.55294535724685,0.3104509664351902,0.7554389177138927,12.080809402247269,14.317821063276352,289.9721425870381,0.5681661367416382,0.0153884440660476,6.4628562818053865,-0.1813541179256439,12.303503130193008,0.0898954739620817,180.0,69.47996951017684,12.080809402247269,0.4038637385067607,13,10.866666666666667,0,0.03374870844421506,0,0,0
normal05.mp4,0,0.0,1.001,0.6667691836844504,6.0,0.319132214981583,0.609940257373413,4.0,21.470910553583888,303.6799871561294,0.3511650860309601,0.0096720121800899,6.081893207554387,-0.2713942361841647,5.0928224884440425,-0.0272823311153542,180.0,42.633977513806045,3.0,0.3122312502883649,13,10.133333333333333,0,0.1316090302970144,0,0,0
normal05.mp4,1,0.501,1.502,0.6440313093102631,6.0,0.2613406558707376,0.6414726996836306,4.0,22.80350850198276,284.68405253482194,0.3511650860309601,0.0154876429587602,6.081893207554387,-0.1897225216089147,5.0928224884440425,-0.0196909356177331,180.0,51.50325257226967,3.0,0.3227205085043753,13,10.633333333333333,0,0.07571215912710834,0,0,0
normal05.mp4,2,1.001,2.002,0.6230658601338003,3.0,0.2170890423706836,0.6917214518103021,2.23606797749979,27.202941017470888,282.976740090179,0.3285625576972961,0.0131605081260204,2.9998632977153648,-0.2267746916577012,4.006960818923659,-0.0298027486620874,180.0,43.74237885169661,2.23606797749979,0.3359793410707372,13,9.766666666666667,0,0.02692500409849102,0,0,0
normal05.mp4,3,1.502,2.502,0.7607154183081791,3.1622776601683795,0.2268536002376661,0.7338723338110837,3.0,29.206163733020468,275.58149904196125,0.2650314569473266,0.0116509748622775,3.133071770609064,-0.2892851592604989,4.006960818923659,-0.0247763576612398,135.0,30.958241929863316,2.23606797749979,0.3617180418043914,12,9.233333333333333,0,0.05397999967779148,0,0,0
normal05.mp4,4,2.002,3.003,0.8251944009167723,3.1622776601683795,0.1759060213878011,0.6985056297657813,3.0,34.48187929913333,259.86518950062015,0.2293285280466079,0.0147987194359302,3.133071770609064,-0.3110734468048136,3.991519429319908,-0.0077760713343354,135.0,30.665491076912016,2.23606797749979,0.3565972476991537,12,9.0,0,0.04932153293590404,0,0,0
normal05.mp4,5,2.502,3.504,0.9105182464096288,6.0,0.3448671940523418,0.7316177062398027,5.0,31.89043743820395,253.4211390995095,0.2637187540531158,0.0150637598708271,5.998077462644858,-0.4320650736597063,9.029705487345971,-0.0138599405920259,180.0,38.60035944446493,5.0,0.3608666122539312,12,9.2,0,0.1070848498681955,0,0,0
normal05.mp4,6,3.003,4.004,0.8667367663929341,6.0,0.3747756834476152,0.8085653925065688,5.0,31.89043743820395,259.7156245895813,0.2637187540531158,0.0091777415946125,5.998077462644858,-0.4847190810495868,9.029705487345971,-0.0207198084177506,180.0,34.614485733953686,5.0,0.4030889215857496,12,9.866666666666667,0,0.05590895207924125,0,0,0
normal05.mp4,7,3.504,4.505,0.7367686194312099,3.0,0.2587348638170298,0.7067353712504604,2.23606797749979,34.66987164671943,283.0279127659798,0.231523796916008,0.0048228600062429,2.22377808630182,-0.3861853658796447,3.339104442215671,-0.0170613198585935,180.0,31.93276930049526,2.0,0.3474807794207514,12,8.533333333333333,0,0.08167361009802732,0,0,0
normal05.mp4,8,4.004,5.005,0.7385191814583859,4.123105625617661,0.2594641354009967,0.6522300984611761,2.7088920632445657,37.10795063055895,294.5673649858494,0.1815890222787857,0.0062294634990394,4.122838086314715,-0.2259392964927705,4.4332039080491725,0.0354980213180688,180.0,41.7806007667097,1.5857864376269049,0.3198744450585592,12,8.466666666666667,0,0.19394475052419183,0,0,0
normal05.mp4,9,4.505,5.506,0.7676079959757328,14.0356688476182,0.4713323111250105,0.7409380852789622,11.0356688476182,35.34119409414458,286.0730998494176,0.1815890222787857,0.0101867523044347,4.122838086314715,-0.2918553046080464,4.4332039080491725,-0.08819218386723,180.0,49.38730051575149,1.5857864376269049,0.3464013863023582,12,8.633333333333333,0,0.08028848176596293,0,0,0
normal05.mp4,10,5.005,6.006,0.8519782380349743,14.0356688476182,0.4937071444166439,0.8116979187929123,11.0356688476182,35.34119409414458,283.2001197774984,0.177187904715538,0.0105624357238411,6.922738858211687,-0.2971306356786418,9.054600032114138,-0.1468066983287254,180.0,59.57355846003681,6.071067811865476,0.3795224570647393,11,8.333333333333334,0,0.09025964508425849,0,0,0
normal05.mp4,11,5.506,6.506,0.7589067694297896,7.071067811865476,0.3133593430517954,0.7495885666206341,7.071067811865476,25.80697580112788,283.7157996204145,0.3087433278560638,0.0102490307763218,6.922738858211687,-0.078213966935326,9.054600032114138,-0.0144989943144198,180.0,63.28855018400602,6.071067811865476,0.3825569477428618,12,9.366666666666667,0,0.02368876013420861,0,0,0
normal05.mp4,12,6.006,7.007,0.6055739445271716,2.23606797749979,0.2237560441332321,0.6544358138948461,1.4142135623730951,25.80697580112788,270.88497833649194,0.3087433278560638,0.0128520224243402,2.035683666472892,-0.075251973195734,3.065095703859811,0.0084586272103797,180.0,58.7153344840175,1.4142135623730951,0.3283454274321594,12,9.433333333333334,0,0.024392692463660687,0,0,0
normal05.mp4,13,6.506,7.508,0.6929459902877511,2.23606797749979,0.2344262302175889,0.6295897202552779,2.23606797749979,18.43908891458577,273.11530440798293,0.4090906977653503,0.0156723707914352,2.9887901460322723,-0.1791494885902168,3.1093259561509896,-0.0193412081409826,180.0,51.61588142312896,2.23606797749979,0.3031411272227128,12,8.8,0,0.11859926122348746,0,0,0
normal05.mp4,14,7.007,8.008,0.8026906124329355,3.0,0.2468132217873542,0.595932790978169,3.0,18.43908891458577,297.7210642085403,0.4090906977653503,0.0164734981954097,2.9887901460322723,-0.2499365937907539,3.1093259561509896,-0.0046469160875308,180.0,44.265881429836845,2.23606797749979,0.2993126573277809,11,8.433333333333334,0,0.20264809274692508,0,0,0
normal05.mp4,15,7.508,8.508,0.770930935909675,3.0,0.2311469304013383,0.5855173404730126,3.0,29.61418578992169,310.723415203183,0.2728450894355774,0.0148490704596042,2.093582856967714,-0.3061116219809349,5.037521798413991,0.0196414540625971,180.0,36.90000000670788,2.0,0.2956103398094363,10,7.9,0,0.26424700968511555,0,0,0
normal05.mp4,16,8.008,9.009,0.7737568262280509,3.0,0.1972019833625136,0.6204367885417063,2.23606797749979,22.80350850198276,293.8744259662916,0.3599354326725006,0.0163960196077823,2.093582856967714,-0.402059897516934,5.037521798413991,-0.0053640569662772,153.434948822922,37.5177508529513,2.0,0.2963014632760621,12,8.666666666666666,0,0.09367863466133841,0,0,0
normal05.mp4,17,8.508,9.51,0.7734542209236207,3.0,0.1993683532666009,0.666876354715035,3.0,21.93171219946131,279.7668785697112,0.3763262629508972,0.02095877379179,2.999992442135067,-0.4401024278549306,4.247692336019611,-0.0076941356163651,153.434948822922,38.21133788240694,3.0,0.3338487147967734,12,9.1,0,0.07619769584498792,0,0,0
normal05.mp4,18,9.009,10.01,0.7556857928237387,3.0,0.1784472868759478,0.6531773113876124,3.0,21.93171219946131,278.0061435920887,0.3763262629508972,0.024928756058216,2.999992442135067,-0.3150515060412573,4.247692336019611,0.0549498903472228,180.0,38.13633788240693,3.0,0.3338084162908872,10,8.5,0,0.1240180296837835,0,0,0
normal05.mp4,19,9.51,10.511,0.7533151092858508,2.23606797749979,0.2082034739861951,0.6340736447635568,2.0,24.698178070456937,281.6332031813429,0.3064054250717163,0.0254878140985965,2.9991200163578924,-0.1972561348396622,3.603147860076476,0.0425713465344197,180.0,49.69275085965918,2.0,0.316595728240403,10,8.066666666666666,0,0.1467780533653896,0,0,0
normal05.mp4,20,10.01,11.011,0.7423246154125714,2.23606797749979,0.2066349696432073,0.5898883167544503,2.0,18.027756377319943,295.7101132194336,0.387401819229126,0.0218493286520242,2.115486378968626,-0.2472411286511061,3.09622365224692,-0.0295627261242254,180.0,53.74841980086265,1.4142135623730951,0.3090566819835575,10,6.866666666666666,0,0.21586469283227727,0,0,0
normal05.mp4,21,10.511,11.511,0.676489941930668,3.0,0.1991603993385525,0.5907735980902165,2.0,18.027756377319943,287.87824986724246,0.3896955847740173,0.0209760162979364,2.115486378968626,-0.2963255681003444,2.9014258503092947,-0.0198696266881934,180.0,48.37341980757052,2.0,0.3152602243260528,12,7.366666666666666,0,0.14383238675885054,0,0,0
normal05.mp4,22,11.011,12.012,0.6361949265127887,3.0,0.2761346140341378,0.6133415493887019,2.0,18.68154169226941,271.38997640896554,0.3896955847740173,0.0181506387889385,3.135056646064747,-0.2378523904486872,2.9850174769983653,0.000112717962727,180.0,43.12710035459627,2.0,0.3042900239301114,12,8.033333333333333,0,0.2295712652756669,0,0,0
normal05.mp4,23,11.511,12.513,0.6988288295808818,6.082762530298219,0.2766010439407326,0.6276326047478847,4.0,5.0990195135927845,273.9785552544928,0.6188046932220459,0.0147990146651864,3.135056646064747,-0.2775700376552464,4.731326108311606,-0.0076797373228613,180.0,45.365778814656885,4.0,0.3105577504714836,11,8.633333333333333,0,0.24900848599223213,0,0,0
normal05.mp4,24,12.012,13.013,0.6804485740684457,6.082762530298219,0.2141205990274862,0.6729178397673105,4.0,5.0990195135927845,281.9559531904021,0.6188046932220459,0.014867658726871,3.999306973579962,-0.2135474327670756,5.0704929128618375,0.0159037632391764,180.0,55.395555585730975,4.0,0.3360275165308177,11,9.5,0,0.060401860149342464,0,0,0
normal05.mp4,25,12.513,13.514,0.6024366588874316,4.123105625617661,0.1994344873292855,0.6447087179991099,3.0,28.284271247461906,266.833801373767,0.2961694002151489,0.0135547025129199,4.121581333077351,-0.131853707676347,5.0704929128618375,0.0118829833500234,180.0,54.89877589762684,3.0,0.3135408228873671,10,9.233333333333333,0,0.16206944114510743,0,0,0
normal05.mp4,26,13.013,14.014,0.6059485925171575,4.123105625617661,0.155710138017008,0.6305206877229218,2.0,21.2602916254693,245.17038833663275,0.3374126553535461,0.0139995273202657,4.121581333077351,-0.1630510610881038,2.9738209340731814,-0.0120695240372197,180.0,54.89189879543404,2.0,0.313002428399413,11,9.666666666666666,0,0.05691439839946263,0,0,0
normal05.mp4,27,13.514,14.514,0.5518730114897402,2.0,0.175261160061822,0.6569544996617672,2.0,21.2602916254693,244.2479162752099,0.3374126553535461,0.0151452282443642,2.1548946879927087,-0.1613398246844956,3.4023649328244687,-0.0052604952108096,180.0,54.15000001006182,1.4142135623730951,0.3314519204787392,11,9.833333333333334,0,0.009533552116700629,0,0,0
normal05.mp4,28,14.014,15.015,0.4948941482912465,2.23606797749979,0.1642442502240529,0.6764750580762253,2.0,29.8328677803526,241.1707513571901,0.2739297747611999,0.0163663644343614,2.159411101514678,-0.1651858133010885,3.4023649328244687,0.0048122545518753,180.0,55.50000001341576,2.0,0.3536359811427253,13,10.166666666666666,0,0.013429391776551784,0,0,0
normal05.mp4,29,14.514,15.515,0.5911207765885301,6.0,0.1658512370949398,0.6565211188305438,2.0,25.45584412271571,235.56028200307568,0.3546567559242248,0.0163281075656414,5.990082653076996,-0.2322878610888606,3.233093746699126,0.0192758479240583,180.0,52.61654267519228,2.0,0.3383215875322901,13,10.566666666666666,0,0.041752948697328734,0,0,0
normal05.mp4,30,15.015,16.016,0.6261722253534424,6.0,0.1962502145864888,0.6797936094958579,2.8377223398316205,24.75883680627989,249.76706394877849,0.368170827627182,0.0114889806136488,5.990082653076996,-0.2896184616706199,3.1473696515461995,0.0118371502450464,180.0,41.039442320596,2.8377223398316205,0.3478574429102717,13,9.866666666666667,0,0.04748364883031673,0,0,0
normal05.mp4,31,15.515,16.517,0.6357849845063283,5.0990195135927845,0.2496465349882392,0.7199004773148776,4.0990195135927845,24.75883680627989,260.864174047615,0.368170827627182,0.0095401760190725,2.9395377767799857,-0.2868575924382069,3.380155096214424,-0.0093023423102917,180.0,48.44594042120352,3.0990195135927845,0.3629435036014274,12,8.666666666666666,0,0.09796189322367191,0,0,0
normal05.mp4,32,16.016,17.017,0.6148697796090493,5.0990195135927845,0.2339070326580683,0.6334217906592402,4.0990195135927845,31.144823004794876,251.44887306714332,0.1992365568876266,0.0117268310859799,2.9395377767799857,-0.1936463795519279,3.380155096214424,0.011125499144452,180.0,65.64804076238404,3.0990195135927845,0.3060333680855343,10,8.366666666666667,0,0.2800817602910895,0,0,0
normal05.mp4,33,16.517,17.518,0.6457065131927128,3.1622776601683795,0.1913289210460404,0.5764431140892406,1.7480640977952844,28.319604517012596,246.57515963092555,0.322637677192688,0.0117306923493742,2.1842105028847243,-0.1680029293519134,4.11533356193786,0.0246002843128733,180.0,68.23555771763891,1.4142135623730951,0.2878425552983794,13,9.7,0,0.10889987213406331,0,0,0
normal05.mp4,34,17.017,18.018,0.7176401218339831,4.0,0.2136955476407961,0.5690398802462918,2.585786437626905,28.319604517012596,264.6403279003977,0.322637677192688,0.0147603517398238,2.1842105028847243,-0.3610131174809497,4.11533356193786,0.0069112622069222,180.0,56.17988879655909,1.4142135623730951,0.2851318058248174,13,8.8,0,0.19355963740538873,0,0,0
normal05.mp4,35,17.518,18.518,0.6382093998582922,4.0,0.2542739073104649,0.6093515666648026,3.1622776601683795,38.3275357934736,279.90725370384433,0.29880291223526,0.0157177541404962,1.931981632846828,-0.2886535812902479,4.074729505662162,0.0169664471744794,180.0,51.659665549521904,3.1622776601683795,0.30889230828755,8,6.6,0,0.3357399812565768,0,0,1
normal05.mp4,36,18.018,19.019,0.6506297454564991,3.1622776601683795,0.2566947200579271,0.719580137366321,3.1622776601683795,43.139309220245984,282.75901729991466,0.1427960246801376,0.0101788835600018,1.99991884228524,-0.2657834687730969,4.074729505662162,0.0434890054207753,180.0,44.669479179461376,3.1622776601683795,0.3720377792450758,9,7.0,0,0.12331516043972601,0,0,0
normal05.mp4,37,18.518,19.52,0.7055960011897263,3.0,0.2175255536023206,0.7253893923565208,3.0,24.166091947189145,284.9344769345134,0.3875867426395416,0.0101279281079769,2.9995283655131857,-0.3814286360110713,4.999214562539237,0.0128860732871751,180.0,38.532397267713534,3.0,0.3596689350197184,11,8.133333333333333,0,0.06888715012585257,0,0,0
normal05.mp4,38,19.019,20.02,0.7044057886462495,3.0,0.1862474363033804,0.6737184842942538,2.23606797749979,24.166091947189145,286.7893839872913,0.3875867426395416,0.0117510985583066,2.9995283655131857,-0.3307255106227965,4.999214562539237,-0.0135023636760005,180.0,47.24841979415476,2.0,0.3313143060048469,11,7.9,0,0.047616413608797724,0,0,0
normal05.mp4,39,19.52,20.521,0.7586152260542279,4.0,0.3144600416101834,0.6929500604214363,2.23606797749979,43.17406628984581,272.14130824672174,0.1600727289915084,0.007614511065185,3.990793575461595,-0.2437665719304279,4.106988360980374,-0.0119822186543537,180.0,42.12341979415476,2.0,0.3607202809865647,8,6.5,0,0.22616512709781,0,0,0
normal05.mp4,40,20.02,21.021,0.7209006732838167,4.0,0.3364059417154532,0.7221249038332215,2.0,51.03920062069938,272.9331999340656,0.1163200139999389,0.0029506827704608,3.990793575461595,-0.1679510488917507,2.893318067185134,-0.0030934842453043,180.0,26.3072491470487,2.0,0.3709950517257443,7,5.233333333333333,0,0.24913243806144986,0,0,0
normal05.mp4,41,20.521,21.521,0.6238833945046297,3.1622776601683795,0.269229228968651,0.7386893283506091,2.1622776601683795,28.635642126552707,307.3592505737804,0.3231204450130462,0.0016726907342672,1.997347972104052,-0.2096659263774946,2.4911835204528927,0.0125269245134022,90.0,21.0934948822922,2.0,0.3584582772332841,7,5.533333333333333,0,0.09131467445014918,0,0,0
normal05.mp4,42,21.021,22.022,0.8527770708043416,7.0,0.426152676192591,0.8239853352491155,6.0,28.635642126552707,307.513259960101,0.3231204450130462,0.0031958594918251,2.858978850609958,-0.2279219403963434,6.330305789498851,-0.0045750216702385,180.0,45.91087368032577,2.8768943743823394,0.3882926722924005,7,6.433333333333334,0,0.1385101284147743,0,0,0
normal05.mp4,43,21.521,22.523,0.9285983087903418,7.0,0.3624923978153627,0.8061534486722326,6.0,40.49691346263317,256.1138660325882,0.2065314352512359,0.0060823517851531,2.858978850609958,-0.227919211392349,6.330305789498851,0.0019185604554307,180.0,60.62431190391322,2.8768943743823394,0.3864323292798003,8,6.766666666666667,0,0.14238238192998254,0,0,0
normal05.mp4,44,22.022,23.023,0.7243786056364977,9.055385138137416,0.3327706014132953,0.693997526438826,9.055385138137416,40.49691346263317,219.3535481350168,0.2065314352512359,0.0050680735148489,1.962874831665552,-0.3424943412669699,3.0597972840527348,0.0299975175347996,153.434948822922,41.65107106459534,4.932279512519757,0.3567160188392425,9,6.766666666666667,0,0.14739326142599254,0,0,0
normal05.mp4,45,22.523,23.524,0.7522491550962543,9.055385138137416,0.3744379418670228,0.6778207688540796,9.055385138137416,19.209372712298546,222.093787522035,0.3643759787082672,0.0064460872672498,2.799993793686639,-0.5315491411194719,2.992982521912637,0.0130485960288733,180.0,32.083636252813086,4.932279512519757,0.3339633770347164,9,6.2,0,0.264654113469792,0,0,0
normal05.mp4,46,23.023,24.024,0.8469425652690618,8.06225774829855,0.3380988235462043,0.7396925035961137,8.06225774829855,19.209372712298546,220.14872838445768,0.3643759787082672,0.0112553723156452,8.813297484731777,-0.5526619408476601,9.205527442267396,0.0296419048842708,180.0,47.51866865096866,4.062257748298549,0.36526769125532,10,6.766666666666667,0,0.1907009542957035,0,0,0
normal05.mp4,47,23.524,24.524,0.839137061892493,8.06225774829855,0.2957220537699817,0.704941898403632,8.06225774829855,23.323807579381203,217.5037171260281,0.3422673344612121,0.0112544894218444,8.813297484731777,-0.4409267351983532,9.205527442267396,-0.0014742399841869,180.0,53.44487686226709,4.062257748298549,0.3547261432880519,10,7.6,0,0.19532736964138558,0,0,0
normal05.mp4,48,24.024,25.025,0.8544128604689998,4.242640687119285,0.2793684463748048,0.6178043372833354,4.242640687119285,20.808652046684813,224.56870713233056,0.3852041959762573,0.0114105846732854,3.6163908581190185,-0.3195235632717004,6.205287141923311,-0.0264850312906993,180.0,41.96438638734187,2.23606797749979,0.3018431659292906,10,7.0,0,0.4492244510996497,0,1,1
normal05.mp4,49,24.524,25.526,0.990107333832648,9.0,0.365369471628252,0.6817657694730284,9.0,20.808652046684813,250.19900096785827,0.3852041959762573,0.0091064106673002,9.4905810306185,-0.293029244927416,16.43747852453533,-0.0146737792894947,180.0,39.91858707775236,2.23606797749979,0.317934750332172,8,6.1,0,0.3209898510130202,0,0,1
normal05.mp4,50,25.025,26.026,0.9327873678221285,9.0,0.3549152661618098,0.6821259053944111,9.0,7.211102550927978,273.87849493342253,0.6156906485557556,0.0097102914005517,9.4905810306185,-0.2690177171507212,16.43747852453533,-0.0045481407282408,180.0,42.23728604750293,2.0,0.3231707210670545,9,6.333333333333333,0,0.28545102563202385,0,0,0
normal05.mp4,51,25.526,26.527,0.939605311497278,7.0,0.3281378414060555,0.6470929592348778,4.0,7.211102550927978,266.40367138459953,0.6156906485557556,0.0097961844876408,6.9861485235257135,-0.0830087300937111,4.989924882337789,-0.0197786297833229,180.0,47.646552020366514,3.0,0.3328201678014921,11,7.666666666666667,0,0.19084981896694778,0,0,0
normal05.mp4,52,26.026,27.027,1.038518473173963,7.0,0.3570310709998445,0.7546158416957631,4.0,22.20360331117452,267.21826148484894,0.2964498698711395,0.0040887449868023,6.9861485235257135,-0.0422821212104657,4.989924882337789,-0.034538337949832,180.0,44.6145676184636,3.6848059512196896,0.376147322896151,11,7.7,0,0.10305505678251596,0,0,0
normal05.mp4,53,26.527,27.527,0.9626697674877956,5.0990195135927845,0.3250875245665018,0.7368776775713357,3.6848059512196896,22.20360331117452,287.4136623633168,0.2964498698711395,0.0034826502669602,4.4673079661253325,-0.1759875712587262,5.008323757261394,0.0397283304299053,180.0,38.5966401850372,3.6848059512196896,0.3933281986311138,10,6.233333333333333,0,0.18498913701765765,0,0,0
normal05.mp4,54,27.027,28.028,0.9325485847419746,3.1622776601683795,0.2806736066974571,0.7218436111798926,3.1622776601683795,26.0768096208106,287.22830301739407,0.3426060974597931,0.0087703438475728,3.9997859760837855,-0.2641803266854141,5.008323757261394,0.0622168277825518,180.0,52.43745392641828,3.1622776601683795,0.3793117060685763,12,6.6,0,0.09729296202538369,0,0,0
normal05.mp4,55,27.527,28.529,0.8346992967644944,4.123105625617661,0.3476370775844339,0.7216888515177947,3.1231056256176606,10.04987562112089,248.44471067463783,0.6456954479217529,0.0117112761363387,4.470759702851325,-0.0372758261658424,4.933942949524393,0.0726417989060869,180.0,56.84150386715596,2.0,0.3633846281263846,12,8.266666666666667,0,0.09141945848637908,0,0,0
normal05.mp4,56,28.028,29.029,0.7626621263435768,4.123105625617661,0.3062698766912175,0.6462813724838828,3.1231056256176606,9.219544457292889,216.0937774788585,0.6712559461593628,0.0133342193439602,4.470759702851325,0.0704887055785843,4.933942949524393,0.0218671911338984,180.0,44.76098304661732,2.0,0.3201559290947027,12,9.166666666666666,0,0.22871542196556788,0,0,0
normal05.mp4,57,28.529,29.53,0.7441158615375137,3.1622776601683795,0.2209155467194679,0.6706006060790773,2.23606797749979,9.219544457292889,213.70025594594836,0.6712559461593628,0.0143019100651144,2.9890306266805737,0.0478949410530237,3.227621577977125,-0.0454230446674461,180.0,48.88518566473356,2.0,0.3254695702749427,12,9.433333333333334,0,0.09588681693616447,0,0,0
normal05.mp4,58,29.029,30.03,0.7288241530155312,3.0,0.1927176505461292,0.6775768645018848,2.23606797749979,29.068883707497267,209.6041690517212,0.3039165735244751,0.0119800381362438,2.9999553315515755,0.1155232029567091,3.514803107945468,-0.0068976029888835,180.0,58.11012968318269,2.0,0.3404004139740558,12,9.866666666666667,0,0.04170372753860478,0,0,0
normal05.mp4,59,29.53,30.53,0.7988363092990808,3.0,0.1683146166439467,0.6323857955241172,2.23606797749979,31.76476034853718,207.82349982677556,0.1997939646244049,0.0075908289290964,3.050383773212957,0.0563866513202922,3.514803107945468,0.0223351220241745,180.0,57.03534227104384,2.0,0.3099512940338105,12,9.7,0,0.053285319940354174,0,0,0
normal05.mp4,60,30.03,31.031,0.7991898191217006,3.0,0.1904298707684085,0.6420716093582521,2.0,29.61418578992169,215.7825002364445,0.1997939646244049,0.005850120447576,4.1115858348566405,-0.0035291608229126,4.279520084290482,0.008033055199929,180.0,53.21144703037592,2.0,0.3191919797951482,12,9.466666666666669,0,0.07611682436429959,0,0,0
normal05.mp4,61,30.53,31.532,0.7720386495778654,4.0,0.1980410532457214,0.6535790047708369,2.8284271247461903,11.6619037896906,208.96812168132112,0.6186796426773071,0.0121934991329908,4.1115858348566405,-0.1037136849884555,4.279520084290482,0.0148614230021938,180.0,51.53985905092011,2.8284271247461903,0.3303512562211763,12,9.666666666666666,0,0.08799270459853661,0,0,0
normal05.mp4,62,31.031,32.032,0.7912704125366318,4.0,0.1716195169469695,0.618557956052248,2.8284271247461903,11.6619037896906,202.50424423487848,0.6186796426773071,0.0182327684015035,3.927048221285403,-0.087230448132927,3.968543778048897,0.0452133265147522,180.0,53.88550177096904,2.8284271247461903,0.3176653576203204,12,9.466666666666669,0,0.10077756145582409,0,0,0
normal05.mp4,63,31.532,32.532,0.7354578012312238,3.1622776601683795,0.2144964715872011,0.6442796273039909,2.23606797749979,12.041594578792296,209.1162963354057,0.5290250778198242,0.0172918699681758,3.012636304419232,-0.1100489000868351,3.968543778048897,0.0261175251767989,180.0,52.00204439786457,2.23606797749979,0.3233637918168469,11,8.6,0,0.1706055353362709,0,0,0
normal05.mp4,64,32.032,33.033,0.799465569678309,3.1622776601683795,0.2632208499356964,0.6670352861919563,2.1622776601683795,31.016124838541646,193.3921391217937,0.2610984742641449,0.0178644023835659,2.534810528857946,-0.3160743299384864,3.0501390131096286,-0.0251590522717934,180.0,45.518959105838576,2.1622776601683795,0.3276703968598655,10,7.733333333333333,0,0.3015276636789064,0,0,1
